lokasi,pelabuhan,nama_reviewer,rating,tanggal,review,has_photo,is_localguide,scraped_at
Batam Centre,Batam Centre Point International Ferry Terminal,Muhammad Rasikh UMRA,4,Diedit 6 bulan lalu,"Pelabuhan batam centre rame juga, cukup bagus pelayanannya, para sopir taksi ramah tidak main paksa, atau kalau anda ingin lebih murah, bisa keluar dulu dari area pelabuhan dan pesan taxi dari aplikasi tapi tentunya lebih banyak tenaga, apalagi kl bawaan banyak",True,True,2026-10-05 23:51:47
Batam Centre,Batam Centre Point International Ferry Terminal,Irfan Satria,5,3 tahun lalu,"Sangat nyaman, bisa masuk dari pintu masuk dan dari Mega Mall yang ada diseberang melalui jembatan layang, jadwal kapal sangat banyak dan banyak pilihan kapal, ke Malaysia dan Singapura bisa dari sini. Datanglah minimal 1jam sebelum jadwal keberangkatan, karena antrian pada imigrasi cukup panjang.",True,True,2026-10-05 23:51:47
Batam Centre,Batam Centre Point International Ferry Terminal,Putri,3,5 bulan lalu,"Musholla dan toilet berdekatan yg perempuan oke, tapi kenapa toilet nya bau Pesing, tisu tak ada, jadi tak nyaman saat sholat dan ambil wudhu bau Pesing toilet tercium, Saya juga pernah terpijak paku di mushola, sangat tidak diperhatikan bagian tempat solat di wanita, kebersihan dan rapi itu penting,",False,True,2026-10-05 23:51:47
Batam Centre,Batam Centre Point International Ferry Terminal,Ardy Muhammad Putra,5,2 bulan lalu,Pelabuhan batam Center bisa langsung ke Singapura dan malaysia,True,True,2026-10-05 23:51:47
Batam Centre,Batam Centre Point International Ferry Terminal,Andy Hasten,4,setahun lalu,"Perlu banyak perbaikan dan renovasi dari segi infrastructure dan juga orang pelayan masyarakatnya. Bisa coba lebih baik lagi untuk mengarahkan orang orang yang datang, tidak perlu teriak teriak. Untuk yang baru pertama kali kemari juga akan bingung karena papan petunjuk harus kemana dan ngapain minim banget. Akses taxi online kudu jalan ke depan bawah jembatang penyebrangan. Taxi dalam ke harbour bay minta 80K, taxi online 35K. Yah mending jalan dikit 30 meter hemat 45K lumayan buat ngopi kopi o buat be5.",True,True,2026-10-05 23:51:47
Batam Centre,Batam Centre Point International Ferry Terminal,Dorry Muhamad,4,Diedit setahun lalu,"Toilet perlu perawatan serta janitor harusnya stanby di toilet. Bersih, tertata, ruang tunggu luas. Ada kantin dekat parkiran recommended untuk makan low budget, sediakan dokumen sebelum cek-in biar g ribet pas di imigrasi dan bisa mengurangi antrian terlalu lama. Tks",True,True,2026-10-05 23:51:47
Batam Centre,Batam Centre Point International Ferry Terminal,Firahma96,5,setahun lalu,Batam Center Point international Ferry Lantai dasar jual tiket lantai 2 tempat makan lantai 3 toilet dan bersebelahan dengan musholla/surau🕌 paket lengkap dahh,True,True,2026-10-05 23:51:47
Batam Centre,Batam Centre Point International Ferry Terminal,Darto Kasim,5,8 tahun lalu,"Ruangan nyaman, informasi lengkap dan jelas, penyeberangan murah ke singapura dengan cepat. Imigrasi ramah. Penukaran uang tersedia disini. Wisata pakai guide lebih aman. Mau belanja tinggal nyebrang dikit.",True,True,2026-10-05 23:51:47
Batam Centre,Batam Centre Point International Ferry Terminal,Ricky Rahmat,5,9 tahun lalu,"Dermaga penyebrangan ke singapore, ramai'y spt airport, bs nyebrang dr & ke batam mall center, tiket yg d beli hrs d tukar tiket ferry, ada pemeriksaan pasport, ada fasilitas bagasi..lbh murah beli tiket d mall drpd beli tiket lnsg d dermaga..nyebrang dr batam ke singapore sekitar 1 jam..",True,True,2026-10-05 23:51:47
Batam Centre,Batam Centre Point International Ferry Terminal,a- song,1,6 bulan lalu,"Jembatan penyebrangan tutup satu jam lebih cepat, saya menyerang dari Mega Mall ke Pelabuhan, sudah sampai ujung jembatan pukul 21.03, dari satpam yg menjaga pintu jembatan di pelabuhan menyampaikan sudah mengunci dengan alasan sudah melaksanakan dokumentasi. Padahal tulisan di pintu, pintu penyebrangan jembatan tutup pukul 22.00. Sudah terjadi dua kali, tutup tidak sesuai aturan, apakah memang SOP nya demikian? Tutup satu jam sebelum tulisan yg disampaikan.",False,True,2026-10-05 23:51:47
Batam Centre,Batam Centre Point International Ferry Terminal,Nabila Excellent Life,5,4 tahun lalu,"Suka3 banget deh pokoknya 😆😆😆 Tempatnya bagus, terus staff ramah2, abis itu bersih2, Dan bisa book untuk ferry ke sg ya... Aku saranin sih buat beli yg pp ya... Karena Lebih murah & open tiket baliknya😆",True,True,2026-10-05 23:51:47
Batam Centre,Batam Centre Point International Ferry Terminal,MUFTI SHADLI,1,6 bulan lalu,"ferry terminal ini apa tidak ada pengelolanya, kita bayar lho utk ada di terminal ferry ini, tp trolly aja gk bisa kita dapatkan, pelayanan cukup buruk, jika keluhan ini tidak ada yg tanggapi, kemana kita masyarakat mau sampaikan keluhannya",False,False,2026-10-05 23:51:47
Batam Centre,Batam Centre Point International Ferry Terminal,Edi Widianto,5,4 tahun lalu,Pelabuhan internasional yang melayani rute ke Singapura. Tempatnya cukup nyaman dan bersih. Selalu ramai setiap hari dengan berbagai penumpang yang ke Singapura dan sebaliknya.,True,True,2026-10-05 23:51:47
Batam Centre,Batam Centre Point International Ferry Terminal,Eveline Soeyandani,5,Diedit 3 tahun lalu,Nyebrang ke singapore naik kapal. Harus dtg 1 jam sebelum. Kalau telat bs reschedule kena charge 30rb/org.,True,True,2026-10-05 23:51:47
Batam Centre,Batam Centre Point International Ferry Terminal,Arir,5,7 tahun lalu,"Pelabuhan yang menyenangkan untuk melakukan perjalanan, Suasana yang sangat nyaman dan dingin, terdapat banyak food court walau sedikit mahal, pelayanan cepat dan ramah. Terdapat banyak pilihan kapal sehingga tidaj perlu mengantri lama.",True,True,2026-10-05 23:51:47
Batam Centre,Batam Centre Point International Ferry Terminal,Nurman Riyadi Rahman,5,3 tahun lalu,"Klo mau menyebrang ke negara tetangga, berangkatnya dari sini. Pelabuhannya bisa dibilang bagus, bersih dan nyaman.",True,True,2026-10-05 23:51:47
Batam Centre,Batam Centre Point International Ferry Terminal,isanthonio tendrawan,1,9 bulan lalu,Porternya judes main marahi customer aja langsung seakan akan troly nya itu milik mereka dan kalau mau di pakai customer customernya harus bayar dulu ke porternya. Tolong kepada pengelolah untuk bisa berikan teguran kepada Porter yg seperti itu karna tindakan Porter itu merusak citra pelabuhan thx.,False,False,2026-10-05 23:51:47
Batam Centre,Batam Centre Point International Ferry Terminal,clara meirista,3,6 bulan lalu,Tempatnya agak berantakan dan toiletnya juga agak kotor tapi untuk ruang tuggu menuju kapal ferry lumayan nyaman dan bersih,False,True,2026-10-05 23:51:47
Batam Centre,Batam Centre Point International Ferry Terminal,Hendra Grab,5,3 bulan lalu,"Tempat jual barang bekas. Tp jangan salah,,walaupun bekas ada jg yg mahal",False,False,2026-10-05 23:51:47
Batam Centre,Batam Centre Point International Ferry Terminal,Layla Omar,1,setahun lalu,"Jadi trolly disini bukan untuk fasilitas umum ya, tapi untuk porter, mean harus bayar?! Gak ngerti sih kenapa agak aneh?!",True,True,2026-10-05 23:51:47
Harbour Bay,Pelabuhan Harbour Bay,Bang Barat (Bang gar),5,7 bulan lalu,"Dengan fasilitas transportasi Taxi bluebrid, terasa nyaman dan aman sampai ke tujuan,bisa membawa kita jalan ke seluruh kota batam Drivernya ramah dan berasa seperti teman lama",False,True,2026-10-05 23:51:47
Harbour Bay,Pelabuhan Harbour Bay,Mila Maulinda,5,setahun lalu,"Tempatnya bersih dan sangat nyaman. Penataan rapi, tidak terkesan sumpek. Ada beberapa toko oleh2 dan souvenir. Mengantri pembelian tiket tidak terlalu lama, ruang tunggu tidak penuh jadi bisa duduk. Sejauh ini mungkin pelabuhan Indo ternyaman untuk menunggu.",True,True,2026-10-05 23:51:47
Harbour Bay,Pelabuhan Harbour Bay,Khalfian Rhapsody,5,Diedit setahun lalu,Pelabuhan ini melayani pelayaran rute domestik dan internasional. Kondisi pelabuhan terbilang baik dan nyaman. Lingkungan sekitar juga terlihat hidup.,True,True,2026-10-05 23:51:47
Harbour Bay,Pelabuhan Harbour Bay,Trisnanto Yuono,4,3 tahun lalu,"Pertama kali ke Singapura lewat jalur laut. Cukup nyaman pelabuhannya, banyak spot makan, cafe, lengkap pilihannya. Layanan penyebrangan bagus lah..T.O.P",True,True,2026-10-05 23:51:47
Harbour Bay,Pelabuhan Harbour Bay,Siska Febriani,1,11 bulan lalu,"Orang imigrasi nya gak jelas, di jawab dengan data dan fakta malah gak nyambung. Di bentak² kayak orang gak permah keluar negri. Beda jauh sama pelayanan imigrasi batam center dan sekupang. Mending gak usah lewat harbour bay lah, pertama dan terakhir",False,True,2026-10-05 23:51:47
Harbour Bay,Pelabuhan Harbour Bay,محمد Gugun Ramadhan,5,2 bulan lalu,macam singapore,True,True,2026-10-05 23:51:47
Harbour Bay,Pelabuhan Harbour Bay,Ferdi Syahputra,1,setahun lalu,"susah&ribet nya mau nyebrang lewat hamburbay batam kemalaysia buat jalan"" ke tempat kk kandung aj gak bisa petugas imigrasi nya minta sogoan sejuta 500 k baru bisa di bantu masuk dan di cap, itu pun disuruh beli tiket PP 595 k klok gak masuk tiket di balikkan jadi setengah harga kan merugikan",False,False,2026-10-05 23:51:47
Harbour Bay,Pelabuhan Harbour Bay,Arie Safrizal,5,5 tahun lalu,"Bagus, bersih, fasilitas lengkap, petugas pemeriksaan dokumen juga ramah2",True,True,2026-10-05 23:51:47
Harbour Bay,Pelabuhan Harbour Bay,Wahyu Nugraha,5,3 bulan lalu,"Bagus, bersih & fasilitasnya seperti bandara",False,True,2026-10-05 23:51:47
Harbour Bay,Pelabuhan Harbour Bay,chee long Soo,3,setahun lalu,Org imigrasinya gak jelas dah di kasi barcorde dibuat hari ini malah suruh buat ulang gak jelas keluarga saya aja bisa,False,False,2026-10-05 23:51:47
Harbour Bay,Pelabuhan Harbour Bay,Samuel Harmoko,5,6 tahun lalu,Kapal ferry yg besar dan murah nyebrang ke bintan,True,True,2026-10-05 23:51:47
Harbour Bay,Pelabuhan Harbour Bay,Widi Ramdani,5,8 bulan lalu,"kapal nya nyaman, cuma AC nya terlalu dingin 🥶",False,True,2026-10-05 23:51:47
Harbour Bay,Pelabuhan Harbour Bay,Siti Nurshahidah,2,setahun lalu,"staf imigrasi yg cuek,saya berdiri lama krna scan muka tidak berhasil”,tetapi staf sama sekali tk ada yg menawarkan bantuan.",False,False,2026-10-05 23:51:47
Harbour Bay,Pelabuhan Harbour Bay,samsuniar arifin,5,2 tahun lalu,Pelabuhan Kapal Ferry di Batam yg Elite dan Nyaman,True,True,2026-10-05 23:51:47
Harbour Bay,Pelabuhan Harbour Bay,Miralza Diza,5,7 tahun lalu,Lebih enak karena imigrasi nya sepi....😀,True,True,2026-10-05 23:51:47
Harbour Bay,Pelabuhan Harbour Bay,Rico Saputra,1,setahun lalu,Kalo mau ke luar negeri mending lewat batam centre aja soal nya di pelabuhan sini ribet di persulit karna mereka mau uang,False,False,2026-10-05 23:51:47
Harbour Bay,Pelabuhan Harbour Bay,Indrika Roxaane,1,setahun lalu,"EH kacau kali harbour bay terminal ferry abis marah² kenapa naik grab , maxim , gojek tak boleh masuk lobby ? Lah tak bisa jemput Ada apa memang ?",False,False,2026-10-05 23:51:47
Harbour Bay,Pelabuhan Harbour Bay,JM Official,5,5 tahun lalu,"Waktu itu saya kesini bulan Februari 2019, HBF Terminal ini sangat nyaman sekali, toiletnya bagus rajin, kemudian pelayanannya sangat bagus dan cekatan sekali.",False,True,2026-10-05 23:51:47
Harbour Bay,Pelabuhan Harbour Bay,Rani Syahfitri,3,setahun lalu,Hallo min apa ada no wa yg bisa di hubungi untuk menanyakan harga tiket batam-dumai?,False,False,2026-10-05 23:51:47
Harbour Bay,Pelabuhan Harbour Bay,Little RF Family,5,6 tahun lalu,"Pelabuhan ferry untuk tujuan ke singapura & malaysia, lebih nyaman berangkat dr sini dari pada dr pelabuhan ... lebih teratur dan lenggang",False,True,2026-10-05 23:51:47
Harbour Bay,Harbour Bay Ferry,Agung Juliansyah,5,6 tahun lalu,"Salah satu pelabuhan ferry internasional terbaik saat ini di Batam, Port ini sudah menerapkan Auto Gate seperti di Singapura. Tempatnya dekat dengan banyak hotel di area Harbour bay. Didalamnya juga ada tempat nongkrong Starbucks dan Morning bakery",True,True,2026-10-05 23:51:47
Harbour Bay,Harbour Bay Ferry,Zayn Al Basil,5,3 tahun lalu,"Pelabuhan yang mantap sih, gak bosan juga, karna ada Starbuck, Indomaret,circle K, KFC box, ala Kampoeng",True,True,2026-10-05 23:51:47
Harbour Bay,Harbour Bay Ferry,imawan dedy,5,4 tahun lalu,"Harbour bay ferry merupakan terminal penyeberangan transportasi ferry yang berada di pusat kota Batam. Didaerah ini juga banyak pusat perbelanjaan kota Batam maupun banyak tempat kuliner dan tempat nongkrong. Tempat cukup nyaman dan bersih, pelayanan baik.",True,True,2026-10-05 23:51:47
Harbour Bay,Harbour Bay Ferry,Siti Zulyanti,1,6 bulan lalu,"Pelayanannya kurang. Tgl 9 Maret 2025, pukul 12.30 tujuan tanjung balai Karimun. Saya ada minta tolong kepada petugas penjaga X-ray untuk angkut koper saya, karena keadaan saya lagi hamil dan koper saya berat. Tapi responnya malah menyuruh saya tarok hp. Maksudnya gimana? Kan tas kecil pun udah masuk ke X-Ray, baju atau celana saya ga ada koceknya. Misal saya tarok hp pun, apakah saya bisa angkut koper saya yg lumayan berat itu untuk di X-RAY?. Padahal petugasnya laki2. Apa karena saya hamil muda dan perut saya ga keliatan besar? Atau karena petugas, bukan tukang angkut? Karena masnya, saya lemes dan mau jatuh saat masuk kapal. Untuk crew kapalnya baik mau bantuin saya. Buat masnya semoga nanti istrimu diperlakukan hal yang serupa di transportasi umum yaa 😊",False,False,2026-10-05 23:51:47
Harbour Bay,Harbour Bay Ferry,Mohd Andy,5,Diedit 11 bulan lalu,Punya pemandangan yg indah dan warung makanan yg banyak. Pelabuhan yg diminati ramai.,True,True,2026-10-05 23:51:47
Harbour Bay,Harbour Bay Ferry,cynthia wulandari,5,3 tahun lalu,"Pertama kalinya saya ke pelabuhan ini, saat akan berpergian ke kabupaten Karimun Kepri, pelabuhan nya bagus bersih",True,True,2026-10-05 23:51:47
Harbour Bay,Harbour Bay Ferry,Nando Lim,3,4 bulan lalu,"Toilet nya bau, semoga di mengerti lagi",False,False,2026-10-05 23:51:47
Harbour Bay,Harbour Bay Ferry,Selvino Rumanti,5,3 tahun lalu,Pelabuhan sekaligus tempat belanja oleh2 Ngga perlu keliling mall u cari souvenir Pelayanan di harbour bay ferry juga ramah,True,False,2026-10-05 23:51:47
Harbour Bay,Harbour Bay Ferry,Andi M. Fadjr,5,setahun lalu,Tempatnya bagus. sayang sampah masih banyak dilaut,True,True,2026-10-05 23:51:47
Harbour Bay,Harbour Bay Ferry,marthameliasb,5,3 bulan lalu,Pelabuhan fave se-Batam.,True,True,2026-10-05 23:51:47
Harbour Bay,Harbour Bay Ferry,hidayatullah muhammad,5,5 tahun lalu,Kawasan Bisnis dan Pelabuhan yg terlengkap di Batam. + Bersih + Arsitektur Modern + Fasilitas Lengkap + Aman dan Nyaman + Pemandangan laut yg bagus + Setiap sudut bisa menjadi spot foto yg menarik dan indah.,True,True,2026-10-05 23:51:47
Harbour Bay,Harbour Bay Ferry,Dedy Irawan,1,setahun lalu,"T Peraturan imigrasi ribet, padahal sudah beli tiket pulang pergi melalui pelabuhan harborbay. Karena ktp medan.tidak dizin kan masuk, dan anehnya lagi , karena baru pertama kali lewat harbourbay,",False,False,2026-10-05 23:51:47
Harbour Bay,Harbour Bay Ferry,Agus Widjiantoro,5,8 tahun lalu,"pelabuhan internasional di batam,tepatnya dekat pelabuhan batu ampar.",True,True,2026-10-05 23:51:47
Harbour Bay,Harbour Bay Ferry,Heri Purwanto,2,7 tahun lalu,"Di dalam lumayan rapi dan adem di luar ga lebih baik dari terminal bis, semrawut, penunjuk arah kurang. 🙈",True,True,2026-10-05 23:51:47
Harbour Bay,Harbour Bay Ferry,hengki prastiyo,5,6 tahun lalu,"Kebetulan pas nyari pelabuhan paling dekat dari bandara ,langsung mampir di Harbourbay..",True,True,2026-10-05 23:51:47
Harbour Bay,Harbour Bay Ferry,evn aja,3,2 tahun lalu,"Terminal & pelayanan ok. Sayangnya penjaga box parkir songong² gaya nya, tak ada ramah² nya walau disapa dan saya bilang terima kasih malah buang muka. Itu perlu diperbaiki karena ini pelabuhan internasional, walau mungkin turis² tidak berinteraksi langsung dgn penjaga box parkir.",False,True,2026-10-05 23:51:47
Harbour Bay,Harbour Bay Ferry,SUNARTO PEK,3,setahun lalu,Tempat tunggu penumpang sebelum masuk ke ruang keberangkatan terlalu sedikit. Kasihan yg bw org tua dan anak2 gak dpt duduk.,False,False,2026-10-05 23:51:47
Harbour Bay,Harbour Bay Ferry,Ayah Kareem EL ULIMY,5,4 tahun lalu,"Ada beberapa ferry di tempat ini, sebelum covid digunakan untuk menyeberang ke SG.",True,True,2026-10-05 23:51:47
Harbour Bay,Harbour Bay Ferry,giovanni basanta,3,9 tahun lalu,Tempat pelabuhan ferry ke tanjung balai dan singapore serta malaysis.byk makanan di sini,True,True,2026-10-05 23:51:47
Harbour Bay,Harbour Bay Ferry,Suryanti Agustina,5,4 tahun lalu,"Ramai lagi harbour bay ferry setelah covid reda, alhamdulillah",True,True,2026-10-05 23:51:47
Harbour Bay,Harbour Bay Ferry,Redho Ferdian Akmal,5,6 tahun lalu,Bisa lihat sunset di sini,True,True,2026-10-05 23:51:47
Harbour Bay,Harbour Bay Ferry,samsuniar arifin,5,2 tahun lalu,Pelabuhan yg mewah,True,True,2026-10-05 23:51:47
Harbour Bay,Harbour Bay Ferry,Sir'an efendi Efendi,5,3 tahun lalu,"Senang berada di tempat ini, tempatnya sangat bagus",True,False,2026-10-05 23:51:47
Harbour Bay,Harbour Bay Ferry,dedi sumardi,5,9 tahun lalu,"PELABUHAN HARBOUR BAYJika berkunjung ke Pulau Batam, tidak afdol rasanya jika tidak berkunjung ke Pelabuhan Harbour Bay. Pelabuhan Harbour Bay tidaklah seperti pelabuhanbiasanya terlebih pemandangannya di malam hari. Dari sini, kita bisa melihat lampu – lampu negara Singapura yang begitu indah. Wajar saja, banyak restoran bertarif mahal berjejer di wilayah pelabuhan Harbour Bay. Kini Pelabuhan Harbour Bay telah menjadi salah satu destinasi wisata di pulau Batam.",False,True,2026-10-05 23:51:47
Harbour Bay,Harbour Bay Ferry,Syafril Midiyato,3,2 tahun lalu,Jadwal kapal yang teratur sedikit saran mungkin kursi di ruang tunggu harus selalu di periksa kebersihannya.,False,True,2026-10-05 23:51:47
Harbour Bay,Harbour Bay Ferry,Pehankayyah Abdul,1,7 tahun lalu,"- Tempat check in sharus nya pas masuk area terminal area keberangkatan , bukan di lantai 2 supaya penumpang tidak bolak balik - Sebaiknya VIP lounges bisa digunakan at least 1 jam 30 menit sebelum keberangkatan , bukan 30 menit sebelum nya baru d perbolehkan masuk ke VIP room nya - Pengalaman saya sejauh ini di berbagai tempat yg pernah saya kunjungi, selalu di sedia in tempat buat Tas Tangan biar tidak kotor ato rusak saat melewati x-ray checking, sayang nya di sini tidak tersedia - luggage buat VIP class, seharus nya priority , jd gk harus nggu sampe smua penumpang lain habis baru laguge VIP class muncul, dan ini selalu terjadi di sini - Ini smua pendapat saya saja, kurang lebih mohon maaf",False,False,2026-10-05 23:51:47
Harbour Bay,Harbour Bay Ferry,Hanif Kharisma Trashasri Amiseno (HAKHATA),5,5 tahun lalu,Salam satu pelabuhan ferry yg nyaman dan bersih. Sudah serasa berada diluar negeri karena lingkungan nyan tertata dan bersih juga nyaman sekali. Di sore hari tempat ini bisa dijadikan tempat bersantai dan juga berolahraga untuk masyarakat sekitar. Bisa jadi tempat pilihan juga menghabiskanian waktu. Dan dapat melihat pemandangan Singapura dari sini. Tempat yg indah dan nyaman sekali,True,True,2026-10-05 23:51:47
Harbour Bay,Harbour Bay Ferry,Master Clear,4,5 tahun lalu,tertata rapi.. tetapi sangat sepi,True,False,2026-10-05 23:51:47
Harbour Bay,Harbour Bay Ferry,Sagi Gurl,4,3 tahun lalu,"Tongkrongan baru favorite nya anak Batam. Saya lebih suka kesini saat malam, Karna Kalau sore masih panas cuacanya",False,True,2026-10-05 23:51:47
Harbour Bay,Harbour Bay Ferry,Noval Reza,3,5 tahun lalu,"Salah satu pelabuhan penyeberangan utama di Batam selain pelabuhan Sekupang. Sebelum pandemi, pelabuhan ini sangat ramai baik oleh penumpang maupu oleh aktivitas bisnis dan wisata. Namun setelah pandemi, layanan pelabuhan ini sepeti kolaps, servis tetap berjalan namun sangat minim. Penerangan kurang, eskalator mati (mgkin utk penghematan) and the worse is toilet, jorok, rusak & tidak ada petugas yg membersihkan (yes, the 3 star is for the toilet). Oh ya..selama pandemi jadwal penyeberangan ke TBK menjadi 3 kali sehari yaitu jam 09.00, 15.00 dan 17.00.",False,True,2026-10-05 23:51:47
Harbour Bay,Harbour Bay,Thecute Wild,5,6 tahun lalu,"Semenjak lokasi ini dibangun ulang, rasanya tempat ini menjadi sangat menakjubkan seperti di luar negeri. Cantik Kalilah... mungkin ini adalah salah satu pelabuhan terbaik dan ternyaman yang pernah saya kunjungi. Pelabuhan ini mengusung konsep one stop living. Selain pelabuhan, tersedia juga Mall, Hotel, Apartemen/Kondominium, Convention Center, Green Park dan Shopping Arcade. Dulu di perairan pelabuhan ini sangat banyak sampah, airnya bau anyir. Sekarang sudah tidak ada lagi sampah dan bau anyir. Top pisan buat perubahan pelabuhan ini. Patut dicontoh pelabuhan yang lain.",True,True,2026-10-05 23:51:47
Harbour Bay,Harbour Bay,Khalfian Rhapsody,4,Diedit setahun lalu,"Terminal Ferry dengan ambient modern dan menakjubkan. Sebagai tambahan, makan malam di Batam yang seru di malam hari ya di seputaran sini.",True,True,2026-10-05 23:51:47
Harbour Bay,Harbour Bay,EM PKY,4,8 tahun lalu,"semacam all in one ini.. ada hotel, pelabuhan penyeberangan, pusat perbelanjaan dan foodcourt.. mungkin ada beberapa objek lagi, tapi saya ngga sempat telusuri semua.",True,True,2026-10-05 23:51:47
Harbour Bay,Harbour Bay,Mori Dalpari (Wong Khincay),5,setahun lalu,"Berada di tempat ini serasa seakan akan berada di negara lain. Bersih, rindang, tertib",True,True,2026-10-05 23:51:47
Harbour Bay,Harbour Bay,Anies Heriyanto,3,9 tahun lalu,"Cukup bagus, luas dan bersih.... kedatangan dan keberangkatan ferry juga tepat waktu.",True,True,2026-10-05 23:51:47
Harbour Bay,Harbour Bay,Guna Adiluhur,3,9 tahun lalu,Port nya bagus hanya masih dalam renovasi. Tingkatkan terus pelayanan nya dengan menyediakan signage atau tanda tanda arah yang lebih jelas dan lebih terpampang. Untuk wisatawan yang baru kali pertama masih sangan membingungkan dan masih mengandalkan bertanya ketimbang melihat signage.,True,True,2026-10-05 23:51:47
Harbour Bay,Harbour Bay,Hafizh rizky,5,setahun lalu,"Terminal Harbour Bay Batam ini terminal rasa mall! Begitu masuk, langsung disambut suasana yang modern dan bersih, bikin lupa kalau ini sebenarnya terminal. Saya sampai ngerasa kayak di bandara kecil, cuma nggak ada pramugari yang siap kasih instruksi. Fasilitasnya lengkap! Mulai dari tempat duduk yang nyaman buat nunggu ferry, sampai kios-kios jajanan yang bikin perut lupa diet. Pilihan makanannya mulai dari yang ringan kayak roti sampai nasi berat—cocok buat isi tenaga sebelum perjalanan. Proses imigrasinya juga lancar. Petugasnya ramah, bikin saya nggak deg-degan meskipun paspor udah dibolak-balik kayak buku harian. Kapalnya datang dan berangkat tepat waktu, jadi nggak ada drama ‘kapan nih naiknya?’. Pemandangan di sekitar terminal juga asik. Sambil nunggu ferry, bisa liat kapal-kapal lalu lalang, rasanya kayak adegan di film perjalanan epik (padahal cuma mau nyebrang ke Singapura atau Malaysia 😆). Kesimpulan: Terminal Harbour Bay ini terminal yang nyaman, modern, dan bikin pengalaman nyebrang jadi menyenangkan. Cocok buat traveler santai atau pekerja yang sering bolak-balik Batam. Kalau ada rating untuk terminal, ini udah kayak dapet bintang Michelin versi pelabuhan!",False,True,2026-10-05 23:51:47
Harbour Bay,Harbour Bay,Sri Yatno,5,9 tahun lalu,mau ke singapore lewat terminal ini sangat nyaman..,True,True,2026-10-05 23:51:47
Harbour Bay,Harbour Bay,lontongstroong,4,setahun lalu,"Terminal dermaga penumpang yang sepintas mirip mall kecil dengan banyak pertokoan dan tempat makan (termasuk pujasera), walau pintu masuknya sangat sederhana. Saking sederhananya, mungkin beberapa orang tidak menyangka jika itu adalah akses masuknya. Tidak menyangka juga jika sisi setelah imigrasi memiliki lounge kecil sederhana untuk pengguna kelas bisnis, dengan layanan makanan kecil dan minuman yang sudah termasuk di dalam tiket layaknya fasilitas serupa di bandara-bandara.",False,True,2026-10-05 23:51:47
Harbour Bay,Harbour Bay,Rian Komara,5,5 tahun lalu,Tempat yang bagus buat jogging atau sekedar jalan-jalan. Pemandangannya bagus. Cuman sayangnya rada bau got.,True,True,2026-10-05 23:51:47
Harbour Bay,Harbour Bay,Keramik Metriza,4,9 tahun lalu,Pintu keluar menuju johor bahru malaysia. Pelabuhannya kecil dan sangat padat di hari libur.,True,True,2026-10-05 23:51:47
Harbour Bay,Harbour Bay,Grace Hann,1,Diedit 2 tahun lalu,Sekelas international ferry terminal yang banyak tourist masih ada taxi pangkalan yang mencegat pendatang untuk naik grab👎 memalukan Batam👎 taxi pangkalan merajalela karna management mengizinkan!!.,False,True,2026-10-05 23:51:47
Harbour Bay,Harbour Bay,Chris Ray,4,10 tahun lalu,"Salah satu sea food favorite orang Batam ada disini. Nice food,fresh, romantic place. Fery terminal to Singapore.",True,True,2026-10-05 23:51:47
Harbour Bay,Harbour Bay,Noor Aufa Shiddiq,5,setahun lalu,ferry terminal nyambung dgn mall,True,True,2026-10-05 23:51:47
Harbour Bay,Harbour Bay,Ak Ray Jas,5,7 tahun lalu,"Lokasinya sangat indah, serasa di luar negeri. Apalagi saat weekend, banyak orang Indonesia yang ke Singapura dan kebalikannya banyak orang Singapura yang ke Indonesia. Lebih keren lagi dibangun harbour bay front mall yang memanjakan pengunjung.",False,True,2026-10-05 23:51:47
Harbour Bay,Harbour Bay,Jkho Emerald,3,4 tahun lalu,Kaget. Itu kesan ketika nyampe harbour bay. Seperti berada dikuburan beton. Yg terlihat hanya 1 atau 2 warung kopi serta 1 minimarket. Yg lain tutup semua. Mau sarapan pun gak ada yg jual. Katanya dampak dr kasus covid-19,False,True,2026-10-05 23:51:47
Harbour Bay,Harbour Bay,yosudarso yosudarso,2,9 tahun lalu,"Taxi didalamnya pelabuhan sangat tidak menyenangkan kami sempat tegang dan di ikuti para sopir & koodinatornya sampai ke jalan depan swiss bell hotel, mereka sudah seperti preman yg meneror kami, kami di haruskan naik taxi mereka yg mahal tidak menggunakan argo dan tidak boleh naik taxi online",False,True,2026-10-05 23:51:47
Harbour Bay,Harbour Bay,Darman Hasibuan,4,6 tahun lalu,"Sangat nyaman Bagi travelers disini banyak tmpat pilihan untuk santai santai sejenak sebelum cek in kapal peri, toko oleh oleh dan souvenir dapat kita jumpai di sini.",False,True,2026-10-05 23:51:47
Harbour Bay,Harbour Bay,Muhammad Iqbal,5,Diedit 8 tahun lalu,"Fasilitas pelabuhan yang sangat lengkap ada mall,hotel,spa,bioskop,food court, apartement, restoran,pelabuhan internasional dan nasional. Sangat baik.",False,True,2026-10-05 23:51:47
Harbour Bay,Harbour Bay,Cahyana Wiyana,1,9 tahun lalu,Perlu kursi utk duduk sambil nenunggu pintu pelabuhan ke Karimun dibuka. Kasihan orang tua dan anak2 duduk lesehan di lantai,False,False,2026-10-05 23:51:47
Harbour Bay,Harbour Bay,Syafrianto,4,Diedit 3 tahun lalu,"Pelabuhannya bersih dan nyaman, posisinya pun ditengah-tengah kota, kalau malam bagus untuk tempat santai",False,True,2026-10-05 23:51:47
Harbour Bay,Harbour Bay,Yulia Nur Fatimah,5,6 tahun lalu,Pelabuhan yg bersih. Tempat pembelian tiket di lt 2 kadang bikin repot kl saat mepet waktu berangkat kapal 😅,False,True,2026-10-05 23:51:47
Harbour Bay,Harbour Bay,"Gw Bini.Jeno,Jaemin,Chenle",5,3 tahun lalu,"Saya suka banget sama tempat habour bay karena kalo malam saya suka kesana sama mama saya apa lg indah tempatnya, pasti kalian juga suka sama tempatnya yg indah dan suasana yg bagus",False,False,2026-10-05 23:51:47
Harbour Bay,Harbour Bay,YANI SHolehWAKbatu YANI,5,5 tahun lalu,Bersih ASRI aman NYAMAN manTAB👍💯,True,True,2026-10-05 23:51:47
Harbour Bay,Harbour Bay,Anto Rahman,5,2 tahun lalu,Siap2 menyebrang ke Johor,True,True,2026-10-05 23:51:47
Harbour Bay,Harbour Bay,Cut Iskandar Mahmud,3,5 tahun lalu,Salah satu pelabuhan internasional Ferry rute Singapura dan Malaysia Johor Bahru. Nyaman dan lengkap.,False,True,2026-10-05 23:51:47
Harbour Bay,Harbour Bay,Lisin Bintang,5,7 tahun lalu,"Pelabuhan terdekat dr nagoya, jalur ke tg. Balai Karimun dan singapura. Komplit dgn mall dan food court",False,True,2026-10-05 23:51:47
Harbour Bay,Harbour Bay,agus lengoleta,5,4 tahun lalu,Mantap pelabuhan modern menyatu dengan komplek niaga dan perbelanjaan.....,False,True,2026-10-05 23:51:47
Harbour Bay,Harbour Bay,Arif Darmawan,5,9 tahun lalu,Makin Mantap Harbourbay,True,True,2026-10-05 23:51:47
Harbour Bay,Harbour Bay,ENDANG LESTARI 888,4,7 tahun lalu,"Pelayanan nya bagus, kualitas kapalnya bagus, kebersihan kapal pun lumayan bersih...",False,True,2026-10-05 23:51:47
Telaga Punggur,Telaga Harbour Crossing Punggur,Daniel Tantama,2,Diedit 5 tahun lalu,"Bangunan terlihat masih baru, tapi tidak terawat. Semua sistem masih manual, dari pembelian, menunggu kapal, sirkulasi menuju kapal hingga naik kapal. Dan sedihny kapal ferry pun tidak terawat. Poor..",True,True,2026-10-05 23:51:47
Telaga Punggur,Telaga Harbour Crossing Punggur,suhiman rasmad,3,9 tahun lalu,"Bagus, Kapal roro membantu sebagai jembatan transportasi laut dan darat",True,True,2026-10-05 23:51:47
Telaga Punggur,Telaga Harbour Crossing Punggur,Rian Paisal,4,4 tahun lalu,Truck/ Lori sebaiknya antri lebih pagi biar cepat masuk ke kapal dan ada pemeriksaan oleh Bea Cukai,True,True,2026-10-05 23:51:47
Telaga Punggur,Telaga Harbour Crossing Punggur,Dhonny 89,1,2 tahun lalu,"Kota maju,,Pelabuhan dan kapalnya ketinggalan jaman",True,True,2026-10-05 23:51:47
Telaga Punggur,Telaga Harbour Crossing Punggur,Herland Sembiring,4,9 tahun lalu,Penyeberangan sangat padat di hari libur. Sebaiknya pertimbangkan mau bawa mobil pribadi atau rental mobil ditempat tujuan.,True,True,2026-10-05 23:51:47
Telaga Punggur,Telaga Harbour Crossing Punggur,maju jaya,2,2 tahun lalu,"Kapal roro sering telat sandar, proses sandar bisa 30menit, menyebabkan penumpukan penumpang, tolong ditingkatkan pelayanan dan efisiensi waktu tunggu dan tambah armada..",False,False,2026-10-05 23:51:47
Telaga Punggur,Telaga Harbour Crossing Punggur,MingArt Space,4,10 tahun lalu,"Masyarakat KEPRI mengenalnya dengan pelabuhan Roro, dari pelabuhan ini anda bisa menyebarang ke Dabo dan Tanjung Uban dengan membawa sepeda motor atau mobil, khusus ke Tanjung Uban ASDP disini melayani 4 kali berlayar PP Batam - uban .",False,True,2026-10-05 23:51:47
Telaga Punggur,Telaga Harbour Crossing Punggur,Fotocopy Pasarbaru Tanjung Uban - Public Service,4,10 tahun lalu,"Terus ditingkatkan, Sarana transportasi laut yang membantu dan membangun perekonomian masyarakat Kepulauan Riau.",False,True,2026-10-05 23:51:47
Telaga Punggur,Telaga Harbour Crossing Punggur,Surya Mandala,3,8 tahun lalu,Bagus sekali kapal nya seperti (kmp lome kmp muria dan kmpbarau dll.😇😇😇😠,True,True,2026-10-05 23:51:47
Telaga Punggur,Telaga Harbour Crossing Punggur,ARIL IVC,5,9 tahun lalu,Kalau membawa mobil atau motor ke pekan baru bisa lewat pelabuhan ini ya... Tolong info nya?,False,False,2026-10-05 23:51:47
Telaga Punggur,Telaga Harbour Crossing Punggur,KANTOR POS BATAM,3,9 tahun lalu,"Antrian panjang kalo pas liburan, khusus yang fasilitas Ftz susah keluar dari Batam",False,True,2026-10-05 23:51:47
Telaga Punggur,Telaga Harbour Crossing Punggur,Emde,4,3 tahun lalu,"Pelabuhan penyeberangan orang dan kendaraan dari dan ke tanjung uban, bintan",False,True,2026-10-05 23:51:47
Telaga Punggur,Telaga Harbour Crossing Punggur,wedi Aprizal,4,9 tahun lalu,"Naik Roro bisa bawa kendaraan. Pinang,Dabo, Buton(Pekanbaru)",False,True,2026-10-05 23:51:47
Telaga Punggur,Telaga Harbour Crossing Punggur,zuhri adam,3,Diedit 8 tahun lalu,Semoga usulan Kepala Pelabuhan Ro-Ro Tg. Uban bisa terwujud....Amin,True,False,2026-10-05 23:51:47
Telaga Punggur,Telaga Harbour Crossing Punggur,IKA SKMA KEPRI,3,10 tahun lalu,Perbaikan merubah kenyamanan. Di tunggu selesai perbaikannya,False,True,2026-10-05 23:51:47
Telaga Punggur,Telaga Harbour Crossing Punggur,Channel YouTube LAMBE MUNCIS,3,8 tahun lalu,"Pelabuhan penyeberangan Batam Tanjung Pinang,Batam Tanjung uban.",False,True,2026-10-05 23:51:47
Telaga Punggur,Telaga Harbour Crossing Punggur,Sattridha Novfykar,4,10 tahun lalu,19 maret 2016 ocean ferry,False,True,2026-10-05 23:51:47
Telaga Punggur,Telaga Harbour Crossing Punggur,sesardy 07,5,10 tahun lalu,Sangat nyaman,False,True,2026-10-05 23:51:47
Telaga Punggur,Telaga Harbour Crossing Punggur,Danu Asrovy,1,11 tahun lalu,Tujuan,False,False,2026-10-05 23:51:47
Telaga Punggur,Telaga Harbour Crossing Punggur,Mhd. Munirul Ikhwan,3,8 tahun lalu,Lebih ditingkatkan,False,True,2026-10-05 23:51:47
Telaga Punggur,Telaga Harbour Crossing Punggur,Ariyo,4,10 tahun lalu,Berpotensi memainkan peran penting dalam pembangunan regional Kepulauan Riau. Diterjemahkan oleh Google ・ Lihat versi asli (Inggris),False,True,2026-10-05 23:51:47
Telaga Punggur,Telaga Harbour Crossing Punggur,Febi Masfar,4,9 tahun lalu,Bagus Diterjemahkan oleh Google ・ Lihat versi asli (Inggris),True,True,2026-10-05 23:51:47
Telaga Punggur,Telaga Harbour Crossing Punggur,yudi ahmad,4,10 tahun lalu,Ke Tanjung Pinang lewat sini Diterjemahkan oleh Google ・ Lihat versi asli (Melayu),False,True,2026-10-05 23:51:47
Telaga Punggur,Telaga Harbour Crossing Punggur,ipan sianturi,4,10 tahun lalu,Seperti aza Diterjemahkan oleh Google ・ Lihat versi asli (Inggris),False,True,2026-10-05 23:51:47
Telaga Punggur,Telaga Harbour Crossing Punggur,sabran riau,5,setahun lalu,,False,True,2026-10-05 23:51:47
Telaga Punggur,Telaga Harbour Crossing Punggur,Ggaja_ “master” Ma,5,2 tahun lalu,,False,True,2026-10-05 23:51:47
Telaga Punggur,Telaga Harbour Crossing Punggur,Yulizar ST,4,2 tahun lalu,,False,False,2026-10-05 23:51:47
Telaga Punggur,Telaga Harbour Crossing Punggur,アルディ Ardi Irwan,5,2 tahun lalu,,False,True,2026-10-05 23:51:47
Telaga Punggur,Telaga Harbour Crossing Punggur,Farih Dz,5,3 tahun lalu,,False,True,2026-10-05 23:51:47
Telaga Punggur,Telaga Harbour Crossing Punggur,astri yeni,5,4 tahun lalu,,False,True,2026-10-05 23:51:47
Telaga Punggur,Telaga Punggur,Gina Atikah,5,2 tahun lalu,"Pelabuhan ini menawarkan fasilitas yang lengkap, kapal yang nyaman, dan kemudahan bagi penumpang yang ingin membawa kendaraan. Saya sangat merekomendasikan pelabuhan ini bagi siapa saja yang ingin bepergian ke Tanjung Uban dari Batam. Tips: Sebaiknya datang ke pelabuhan lebih awal, terutama saat peak season, untuk menghindari antrian panjang. Pastikan Anda memiliki tiket yang valid sebelum memasuki kapal. Membawa kartu brizzi yang sudah terisi saldo Ikuti instruksi dari petugas pelabuhan untuk memastikan kelancaran proses bongkar muat kendaraan.",True,True,2026-10-05 23:51:47
Telaga Punggur,Telaga Punggur,Susmi Varisca,4,3 tahun lalu,"Catatan untuk naik roro (membawa kendaraan) dari punggur-ke tanjung uban melalui pelabuhan telaga punggur : 1. Untuk membeli tiket, siapkan uang dalam bentuk e-money (kartu brizzi). Bila tidak punya kartu, dapat membeli di konter yang telah disediakan (didekat gerbang masuk kendaraaan) 2. Di konter tersebut, anda juga bisa mengisi ulang kartu tersebut. 3. Selalu ingat/ memfoto plat kendaraan (karena dibutuhkan untuk syarat pembelian tiket) 4. Selalu membawa surat penting kendaraan (sim, stnk, dll) 5. Tidak membuang boarding pass (setelah pembelian tiket anda akan dapat 2/3 kertas dan salah satunya ialah kertas boarding pass yang merupakan syarat masuk kapal) 6. Setelah membeli tiket anda dapat mengantri/ membawa kendaraan ke tempat tunggu. 7. Berhati-hati saat masuk kapal.",True,True,2026-10-05 23:51:47
Telaga Punggur,Telaga Punggur,lexa diakilan,2,setahun lalu,Ribet...pesan online di informasi..pas mo bayar via mbanking gangguan mulu..dsuru bayar cash ke koperasi..🤦‍♀️..ftz ad yg lewat ad yg gk..ytta z lha yahh...🙈🙊,False,False,2026-10-05 23:51:47
Telaga Punggur,Telaga Punggur,Setio S,4,Diedit 2 tahun lalu,Pelabuhan Roro Telaga Punggur,True,True,2026-10-05 23:51:47
Telaga Punggur,Telaga Punggur,Alfa Rizzy,5,3 tahun lalu,"Izin nanya. Saya 2 Minggu lalu bawa motor dari tg.balai Jadi rencana nya. Saya mau kirim motor kesana. Cuman motor saja. Berapa biaya nya. Dan apa saja persyaratan nya. Soal nya dari sana kemaren. Gak ada persyaratan apa""",False,True,2026-10-05 23:51:47
Telaga Punggur,Telaga Punggur,Kennedy Nama Game,1,3 tahun lalu,"Petugas tiket yg perempuan bentak2, petugas di dalam yg cowok rese, suruh buka masker padahal org lg diem aja. Bener2 sdm di sini kurang",False,True,2026-10-05 23:51:47
Telaga Punggur,Telaga Punggur,Widi Nugroho,5,10 bulan lalu,Sampai jumpa kapan kapan,True,True,2026-10-05 23:51:47
Telaga Punggur,Telaga Punggur,Syam Udin,5,setahun lalu,Kota batam emang mantap 👌👍🤗,False,True,2026-10-05 23:51:47
Telaga Punggur,Telaga Punggur,Sugi Anto,4,3 tahun lalu,Lebih baik dari sebelumnya,False,True,2026-10-05 23:51:47
Telaga Punggur,Telaga Punggur,W M,5,3 tahun lalu,"Staf di konter sangat membantu.. jangan salah terminal. ini hanya untuk feri roro. pergi ke Pulau Bintan, tetapi pelabuhan Tanjung Uban. bukan Tanjung Pinang. Terminal feri ke Tanjung Pinang berada tepat di dekat pelabuhan ini. bisa duduk dan minum teh sambil menonton roro. Diterjemahkan oleh Google ・ Lihat versi asli (Inggris)",True,True,2026-10-05 23:51:47
Telaga Punggur,PT ASDP Indonesia Ferry (Persero),family batam,1,6 bulan lalu,"Yth. Pihak Terkait, Saya ingin melaporkan dan memohon tindak lanjut terkait dugaan praktik percaloan tiket penyeberangan Roro Telaga Punggur Batam yang merugikan masyarakat. Adapun kronologi singkat kejadian: Pada tanggal 13 Maret 2026, saya hendak melakukan penyeberangan Roro melalui Pelabuhan Telaga Punggur Batam dengan tujuan Mengkapan Riau. Saat akan melakukan pembelian tiket, saya mengalami kesulitan karena tiket dinyatakan habis pada sistem/aplikasi resmi ferizy.com. Namun demikian, di area sekitar Pelabuhan ASDP Telaga Punggur Batam terdapat oknum yang menawarkan tiket dengan harga yang jauh lebih tinggi dari tarif resmi. Oknum tersebut mengaku dapat membantu mempercepat proses pemesanan tiket keberangkatan dengan syarat membayar sejumlah uang tambahan di luar ketentuan resmi. Praktik ini dilakukan secara terbuka dan terkesan sudah menjadi kebiasaan. Akibat kejadian tersebut, saya merasa dirugikan baik secara materiil maupun waktu, serta menilai praktik ini mencederai ASDP",False,False,2026-10-05 23:51:47
Telaga Punggur,PT ASDP Indonesia Ferry (Persero),Beng Beng,1,8 bulan lalu,"Saya mengalami kendala saat memesan tiket kapal RORO rute Tanjung Uban–Batam melalui website. Kuota penumpang awalnya masih tersedia, namun tiba-tiba menjadi 0 saat proses pemesanan tanpa penjelasan. Call center yang dihubungi juga belum memberikan solusi. Mohon sistem dan layanan informasi dapat ditingkatkan agar lebih jelas dan tidak membingungkan penumpang🙏",False,False,2026-10-05 23:51:47
Telaga Punggur,PT ASDP Indonesia Ferry (Persero),susela lalu,1,setahun lalu,"Sering terjadi antrian panjang, penumpang yang bawa kendaraan bisa berjam jam nunggu roro yg dari uban, apalagi saat musim liburan atau hari raya ditambah kmp barau yg tak beroperasi sesuai jadwal pada pukul alasan perbaikan, buat asdp punggur agar dapat menambah unit roro jika saat musim liburan atau weekend..",True,False,2026-10-05 23:51:47
Telaga Punggur,PT ASDP Indonesia Ferry (Persero),Feeebriyan Waan Leo Thantri,5,setahun lalu,Pelayanan Roro ASDP PUNGGUR. MANTAP Bagus. Bagi Saya Tiket Online Sangat Membantu Bisa Mengatur Keberangkatan Dan Tidak Buruh-buruh. Petugas SATPAM Ramah-Ramah,True,False,2026-10-05 23:51:47
Telaga Punggur,PT ASDP Indonesia Ferry (Persero),Akun Ganda,1,7 bulan lalu,"Ada abk / pegawai ASDP merokok di tempat penumpang, sudah ditegur malah di abaikan",True,False,2026-10-05 23:51:47
Telaga Punggur,PT ASDP Indonesia Ferry (Persero),Arif Harmen,5,6 bulan lalu,"mohon untuk petugas ASDP yang bernama Muhammad Khaidir.. tolong saya tunggu ititkat baik nya, blm jga di transfer uang saya",False,False,2026-10-05 23:51:47
Telaga Punggur,PT ASDP Indonesia Ferry (Persero),Nadia tullah,1,setahun lalu,"Petugasnya buruk banget sih parah, ga ada attitude dan tata krama sama sekali. saya lagi di kejar waktu buat pulang waktu itu terjadi kendala pas mau pembayaran karna beli tiket online, awalnya saya minta tolong untuk di belikan tiket oleh petugas sana atau di bantu untuk pembayaran karna waktu itu pembayaran pake e-banking bca lagi ga bisa, tentunya kalau di bantu saya pasti ganti uangnya, saya bisa bayar lebih kalo bersedia di bantu, tapi nihil boro² di bantu saya tanya sama petugasnya masih ada penyeberangan terakhir nggak, kata mas nya udah ga ada itu yang terakhir jam 5 (di jawab dengan muka malas tanpa menatap dan fokus ke hp nya) atleast kalo ga bisa atau ga mau bantu tapi ada sedikit respek dan itu attitude, masa orang yang di pekerjakan ga berettitude, saya udah hampir putus asa waktu itu hampir bermalam di batam, saya liat di jadwal pun emang yang last jam 5, tapi waktu itu syukurnya ada bapak² lewat kayaknya penduduk sana bilang ke saya kalo masih ada roro terakhir jam 6, akhirnya saya coba cek lagi dan ternyata memang bener ada jam 6 akhirnya saya beli tiket yang jam 6, meskipun ujung²nya terjadi kendala juga pas di tengah perjalanan kapal nyangkut di karang. Kejadiannya 16 Mei 2025",False,False,2026-10-05 23:51:47
Telaga Punggur,PT ASDP Indonesia Ferry (Persero),Rian SP,1,setahun lalu,"Selalu molor dr jadwal klo berangkat, beli tiket yg 17.40 dr Batam ke Tanjung Uban br masuk kapal jam 18.30 dan br berangkat jam 21.00 tanpa ada penjelasan kenapa bs nunggu selama t buat berangkat pdhl semua selesai proses loading. Tolong lakukan perbaikan pelayanannya, apa gunanya pejualan tiket melalui aplikasi kalau berangat g sesuai jam yg dipilih malah jd peluang bagi oknum calo tiket.",False,False,2026-10-05 23:51:47
Telaga Punggur,PT ASDP Indonesia Ferry (Persero),Hariz Sinatrya,4,9 tahun lalu,"Harganya reasonable untuk penyebrangan Bintan - Batam. Fasilitas umum seperti toilet, kantin dan mushallanya masih bisa ditingkatkan. Selain itu, kebersihan dan maintenance kapal juga masih perlu ditingkatkan.",True,True,2026-10-05 23:51:47
Telaga Punggur,PT ASDP Indonesia Ferry (Persero),Ryansyaah Putra,1,setahun lalu,"29-12-24 jual tiket jam 7 pagi tapi diluar kapasitas kapal, sampai jam 08.24, masih belum berangkat tiket yang jam 7 pagi Saran jual tiket sesuai kapasitas kapal jadi tidak membuat penumpang yang lain menunggu, waktu itu sangat penting pak",False,False,2026-10-05 23:51:47
Telaga Punggur,PT ASDP Indonesia Ferry (Persero),eko sasmito hadi,3,3 tahun lalu,"Areal terminal tunggu masih kurang luas, harus disesuaikan pertumbuhan pergerakan manusia dan barang antar pulau",True,True,2026-10-05 23:51:47
Telaga Punggur,PT ASDP Indonesia Ferry (Persero),Fajri Jikrilah,1,10 bulan lalu,"Kapal bobrok, delay, delay, gangguan, muter-muter di laut hampir sejam, tidak ada perjelasan lanjut terkait masalah tsb, tidak ada kompensasi, buang-buang waktu penumpang",False,False,2026-10-05 23:51:47
Telaga Punggur,PT ASDP Indonesia Ferry (Persero),angga prayudi,1,setahun lalu,"Tolong diperbaiki armada & pelayanan KMP. CITRA MANDALA ABADI.. dari telaga punggur tujuan meng kapan, Buton.. Kapal kotor, mo ke toilet antri sampai 30 menit.. Perjalanan sangat lama memakan waktu 22 jam..",False,False,2026-10-05 23:51:47
Telaga Punggur,PT ASDP Indonesia Ferry (Persero),Anggraini KZ,1,setahun lalu,"buat tiket online jam 13.45 tapi actual nya ga sesuai, nanya ke security malah dijawab jangan samakan jam ditiket dan dilapang, gunanya ada pilihan jam waktu pembelian tiket apa kira kira kalau ujung ujungnya masih harus nunggu berjam jam",False,False,2026-10-05 23:51:47
Telaga Punggur,PT ASDP Indonesia Ferry (Persero),Alexa Romy,1,setahun lalu,"Sistem tiketing online masih mengganjal di lubuk hati saya, sangat tidak efisien diterapkan. Yang awalnya tidak dikenakan biaya admin skrg online malah dikenakan 2ribu+, dan saya tidak yakin semua orang terutama orang2 yg sudah lanjut usia mampu mengakses link, mendaftar, dll. Oh ya, biaya admin untuk pembayaran tiket secara cash mahal, kenapa? Secara kalian koperasi ASDP yang sudah punya kerjasama dengan Ferizy. Atas dasar apa biaya admin lebih mahal bila membayar di koperasi ASDP daripada membayar lewat e-money/m-banking? Apa karena mempekerjakan orang jadi harus bayar lebih. Terus kenapa lokasi pelayanan informasi, scan kode QR tiket, dan koperasi berjauhan? Kalian nyuruh kami untuk bolak-balik gitu?",False,False,2026-10-05 23:51:47
Telaga Punggur,PT ASDP Indonesia Ferry (Persero),Stefani Palupiningsih,1,setahun lalu,"Maaf,saya komplen dengan tata cara ataupun aplikasi anda karna kami sudah berhari2 terkatung2 tidak mendapatkan kuota keberangkatan dari Punggur ke uban ataupun sebaliknya,padahal kami buka saat jam keberangkatan muncul diaplikasi tapi kuota NOL,sebelumnya dicek tidak ada muncul jam keberangkatan Mohon diperbaiki,kami udah rugi waktu n dana",True,False,2026-10-05 23:51:47
Telaga Punggur,PT ASDP Indonesia Ferry (Persero),Dedi Saputra,1,setahun lalu,"Pelayanan nya buruk masak iya di dahulukan mobil pribadi dan itu memotong antrian di saat liburan, sedangkan mobil angkutan yg bawa barang pangan harus tinggal yg harusnya tiap hari jalan bukan di saat liburan",False,False,2026-10-05 23:51:47
Telaga Punggur,PT ASDP Indonesia Ferry (Persero),PAN BOY,1,2 tahun lalu,"pelayanan amburadul, sering ketinggalan kapal karena petugas loket sangat lamban. kapal roro lamban bahkan sampai 2 jam perjalanan, kalau nggak terlalu penting mending naik Speedboat ke tj uban dan sewa mobil aja disana, sarana dan prasarana jelek. bisa bisanya ada yang ngamen di kapal selama 1 jam full nyanyi dengan sound system seadanya, pengen di kapal itu istirahat bukan dengarin suara yang ngggk enak + sound system ny aduhh",False,False,2026-10-05 23:51:47
Telaga Punggur,PT ASDP Indonesia Ferry (Persero),Yunus Nech,1,setahun lalu,"Amburadul, naikkan penumpang over kapasitas.. Udah kayak naikkan hewan aja.. Perjalanan jauh penumpang gak dapat tempat.. Kalau memang gak layak untuk angkut penumpang, gak usah naikkan penumpang, masa ga bisa hitung berapa jumlah tempat dudukanya, klo udah penuh gak usah naikkan lagi.. pemerintah harusnya tindak tegas kalau gak layak bawa penumpang gak usah ijinkan bawa penumpang..",False,False,2026-10-05 23:51:47
Telaga Punggur,PT ASDP Indonesia Ferry (Persero),alvaro beno,1,setahun lalu,"Kapal Citra Mandala Abadi rute Batam - Tj Buton jgn di operasikan lagi, kapal kotor, toilet kotor, kualitas air jelek, kru tidak ramah, AC Mati, telat nya ngaret banget, banyak kecoa",False,False,2026-10-05 23:51:47
Telaga Punggur,PT ASDP Indonesia Ferry (Persero),Christine Farrah Nayoan,3,2 tahun lalu,Isi ulang kartu roro dibatam adanya di dalam kantin dalam ruang tunggu yang sangat sempit dan cuma 1 staff yg melayani dengan jumlah penumpang yg luar biasa padat pada saat liburan.. tolong di perhatikan perkembangan nya untuk kenyamanan dan kemudahan penumpang.... Terima kasih,False,False,2026-10-05 23:51:47
Telaga Punggur,PT ASDP Indonesia Ferry (Persero),Aja Ardy,3,4 tahun lalu,"Minta tolong yg ngamen diatas kapal perhatikan hak hak penumpang. Suara sound terlalu keras, mending lagunya enak. Tak semua orang suka musik. Mulai dari berangkat sampai hampir tiba saya tak bisa nelpon. Bising sekali. Please kalau mau ngamen, volume yg wajar dan jgn terlalu lama. Saya naik roro pertama hari ini 30 Juni 2022 dari Telaga Punggur ke Tanjung Uban. Sangat tak nyaman.",False,True,2026-10-05 23:51:47
Telaga Punggur,PT ASDP Indonesia Ferry (Persero),Rayhansyah Aulia Putra,1,setahun lalu,"Pelayanan jelek, udah tau rame penumpang tambah dermaga loading sama armada kapal lah bos! Ga punya urat malu ya? Perusahaan plat merah loh.",False,False,2026-10-05 23:51:47
Telaga Punggur,PT ASDP Indonesia Ferry (Persero),Asset Management Unit,1,setahun lalu,"Petugas maupun management pihak ASDP ga jelas, bisa-bisanya pergi tidak sesuai jadwal pembelian tiket",False,False,2026-10-05 23:51:47
Telaga Punggur,PT ASDP Indonesia Ferry (Persero),Okay Pratama,1,4 tahun lalu,"Tidak komitmen dan tidak bisa dipegang janjinya,dengan alasan tidak cukup uang pihak ASDP Punggur tidak mau membayar sewa TUG BOAT yang digunakan untuk menarik / pendampingan Kapal roro yang kandas di selat riau beberapa minggu lalu",False,False,2026-10-05 23:51:47
Telaga Punggur,PT ASDP Indonesia Ferry (Persero),PPRS Wilayah Sekupang,2,3 tahun lalu,Tolong Diperhatikan Untuk Tempat istirahat Supir yang membawa kenderaan untuk menyeberang. Karena kalau supir tidak ada tempat untuk istirahat itu berbahaya untuk keselamatannya saat akan mengemudi di perjalanan jauh.,False,False,2026-10-05 23:51:47
Telaga Punggur,PT ASDP Indonesia Ferry (Persero),Yovi Ardian,2,2 tahun lalu,"Pelabuhan Roro Telaga Punggur.. Sangat tidak memuaskan untuk kita para pengguna dlm layanan yg ada... Ketika kita mau cari informasi...no kontak yg ada di hubungi tidak ada yg angkat... Media sosial yg ada semuanya slow respon.. Dan update info di medianya yg pernah sya jumpai agak telat.. Sudah pesan tiket di hari yg di pilih ternyata jadwalnya kita ketahui berubah... Jadi tidak dapat naik kapal yg diinginkan.. Namun bisa di bantu untuk pindah hari/jadwal.. Untuk pembeliat tiket di loket kita hanya di tanyai nama setelah cek tiket yg terdaftar nama kita ada ejaan Yg salah.. Kita sebutkan nama 2 kata yg di buat 1 kata.. Usia juga di tebak2 saja sama petugas loketnya.. Kita konsumen berharap layanan yg ada di tingkatkan...sehingga membuat konsumen menjadi aman, nyaman dan tentang Semoga juga tiketnya di jual secara online",False,True,2026-10-05 23:51:47
Telaga Punggur,PT ASDP Indonesia Ferry (Persero),Padli Alwi,1,setahun lalu,Di teiket suruh chekin jm 5.30 smpe pelabuhan tidak da petugas jam 8 pagi. Paan itu.,False,False,2026-10-05 23:51:47
Telaga Punggur,PT ASDP Indonesia Ferry (Persero),Rita Anok,5,3 tahun lalu,Alhamdulillah nyaman ..cuma bnyk penumpang yg merokok ..seharusnya kesadaran sendiri utk merokok di dack paling atas yg tidak ada penumpang nya ..,False,False,2026-10-05 23:51:47
Telaga Punggur,PT ASDP Indonesia Ferry (Persero),Epan Ori,1,2 tahun lalu,"Pelayanan sampah dari penjaga loket, minim info yg di berikan ketika kita bertanya, pelayan tapi lagak udah kayak raja,",False,False,2026-10-05 23:51:47
Telaga Punggur,Pelabuhan Terminal Ferry Punggur,TUNJUK TITIK,5,setahun lalu,"Salah satu Pelabuhan Ferry antar pulau di pulau Batam, dengan rute Lagoi, Lobam, Tanjung pinang dan beberapa pulau . Pelabuhan penumpang yang cukup Ramai, Bagus, bersih Fasilitas lengkap dan tentunya viewnya yang Cantik dan Modern. 👍👍👍",True,True,2026-10-05 23:51:47
Telaga Punggur,Pelabuhan Terminal Ferry Punggur,Tanjung Uban,1,7 bulan lalu,"Pelayanan porter gak bagus.takut x gak d bayar gara"" cuma koper 1 biji.kondisi saya sakit waktu itu",False,False,2026-10-05 23:51:47
Telaga Punggur,Pelabuhan Terminal Ferry Punggur,Sabar Addin,5,3 tahun lalu,Cantik view dari Resto Morning Bakery 🥯,True,True,2026-10-05 23:51:47
Telaga Punggur,Pelabuhan Terminal Ferry Punggur,Mr. TourGuide,1,Diedit setahun lalu,"Apa ini,, kenapa dinegara sendiri belum merdeka dalam hal memesan taksi online dikawasan pelabuhan daerah punggur ini, Saya sebagai pengguna jasa transportasi online sangat dirugikan oleh Oknum dan taksi pelabuhan ikut mengintimidasi dan melarang saya memesan taksi online dan disuruh keluar dari kawasan pelabuhan untuk memesan taksi online, Ini tidak dibenarkan lagi, Saya Selaku warga Negara menuntut pihak yang berwajib untuk meluruskan perihal ini. demi kepastian Hukum tunjukkan kepada kami warga bahwa memang ada undang2 yg melarang kami memakai jasa transportasi online di kawasan pelabuhan domestik. karena yang saya tau,, Menambah atau membuat undang undang tidak sah diatas undang2 yg Sah dimata HUKUM termasuk pelanggaran pidana dan bisa dipidanakan.",False,True,2026-10-05 23:51:47
Telaga Punggur,Pelabuhan Terminal Ferry Punggur,Galang Radi,1,7 bulan lalu,Pelayanan kurang memuasakan,False,True,2026-10-05 23:51:47
Telaga Punggur,Pelabuhan Terminal Ferry Punggur,citra ayu,5,3 tahun lalu,"pelabuhan nya cukup bagus, banyak tempat jualan makanan di dalamnya",False,True,2026-10-05 23:51:47
Telaga Punggur,Pelabuhan Terminal Ferry Punggur,Alfin Risky,5,2 tahun lalu,Salah satu tempat memorial(bagi saya) yang pernah ada,False,True,2026-10-05 23:51:47
Telaga Punggur,Pelabuhan Terminal Ferry Punggur,supriyanto supriyanto,5,setahun lalu,Nyaman pelabuhannya,False,True,2026-10-05 23:51:47
Telaga Punggur,Pelabuhan Terminal Ferry Punggur,Wahyudi Wahyu,4,8 tahun lalu,Suasana baru tapi masih perlu perapian lagi,False,True,2026-10-05 23:51:47
Telaga Punggur,Pelabuhan Terminal Ferry Punggur,Rahmat cahyadi,3,Diedit setahun lalu,Kalau masuk bayar,False,True,2026-10-05 23:51:47
Telaga Punggur,Pelabuhan Terminal Ferry Punggur,fani_ tbr,5,2 tahun lalu,Punggur nyaman,True,True,2026-10-05 23:51:47
Telaga Punggur,Pelabuhan Terminal Ferry Punggur,Ai Aja,4,6 tahun lalu,Lumayan bagus,False,True,2026-10-05 23:51:47
Telaga Punggur,Pelabuhan Terminal Ferry Punggur,Yudhi Wiratama,4,2 tahun lalu,standart internasional,False,True,2026-10-05 23:51:47
Telaga Punggur,Pelabuhan Terminal Ferry Punggur,nika ardila,5,3 tahun lalu,mantaps,False,False,2026-10-05 23:51:47
Telaga Punggur,Pelabuhan Terminal Ferry Punggur,Ridwan setia putra,5,setahun lalu,Terima kasih ya bang🙏🙏🙏🙏Terima kasih ya ce🙏🙏🙏🙏🙏🙏,False,True,2026-10-05 23:51:47
Telaga Punggur,Pelabuhan Terminal Ferry Punggur,agus str,5,3 tahun lalu,sagat akurat,False,True,2026-10-05 23:51:47
Telaga Punggur,Pelabuhan Terminal Ferry Punggur,JH B,5,11 bulan lalu,"Ini adalah terminal feri tempat warga Korea singgah untuk pergi ke Pulau Binh Tan (Thin Chung U Van). Setelah masuk, tata letaknya sederhana, jadi membeli tiket tidak sulit. Kapal beroperasi setiap 30 menit, tetapi harap menuju area keberangkatan lebih awal karena pemeriksaan bagasi membutuhkan waktu. (Terkadang kapal berangkat lebih awal... Saya sendiri pernah mengalaminya, haha.) Diterjemahkan oleh Google ・ Lihat versi asli (Korea)",True,True,2026-10-05 23:51:47
Telaga Punggur,Pelabuhan Terminal Ferry Punggur,Nurhabieb Adiputra,4,5 bulan lalu,Ruang sholat Mushala di lantai dasar. Secara keseluruhan bersih dan rapi. Infrastruktur perlu dimodernisasi. Diterjemahkan oleh Google ・ Lihat versi asli (Inggris),False,True,2026-10-05 23:51:47
Telaga Punggur,Pelabuhan Terminal Ferry Punggur,akash saha,1,2 tahun lalu,"Sopir taksi di sini akan mengikuti dan menjebak Anda, mereka sangat memaksa dan mempersulit Anda jika Anda tidak memesan jasa mereka. Mereka menyuruh kami keluar dari Grab yang sudah kami pesan dan berjalan kaki ke halte bus. Jika Anda ingin memesan sopir Grab profesional, sebaiknya Anda berjalan kaki ke halte bus di luar stasiun dan bertemu sopir Anda di sana agar lebih mudah dan waktu Anda tidak terbuang sia-sia. Diterjemahkan oleh Google ・ Lihat versi asli (Inggris)",True,True,2026-10-05 23:51:47
Telaga Punggur,Pelabuhan Terminal Ferry Punggur,J,1,3 tahun lalu,Sopir ojek dan taksi sangat kasar dan agresif. Tolong singkirkan mereka. Diterjemahkan oleh Google ・ Lihat versi asli (Inggris),False,True,2026-10-05 23:51:47
Telaga Punggur,Pelabuhan Terminal Ferry Punggur,Mufrizon. Architect,5,setahun lalu,Ini pertama kalinya saya di sini. Diterjemahkan oleh Google ・ Lihat versi asli (Inggris),True,True,2026-10-05 23:51:47
Telaga Punggur,Pelabuhan Terminal Ferry Punggur,Raja Ismail Heb (AyiHeb),5,setahun lalu,Momen-momen epik Gudfud Diterjemahkan oleh Google ・ Lihat versi asli (Portugis),False,True,2026-10-05 23:51:47
Telaga Punggur,Pelabuhan Terminal Ferry Punggur,Al-wazirfarid Naji kurniadi,4,setahun lalu,,True,False,2026-10-05 23:51:47
Telaga Punggur,Pelabuhan Terminal Ferry Punggur,Nusantara Online Shop,5,8 tahun lalu,Hegsve,False,True,2026-10-05 23:51:47
Telaga Punggur,Pelabuhan Terminal Ferry Punggur,elma l plester,5,5 tahun lalu,tempat yang bagus Diterjemahkan oleh Google ・ Lihat versi asli (Inggris),False,True,2026-10-05 23:51:47
Telaga Punggur,Pelabuhan Terminal Ferry Punggur,Cat Putra,5,7 tahun lalu,Leher Diterjemahkan oleh Google ・ Lihat versi asli (Katalan),False,True,2026-10-05 23:51:47
Telaga Punggur,Pelabuhan Terminal Ferry Punggur,cherish,5,2 bulan lalu,,False,False,2026-10-05 23:51:47
Telaga Punggur,Pelabuhan Terminal Ferry Punggur,MOHAMMAD RAZU AHMED,5,4 bulan lalu,,False,False,2026-10-05 23:51:47
Telaga Punggur,Pelabuhan Terminal Ferry Punggur,Alam Salim,5,6 bulan lalu,,False,False,2026-10-05 23:51:47
Telaga Punggur,Pelabuhan Terminal Ferry Punggur,Sinuurat _007,5,8 bulan lalu,,False,True,2026-10-05 23:51:47
Telaga Punggur,Pelabuhan Terminal Ferry Punggur,Abdi Hanum,5,8 bulan lalu,,False,True,2026-10-05 23:51:47
Telaga Punggur,Pelabuhan Terminal Ferry Punggur,Rionaldi Vicky Syanturi,4,10 bulan lalu,,False,True,2026-10-05 23:51:47
Telaga Punggur,Pelabuhan Terminal Ferry Punggur,ahmad azhari,5,11 bulan lalu,,False,False,2026-10-05 23:51:47
Telaga Punggur,Pelabuhan Terminal Ferry Punggur,nia saniati,3,11 bulan lalu,,False,True,2026-10-05 23:51:47
Telaga Punggur,Pelabuhan Terminal Ferry Punggur,iSur 117,5,setahun lalu,,False,True,2026-10-05 23:51:47
Telaga Punggur,Pelabuhan Terminal Ferry Punggur,Mariopasa1000 Pasaribu bondar,4,setahun lalu,,False,False,2026-10-05 23:51:47
Telaga Punggur,Pelabuhan Terminal Ferry Punggur,channel ibnuharun,5,2 tahun lalu,,False,True,2026-10-05 23:51:47
Telaga Punggur,Pelabuhan Terminal Ferry Punggur,Pardomuan Pandiangan,5,2 tahun lalu,,False,False,2026-10-05 23:51:47
Telaga Punggur,Pelabuhan Terminal Ferry Punggur,Nur Jannah,5,2 tahun lalu,,False,True,2026-10-05 23:51:47
Telaga Punggur,Pelabuhan Terminal Ferry Punggur,Salman Batam,5,2 tahun lalu,,False,True,2026-10-05 23:51:47
Telaga Punggur,Telaga Punggur Ferry Terminal,Niki Suryo Seto,5,3 bulan lalu,"pertama kesini dan baru tau proses di pelabuhan sudah sebaik ini, harga juga oke dengan mangkas waktu yang jauh banget kalau ferry 1 jam lebih speed boat cuma 10 menit",True,True,2026-10-05 23:51:47
Telaga Punggur,Telaga Punggur Ferry Terminal,Dewi Sulistyowati,5,4 bulan lalu,"Pelabuhan yang melayani tujuan rute Bintan (Tanjung Uban) naik speedboat harga tidak sampai 60 ribu lama perjalanan 20 menit dan tujuan Tanjungpinang (Sri Bintan Pura) naik Ferry dengan harga tiket 80.500, lama perjalanan 1,5 jam.",True,True,2026-10-05 23:51:47
Telaga Punggur,Telaga Punggur Ferry Terminal,kurniasih Bantul3,5,6 bulan lalu,Tempat penyeberangan dari Batam ke Pulau Singkep lumayan rame jika hari raya. Hanya fasilitas kurang luas ruang tunggunya. Tapi pemandangan sekitar sangat bagus lautnya tenang pokoke ok lah,True,False,2026-10-05 23:51:47
Telaga Punggur,Telaga Punggur Ferry Terminal,Imam Kurniawan,5,8 bulan lalu,"Tempat pulang pergi nya penumpang kapal atau pun roro terbaik di batam.... Terkadang juga sering dijadikan tmpt transaksi kirim barang luar pulau, sudah jarang terjadinya keributan antar pangkalan ojek didaerah tersebut...",True,True,2026-10-05 23:51:47
Telaga Punggur,Telaga Punggur Ferry Terminal,Febrie Purwoandhika,4,setahun lalu,"Kebersihan Pelayanan Dan keramahtamahan cukup. Fasilitas sarana Dan prasarana baik. Sewaktu disini menyeberang dengan Ferry cepat seharga Rp 80.000,- an. Berangkat satu jam sekali ke Tanjung Pinang, durasi sekitar satu jam kurang.",True,True,2026-10-05 23:51:47
Telaga Punggur,Telaga Punggur Ferry Terminal,SUPRIYADI,4,5 bulan lalu,"Bagus kok tempatnya, hanya saya belum tahu apakah bisa beli tiket kapal Ferry pakai online seperti tiket kapal Roro sebelah, setidaknya menghindari antrian dan mempermudah konsumen dalam bepergian.salam",True,True,2026-10-05 23:51:47
Telaga Punggur,Telaga Punggur Ferry Terminal,Imam Kurniawan,5,6 bulan lalu,Terminal super sibuk di Batam... Yang melayani penyebrangan antar pulau... Padat lalu lalang,True,True,2026-10-05 23:51:47
Telaga Punggur,Telaga Punggur Ferry Terminal,Reza Giovani,1,6 bulan lalu,"Selalu overload saat musim liburan, dg kursi ruang tunggu terbatas dan ruangan yg panas..seharusnya dg PAD yg ada bisa utk diprioritaskan kenyamanan penumpang mengingat pelabuhan utama dr batam ke tanjungpinang",True,False,2026-10-05 23:51:47
Telaga Punggur,Telaga Punggur Ferry Terminal,dewi ida,3,setahun lalu,"Tiba di Terminal Feri Telaga Punggur di Batam setelah melalui perjalanan 1 jam dari Terminal Feri Sri Bintan Pura, Tanjung Pinang dengan Kapal Oceanna 7. Terminal tidak terlalu besar & untuk ke daerah Nagoya Batam memerlukan waktu 30 menit dengan taksi offline seharga 130.000 yang mudah ditemui di luar pintu kedatangan.",True,True,2026-10-05 23:51:47
Telaga Punggur,Telaga Punggur Ferry Terminal,PAPASEMreview,4,6 bulan lalu,Cemana lah ya.. Perlu adanya petugas yg bersifat komunikatif.. Buat apa klian rame2 tegak dstu klo apda cuek,True,True,2026-10-05 23:51:47
Telaga Punggur,Telaga Punggur Ferry Terminal,Djer.Dolanan,4,setahun lalu,"Terminal Fery khusus penumpang ke Tanjung pinang, sebelumnya sempat kesasar ke terminal Fery khusus kendaraan 😄😁 Terminal Fery bersih dan lapangan parkir yg luas, hanya pas ke toilet kotor mungkin masih pagi petugas mengerjakan hal yg lain, overall informasi dan signage sangat membantu Kalo pagi masih bisa lihat sunrise yg bagus disini",True,True,2026-10-05 23:51:47
Telaga Punggur,Telaga Punggur Ferry Terminal,Inayatun,5,Diedit setahun lalu,"hmmm pelayanan cukup, not good but not bad. yg paling mengganggu di sini, mungkin di setiap pelabuhan juga sama, adalah harus menemui sopir taksi yg terus saja nanya2 kau mau ke mana di setiap langkah. iya, di setiap langkah, oleh orang yang berbeda2. kalau baru tiba di pelabuhan dan ingin ke pusat kota, aku bisa sarankan naik trans batam saja. keluar dari pintu masuk pelabuhan tinggal belok kiri lalu jalan sedikit sampai ketemu halte bus. tarifnya cuma 5 ribu, setahuku kalau naik taksi harus bayar setidaknya 100 ribu. tapi kalau naik trans batam, harus tau mau berhenti di halte mana, kalau perlu blg dr awal ke sopir busnya, krn jalannya laju sekali.",True,True,2026-10-05 23:51:47
Telaga Punggur,Telaga Punggur Ferry Terminal,Novi Yansyah,4,6 bulan lalu,"Lumayan bagus, arus mudik tidak ribet, tidak ngantri, minus ruang kurang pelabuhan pendinginan, terasa sedikit panas",True,False,2026-10-05 23:51:47
Telaga Punggur,Telaga Punggur Ferry Terminal,Alvin,5,sebulan lalu,Terminal Ferry Telaga Punggur bisa karena televisi Jumat membatasi spasi Telaga Punggur gimana? Karena diakuisisi jelaskan kompatibilitas berkualitas kualitas.,False,True,2026-10-05 23:51:47
Telaga Punggur,Telaga Punggur Ferry Terminal,FERDIAN DWI FITRA,5,setahun lalu,"Pelabuhan Yang sangat besar Ada beberapa Kapal yang bisa kita naiki seperti Kapal Ferry, Kapal Roro, Dan Kapal Speed boat untuk fasilitas pelabuhan sangat baik pelabihan Juga sangat bersih dan mempunyai lahan parkir yang sangat luas bintang 5 buat Pelabuhan ini",True,True,2026-10-05 23:51:47
Telaga Punggur,Telaga Punggur Ferry Terminal,House Rent Bukit Indah Sukajadi Batam,3,setahun lalu,"Nyeberang kali ini dari Batam ke Tanjung Uban dapat Ferry Roro yang ada Ruang VIPnya, bayar sih Rp. 25.000/orang. Konpensasi dari bayar ini Kita dapat Snack box ( berisi wafer, crakers, snack snack product Malay ), dan ada tersedia air panas termasuk disediakan kopi sachet, teh, gula. Dispensernya tersedia air normal dan air panas. Tidak semua Roro ferry Penyeberangan dari Batam ke Tanjung Uban maupun sebaliknya ada ruangan VIP ini.",True,True,2026-10-05 23:51:47
Telaga Punggur,Telaga Punggur Ferry Terminal,"Ir. Rahmat ST, MT, IPM, APEC Eng",5,2 tahun lalu,"Secara keseluruhan bagus, hanya posisi turun penumpang dengan pintu masuk jaraknya cukup jauh. Apabila keadaan ramai, maka para penumpang harus menaiki anak tangga dan cukup menguras tenaga. Ada gerai Indomaret dekat area parkiran kendaraan roda 4. Pelabuhannya sangat ramai meski tidak di saat jam sibuk. Airnya biru dan sangat jernih, sehingga sangat memanjakan mata...",True,True,2026-10-05 23:51:47
Telaga Punggur,Telaga Punggur Ferry Terminal,Seneng Dolan,5,4 tahun lalu,"Pelabuhan penyeberangan dari Batam Ke tanjung pinang, Tanjung Uban, dan pulau² . Yang disayangkan, tempat turun dan naiknya hanya di 1 pintu, jadi kalau musim liburan penuh sesak berdesak²an. Harusnya pihak tiketing dan pihak kapal komunikasi dg baik, sehingga tidak ada penumpukan penumpang. Pengalaman libur seblum idul fitri kmren, sampe tergencet² karna terjadi penumpukan baik di ruang tunggu maupun antri sebelum masuk kapal. Penuh sesak. Semoga sistemnya lebih dibenahi lagi kedepannya. Selebihnya oke aja sih, kalau dihari² biasa ya ga penuh dan ga berdesakan.",True,True,2026-10-05 23:51:47
Telaga Punggur,Telaga Punggur Ferry Terminal,Hhadiyat,4,3 tahun lalu,"Terminalnya bersih dan rapi. Proses drop off penumpang, pembelian tiket dan masuk ke kapal sangat mudah. Harga tiket nyeberang ke Tanjung Pinang Rp. 79rb per org (2023). Tersedia eskalator dan lift utk penyandang disabilitas. Utk urusan perut juga banyak sekali makanan pilihan (bahkan ada resto nasi padang 😁). Kalau dinding interiornya bisa dipasang seni instalasi dan warna catnya tidak cream akan lebih terlihat cozy tapi dan modern lagi dermaganya.",True,True,2026-10-05 23:51:47
Telaga Punggur,Telaga Punggur Ferry Terminal,Ruziana Fathruzi,5,4 bulan lalu,"ternyata untuk angkutan online sudah berpindah ke dekat gapura kampung tua, lumayan jalan nanjak. Tapi bisa naik trans batam yang parkirnya lebih dekat, harga murah 5 ribu/orang",False,True,2026-10-05 23:51:47
Telaga Punggur,Telaga Punggur Ferry Terminal,SM MM 88,5,2 tahun lalu,"Tahun 2016 terakhir saya ke batam, tahun 2024, saya kesini lagi, saya sampai lupa dengan banyaknya perubahan pada terminalnya... semua sudah berubah, dan modren, sudah lebih baik....semoga pelayanannya juga lebih profesional...👍👍👍👍",True,True,2026-10-05 23:51:47
Telaga Punggur,Telaga Punggur Ferry Terminal,Rhylsi,5,Diedit 3 tahun lalu,"Bersihh selaluu, no comment hehe untuk harga tiket rasanya setahun udah naik 😂 .. lumayan juga kalo batam pp tanjungpinang tiketnya 69k + 10k",True,True,2026-10-05 23:51:47
Telaga Punggur,Telaga Punggur Ferry Terminal,Mas Piang,5,Diedit 7 tahun lalu,"Tempatnya rame....hilir mudik penumpang Tujuan Tanjung Pinang (PP), Tanjung Pandan, Jagoh Dabo Singkep & Daek Lingga Tiket PP lebih murah daripada one way, selisih 15ribu (sudah termasuk boarding -10rb) Akses dari batam gampang, bs order driver online dari hotel Akses keluarnya yg susah, harus ada jemputan ato akan berurusan dengan driver taksi yang berisik. Kayak diterminal-terminal Besar dijawa tahun 2000-an (secara sekarang hampir semua terminal Besar dijawa sudah cukup nyaman) Hehe pastikan punya kenalan yang jemput ato punya nomer driver online biar bisa kontak offline (pst....rahasia y 😅)",True,True,2026-10-05 23:51:47
Telaga Punggur,Telaga Punggur Ferry Terminal,Al Bana,5,setahun lalu,Fasilitas cukup baik.. Pelayanan Lumayanlah.. Berbagai Tujuan Kepulau-pulau di Kepri..,True,True,2026-10-05 23:51:47
Telaga Punggur,Telaga Punggur Ferry Terminal,Mohammad Rivan,3,8 tahun lalu,"Kondisi pelabuhan masih dalam tahap pengembangan pembangunan, tapi terlihat mangkrak karena proyek belum dilanjutkan. Beberapa bagian seperti eskalator juga sudah tidak berfungsi. AC kurang memenuhi untuk mendinginkan ruangan. Terlihat seperti perencanaan yang kurang matang. Semoga bisa menjadi masukan yang baik untuk pengembangan dermaga punggur.",True,True,2026-10-05 23:51:47
Telaga Punggur,Telaga Punggur Ferry Terminal,zafran arka,5,7 tahun lalu,"Terminal punggur sekarang sudah tambah bagus rapi dan bersih...semoga kedepannya tambah bagus..saran saya untuk ke tanjung pinang gunakan kapal oceana selain tiketnya murah, kapal on time didalam kapal ada yang jual aqua, teh botol dan mie gelas..perjalanan nyaman dan waktu tempuh antara 45 menit sampai 1 jam perjalanan.",True,True,2026-10-05 23:51:47
Telaga Punggur,Telaga Punggur Ferry Terminal,andreas deny christanto,4,4 tahun lalu,"Pelabuhan penumpang yang ada di pulau batam, tujuan utama adalah ke pulau Tanjungpinang. Untuk tujuan Tanjungpinang tersedia kapal setiap 1 jam sekali. Tempatnya luas dan nyaman, parkiran luas sehingga mudah untuk mencari parkiran mobil. Tersedia konter tiket kapal untuk keberangkatan ke berbagai tujuan",True,True,2026-10-05 23:51:47
Telaga Punggur,Telaga Punggur Ferry Terminal,petra sarasati,1,setahun lalu,"Sakit hati banget, mau nyusuin anak di ruang menyusui gak dibolehin petugasnya alasanya dilarang petugas karantinaa. Malah di arahin ke bilik itu tanpa kursi atau apapun. Oknum ibu2 pegawai asdp batam ini gak punya hati nurani banget, dalam di dalem pas saya tanya baik2 cuma main hape dan sangat siniss",True,True,2026-10-05 23:51:47
Telaga Punggur,Telaga Punggur Ferry Terminal,D.A Risma,5,Diedit 8 tahun lalu,"Ruang tunggunya nyaman, fasilitas toilet juga bersih, lebih tertib dan rapi dari sebelumnya. Dengan sistem pelayanan yang baru bagi yg ingin berpergian harus sudah stand by 30 menit sebeljm jadwal keberangkatan karena jarak tempuh dari tempat pembelian tiket ke ponton kapal lumayan jauh, sekitar 15-20 menit berjalan kaki.",True,True,2026-10-05 23:51:47
Telaga Punggur,Telaga Punggur Ferry Terminal,Aria Bagiasa C,4,setahun lalu,"Pelabuhan Punggur di Batam adalah salah satu pelabuhan penting yang melayani transportasi penumpang dan barang, khususnya untuk rute Batam–Tanjung Pinang dan Batam–Pulau-pulau di sekitar Kepulauan Riau. Terletak di bagian timur Pulau Batam, pelabuhan ini menjadi pusat konektivitas bagi masyarakat yang bepergian antar-pulau menggunakan kapal feri dan speedboat",True,True,2026-10-05 23:51:47
Telaga Punggur,Pelabuhan punggur,Ghavero Abdillahrizqaff,2,sebulan lalu,"kemarin hari selasa dpt pelayanan yg buruk banget. Kita mau pesan tiket kapal yg bs bw kendaraan, dari yg jm 10 sampai 17 kuotanya udah 0 semua. Akhirnya kita brgkt ke pelabuhan buat nanya dn memastikan, sampai sana sekitar jam 9an lbh, kita tanya lah ke tmpt tiket yg di dekat ATM itu, abangnya menyambut ramah dn lgsg mengarahkan ke tmpt informasi. Sesampainya d tmpt informasi, kami tanya apa benar tiketnya udh abis semua, takutnya lg error kan, nah di tmpt informasi itu ada mbak² tp dia spt tidak begitu th krn jawaban dia tdk pasti dan malah tanya ke satpam yg ada di samping dia. Satpam itu blg ""kl 0 brrti habis bang, sering² dicek aja, hari ini kapal cm 3 sampai jam 5 aja"" dg nada yg tdk ramah. Akhirnya kita putuskan naik kapal tanpa kendaraan alias orgnya aja. Stlh sampai k tmpt tujuan, kami turun ke bawah sembari menunggu kapalnya bersandar dari situ lah kami melihat, bahwa tmpt yg harusnya penuh krn di aplikasi kuotanya sdh 0 tp kenyataannya kapal itu cm berisi setengah masih banyak space, hanya ada beberapa mobil dn motor, kalau alasannya adlh berat, sepertinya tdk jg, krn tdk banyak kendaraan besar yg bermuatan saat itu. Tolong dong, petugasnya lbh diperhatikan lg pemberi pelayanan di sana, bikin SOP kalau blm punya, biar punya standar, kalau udh punya SOP tolong dong perbaiki, tolong jg ajarkan bekerja sesuai SOP, apa lg d bidang pelayanan, suruh terapkan senyum dan keramahan. Dari sekian kali bolak balik ke sana baru kemarin dpt yg gabagus pelayanannya.",False,False,2026-10-05 23:51:47
Telaga Punggur,Pelabuhan punggur,Dewi Sulistyowati,5,4 bulan lalu,"Salah satu Pelabuhan paling sibuk di pulau sumatra, lokasinya di batam Kepulauan Riau. Menghubungkan beberapa pulau di kepulauan riau dan sumatra ,",True,True,2026-10-05 23:51:47
Telaga Punggur,Pelabuhan punggur,Aulia Putri,3,8 bulan lalu,Saran saya kapal nya lebih diperhatikan untuk kenyamanan penumpang kapan pun waktunya apalagi saat weekend.,True,False,2026-10-05 23:51:47
Telaga Punggur,Pelabuhan punggur,Ryan Afranata,5,6 bulan lalu,"Pelabuhannya cukup bersih dan tertata rapi, kursi tunggu juga lumayan banyak Kalau boleh saran SDM² nya diadakan pelatihan agar bisa lebih ramah lagi misal ada pengguna jasa yg bertanya Selain poin itu semuanya sudah oke",True,True,2026-10-05 23:51:47
Telaga Punggur,Pelabuhan punggur,Agung Yudhi Prasetiyo,1,2 bulan lalu,"Sering kesini, mkin hari makin susah..mau naik gocar/grb harus jalan kaki nanjak, sengaja biar orang capek trus pesn taksi lokal yg gk jelas",False,False,2026-10-05 23:51:47
Telaga Punggur,Pelabuhan punggur,Reza Giovani,1,7 bulan lalu,"Pelayanan sangat buruk terutama saat padat penumpang, ruang tunggu tidak layak, penumpang diminta antri berdiri berjam2, tidak manusiawi",True,False,2026-10-05 23:51:47
Telaga Punggur,Pelabuhan punggur,Muhammad Hafidz,1,2 bulan lalu,udah datang 30 menit sebelum waktu yang dipesan di tiket malah nunggu 2 jam lebih koncet emg,False,False,2026-10-05 23:51:47
Telaga Punggur,Pelabuhan punggur,eebno subahri,5,9 bulan lalu,"Bagus, sambil menunggu Ferry bisa makan, ngopi dan musholapun ada.",False,True,2026-10-05 23:51:47
Telaga Punggur,Pelabuhan punggur,Ary Christine,5,setahun lalu,Pelabuhannya bersih dan well organized. Nyaman dan mudah,True,True,2026-10-05 23:51:47
Telaga Punggur,Pelabuhan punggur,fatikha thurochmah,5,2 tahun lalu,Salah satu pelabuhan yg cukup besar di batam Biasanya ke sini kalo mau ke tanjung pinang Kebersihan oke Tempat parkir oke,True,True,2026-10-05 23:51:47
Telaga Punggur,Pelabuhan punggur,tea three,1,10 bulan lalu,"[WAJIB BACA] Saya tidak suka karna pelabuhan kapal ini memonopoli harga taxi. Mereka tidak sanggup bersaing dan mendemo agar taxi online seperti grab dan gojek tidak boleh mengambil order di sini. Bahkan mereka memukul driver online & pelanggan kalau berani memesan di area pelabuhan. Mereka berkali-kali dan terus-menerus memanggil-manggil pelanggan & meminta memesan taxi mereka, di level yang sangat mengganggu. Walaupun sudah sepakat harga taxi, di tengah jalan mereka akan menaikkan harga sesuka hati dengan alasan tujuan jauh, mengintimidasi pelanggan dan memasang ekspresi wajah yang membuat pelanggan tidak nyaman. UNTUK ORANG BARU DI BATAM, APALAGI ANDA FOREIGNERS, bijaklah memilih transportasi. Ada layanan bus ""trans batam"" dari pemerintah, cara nya setelah keluar dari pelabuhan, jalan lurus sedikit, naik ke lantai 2 menggunakan lift/elevator atau tangga. Setelah benar-benar keluar (sampai dijalan aspal), jalan sedikit ke kiri dan terlihat halte bus. Tiket bus hanya tersedia cashless, bayar pakai QRIS. Biasanya saya turun di Mall BCS atau di area ""jodoh"" (persis di depan hotel pacific sekitaran harbour bay). Lanjutkan dengan memesan grab atau gojek ke tujuan anda. Saya tidak ingin membenci mereka tapi mereka sendiri yang membuat semua orang membenci mereka dengan tindakan anarkis dan pemaksaan.",True,True,2026-10-05 23:51:47
Telaga Punggur,Pelabuhan punggur,Gam Skar,4,8 bulan lalu,Cukup bersih dan tertib,True,True,2026-10-05 23:51:47
Telaga Punggur,Pelabuhan punggur,Yollanda Sri Cahya,3,2 tahun lalu,"Bangunanya bagus dan terawat, tapi saya panas puoool walaupun udah ada ac tapi ga kerasa karna ac cuman ada 2 di ruang ticket/tunggu🥲semoga kedepanya bisa menggunakan ac central seperti pelabuhan kelas internasional 🙏🥲",True,False,2026-10-05 23:51:47
Telaga Punggur,Pelabuhan punggur,Desire Yolanda,1,6 bulan lalu,pemberangkatan jam 11 tapi pas jam 11 kapal full ikut pemberangkatan jam 12 . Harusnya gausah di buat jam pemberangkatan kalo nunggu bisa 2 jam buang” waktu .,False,False,2026-10-05 23:51:47
Telaga Punggur,Pelabuhan punggur,Almarik M.S,1,setahun lalu,"Staf tiket nya songong semua, gk ada ramah"" nya sedikitpun. Kerja tapi muka pada ditekuk semua. Jadwal pun sering kali ngaret dan telat gk sesuai jam di tiket... Udah macam lion air aja dia. Lebih jelas lagi jadwal tiket bus dari kapal di sini",False,True,2026-10-05 23:51:47
Telaga Punggur,Pelabuhan punggur,Ahmad Lesmana,1,setahun lalu,Roro sekarang kecil tidur aja susah dapatmya terlantar kondisikan roro agak besar kasurnya banyak ini kasurnya ndak ada,True,False,2026-10-05 23:51:47
Telaga Punggur,Pelabuhan punggur,Dwi Rahayu Azhari,3,setahun lalu,"Saran ya, untuk kemudahan penumpang yang sedang sakit agar sekiranya ada petugas khusus untuk mengantar dan menjemput kursi roda yang di pinjam oleh penumpang. Agar penumpang tidak kesulitan untuk bolak balik antar kursi roda dan menjemput ktp kembali dikarenakan di tahan oleh petugas. Terimakasih.",False,False,2026-10-05 23:51:47
Telaga Punggur,Pelabuhan punggur,Mas Udri,4,6 bulan lalu,Fasilitas untuk nyebran keluar batam yg resmi.. lumayan sudah imprup dri beberapa thun lalu,False,True,2026-10-05 23:51:47
Telaga Punggur,Pelabuhan punggur,Dalton Ngangi (DOKTERONCALL),1,setahun lalu,"guys tolonglah itu di evaluasi fungsi mesin e-ticket buat apaan coba? gw beli tiket disitu terus udah nanya ke petugas di sekitar situ abis ini kemana? terus diarahin langsung masuk aja turun ke dermaganya, pas udah turun kagak ada sistem penomoran atau tulisan tujuan semua serba by nanya kalo gak udah nyasar lu, udah masuk speedboat pun kagak ada nomor tempat duduknya, terus pas diambilin tiket sama petugas di dalam kapal malah nanya dia kertas yg dari loket mana? lah orang gw pake beli pake mesin e-tiket, nah ketawan deh ternyata ada indikasi main pungli disini, dari tiketing sampai ke nahkoda main semua makanya gak terima tiket dari mesin e-ticket mereka. yaelah maluuuu broo 2025. perbaiki napa",False,True,2026-10-05 23:51:47
Telaga Punggur,Pelabuhan punggur,rusdi zulkarnain,4,11 bulan lalu,"PELABUHAN PUNGGUR menjadi pelabuhan sangat vital di Pulau Batam. Melayani pemberangkatan/kedatangan kapal Roro & ferry ke berbagai destinasi pulau² yang didominasi tujuan Tanjungpinang. Pemberangkatan bisa dipilih hampir setiap jam tersedia on time. Pelayanan mulai masuk pelabuhan, beli tiket, sampai berangkat diatur tertib. Di sekitar dalam pelabuhan tersedia berbagai macam konter termasuk kedai kuliner & oleh². Sedangkan di luar pelabuhan tersedia mobil angkutan, online, sewa atau Bus Trans Batam.",False,True,2026-10-05 23:51:47
Telaga Punggur,Pelabuhan punggur,ibu anak dua,1,setahun lalu,"staff di pelabuhan pungur gak ada sopan santun,mukanya gak senang liat penumpang,sinis liat orang,senyum pun tak ada,aduh perbaiki lg staffnya malu laa orang kepulauan riau tapi gak ada ramah dan sopan, untuk proter diaraa keberangkatan tidak disediakan,banyak porter yg nunggu di bawah dibagian kedatangan,padhal kita butuh jasanya,aduh bagus naik roro la dari Bintan bayar mahal naik fery perlayanan bad",False,False,2026-10-05 23:51:47
Telaga Punggur,Pelabuhan punggur,ELSON MOTOR,5,4 bulan lalu,Selalu dapat Rezeki kalau kepelabuhan ini mengantar penumpang,False,False,2026-10-05 23:51:47
Telaga Punggur,Pelabuhan punggur,Al Almunzir,4,setahun lalu,"Pelabuhan Punggur Roro seperti nya masih kekurangan armada kapal Pelni nya. Mau nyebrang ke Tj Uban aja kalau pakai mobil harus beli tiket diaplikasi brizy minimal 3 hari sebelumnya, kalau hari ini mau berangkat dan hari ini beli pasti gak bakalan dpt tiket. Semoga ini jadi perhatian pemerintah pengelola pelabuhan (ASDP)",False,True,2026-10-05 23:51:47
Telaga Punggur,Pelabuhan punggur,Laily F,5,2 tahun lalu,Pelabuhannya bagus dan rapi.,True,True,2026-10-05 23:51:47
Telaga Punggur,Pelabuhan punggur,Afri Yenti,4,2 tahun lalu,"Seru...!! tapi kl bisa sistem manajemen nya harus lebih ditingkatkan lagi,baik itu bagian tiket counter yg masih blum nyaman dg masih berdesak-desakan,ruang tunggu yg masih bercampur aduk dg calon penumpang tujuan lain dan jalur masuk kapal yg masih kurang tertib 🙏🙏. Smoga pihak pengelola bisa memperbaiki nya utk kedepannya.",False,False,2026-10-05 23:51:47
Telaga Punggur,Pelabuhan punggur,Siti Jariah,5,3 bulan lalu,"Pelayanan baik,teratur dan aman nyaman.",True,True,2026-10-05 23:51:47
Telaga Punggur,Pelabuhan punggur,Agika Gaming,2,setahun lalu,"Untuk bp batam sebagai pengelola pelabuhan punggur, Parkiran mobilnya di buat atap dong biar nyaman dan teduh , udahlah tanah merah gak ada atapnya pula",False,False,2026-10-05 23:51:47
Telaga Punggur,Pelabuhan punggur,Rizcy Emyelda,1,2 tahun lalu,"Pelayanan tidak bagus, kasihan yg punya anak kecil",True,True,2026-10-05 23:51:47
Telaga Punggur,Pelabuhan punggur,acep ranal,5,setahun lalu,"Ada dua pelabuhan di area ini, yaitu pelabuhan ferry domestik Telaga Punggur dan pelabuhan ASDP, kedua pelabuhan ini melayani berbagai rute baik di dalam provinsi Kepulauan Riau maupun di luarnya.",False,True,2026-10-05 23:51:47
Telaga Punggur,Pelabuhan punggur,Hendri Kurniawan,5,setahun lalu,"Pelabuhan Batam rute lagoi,Lobam dan tanjung pinang. Pelabuhan penumpang Fery yg cukup.lumayan pelayanan sebelum membalinyiket atau masuk anda akan menemukan teriakn penjual tiket ya cukup unik lah..tapi hitungan parkiran utk kendaraan R4 nya agak lain dari hitungan berbayar .kalau ditempat lain setelah 2 jam berikut akan dikenakan biaya tambahan tapi disini lebih dari 15 mnt akan lain hitungan nya..tolong diberi penjelasannya baik pihak pengelola pelabuhan atau pengelola perparkiranya",False,True,2026-10-05 23:51:47
Nongsapura,Nongsapura Ferry Terminal,Biston Nasution,5,setahun lalu,"Nongsa Terminal adalah pelabuhan yg nyaman dan asri, lingkungannya tenang dan terdapat fasilitas yg baik seperti : cafe, money chager, gallery, shop, counter oleh-oleh, clinic, musolla dll. Tanggapan dari pemilik setahun lalu Terima kasih atas review positifnya. Semoga nyaman menggunakan fasilitas kami.",True,False,2026-10-05 23:51:47
Nongsapura,Nongsapura Ferry Terminal,Tommy,5,5 tahun lalu,"Salah satu pelabuhan Internasional di Pulau Batam yang melayani perjalanan dari dan ke pelabuhan Tanah Merah di Singapura dengan waktu tempuh ±30 menit, pelabuhan Nongsapura adalah pelabuhan yang cukup asri dengan suasana alamnya, kebersihan juga sangat terjaga di pelabuhan ini. Untuk transportasi umum tersedia Taxi tapi untuk transportasi masal agak terbatas karena memang agak jauh dari pusat keramaian. Pelabuhan ini cukup dekat dari Bandara Internasional Hang Nadim dengan waktu tempuh ±10 menit",True,True,2026-10-05 23:51:47
Nongsapura,Nongsapura Ferry Terminal,Tari,5,5 bulan lalu,10 miniutes from Batam Hang Nadim AirPort. 30 minutes ferry from Batam to Tanah Merah Singapore. Than from there only 10-15 minutes to Changi AirPort. Best Ferry Terminal in Batam - Indonesia👍👍👍,False,False,2026-10-05 23:51:47
Nongsapura,Nongsapura Ferry Terminal,Reza Maha,5,9 bulan lalu,"Nongsapura.. Rencana rute baru Nongsapura ke Pasir Gudang, Johor (sedang trial). Semoga terealisasi",True,True,2026-10-05 23:51:47
Nongsapura,Nongsapura Ferry Terminal,tammy,5,7 tahun lalu,Pertama kali nyobain nyebrang dr batam ke singapura lewat nongsa.. dan ternyata lebih cepet dan lebih nyaman krn sepi.. sekapal cuma ber 5 penumpangnya 😀😀😀,True,True,2026-10-05 23:51:47
Nongsapura,Nongsapura Ferry Terminal,Norma faulina,5,Diedit 8 tahun lalu,Pelabuhan ferry rute Batam-Tanah Merah Singapore. Pelabuhan masih asri. Pelayanan staff pelabuhan ramah. Hanya tersedia ferry Batam fast.,True,True,2026-10-05 23:51:47
Nongsapura,Nongsapura Ferry Terminal,Wibi Dotdot,5,setahun lalu,"Tempatnya tenang , nyaman & sejuk...",True,True,2026-10-05 23:51:47
Nongsapura,Nongsapura Ferry Terminal,Nur Afifah,5,Diedit 8 bulan lalu,"Pelabuhan yg dekat dari rumah. Tempatnya bersih, tidak terlalu ramai",False,True,2026-10-05 23:51:47
Nongsapura,Nongsapura Ferry Terminal,Pojok Creepy,5,6 tahun lalu,"Keren, untuk akses dan tempat mudah dijangkau walaupun butuh waktu lebih untuk kelokasi",True,True,2026-10-05 23:51:47
Nongsapura,Nongsapura Ferry Terminal,Dilla Afrida,5,Diedit 4 tahun lalu,Pelabuhan didalam resort dan golf..sangat asri.,True,True,2026-10-05 23:51:47
Nongsapura,Nongsapura Ferry Terminal,Tiaalestarii,5,2 tahun lalu,"Tempat nyaman untuk bersantai sejenak saat lelah diperjalanan. Airnya cantik warna hijau tosca, jembatannya juga cantik , jalanan relatif sepi. Pastikan parkir kendaraan di tepi jalan sebelum jembatan agar tidak mengganggu pengguna jalan yaaa. Jangan lupa untuk membuang sampah pada tempatnya. Jangan fibuang ke laut/jalan. Kalo gada tempat sampah, sampahnya bawa pulang!🙏👍",False,True,2026-10-05 23:51:47
Nongsapura,Nongsapura Ferry Terminal,BUDI PUTRA,5,5 bulan lalu,Tempatnya bersih dan nyaman,False,True,2026-10-05 23:51:47
Nongsapura,Nongsapura Ferry Terminal,Noraini Rj,5,setahun lalu,"Lingkungan Asri, staff yang ramah, ada kantin, money changer, shop, counter oleh-oleh, dekat dengan resort dan lapangan golf. Tanggapan dari pemilik setahun lalu Terima kasih atas review positifnya",False,False,2026-10-05 23:51:47
Nongsapura,Nongsapura Ferry Terminal,Santi Uniba,5,setahun lalu,"Pelabuhan yg aman,nyaman ,asri jauh dari kebisingan kota,cocok untuk berpergian ke Singapore karena tidak terlalu ramai.😁😁 Tanggapan dari pemilik setahun lalu Terima kasih atas review positifnya",False,False,2026-10-05 23:51:47
Nongsapura,Nongsapura Ferry Terminal,Hermawan Lubis,4,9 tahun lalu,"Terminal yg dapat ditempuh dalam waktu 10 menit dari Bandara Hang Nadim AirPort di Batam dan satu-satunya terminal ferry di kawasan wisata eksklusif di Nongsa Batam yang dekat dengan Resort Turi Beach, Nongsa Point Marina, Nongsa Village, Montigo Resort, Batam View Beach Resort dan Tamarin Santana Golf courses, Palm Springs dan Tering Bay.",False,True,2026-10-05 23:51:47
Nongsapura,Nongsapura Ferry Terminal,Azwir Azwir,3,6 tahun lalu,Karena disini layanan imigrasinya cepat karena penumpangnya tak begitu ramai dan kalau kita mau ke airport cangi pasilitas b us nya ada untuk kecangi dari tanah merah Singapore,False,True,2026-10-05 23:51:47
Nongsapura,Nongsapura Ferry Terminal,rafli naldi,5,4 tahun lalu,Sore hari ini disini enak jg buat nenangin pikiran,True,False,2026-10-05 23:51:47
Nongsapura,Nongsapura Ferry Terminal,Bambang Murjito,5,setahun lalu,Pelabuhan yg natural dan konsep yg alami,True,False,2026-10-05 23:51:47
Nongsapura,Nongsapura Ferry Terminal,Te Anunto,5,3 tahun lalu,"Penyebrangan yang memiliki fasilitas cukup lengkap seperti ada kantin, Mosholah dan toko oleh-oleh",False,True,2026-10-05 23:51:47
Nongsapura,Nongsapura Ferry Terminal,mambo 5,5,10 tahun lalu,Dulu disIni tmpat saya bermain dan menikmati tempat peNinggalan para leluhur saya... Sembari berenang di sungai ini... Yg mempunyai nama mau tau kisah nya hub saya asskum trima kasih,False,False,2026-10-05 23:51:47
Nongsapura,Nongsapura Ferry Terminal,Egis Surya Septi,5,setahun lalu,"Sangat terhiburrr, serta seruuu mantep polll",False,False,2026-10-05 23:51:47
Nongsapura,Nongsapura Ferry Terminal,Kiky Rompiz,5,Diedit 7 tahun lalu,Tempatnya udah lumayan standar internasional lah...Pelabuhan Tanah Merah adalah satu pelabuhan yg bisa di lalui melalui Ferry yg ada di pelabuhan Nongsa ini,False,False,2026-10-05 23:51:47
Nongsapura,Nongsapura Ferry Terminal,Gatot Surahman,4,9 tahun lalu,Ferry terminal yg jauh dari pusat keramaian. Biasanya banyak dipakai para ekspatriat jadi relatif lebih sepi dibanding fery terminal .,False,True,2026-10-05 23:51:47
Nongsapura,Nongsapura Ferry Terminal,Gatri Pamuji,5,3 tahun lalu,luarbiasa,True,True,2026-10-05 23:51:47
Nongsapura,Nongsapura Ferry Terminal,alicamakaroni Channel,5,2 tahun lalu,"Asri, bersih,",True,True,2026-10-05 23:51:47
Nongsapura,Nongsapura Ferry Terminal,Paska Rio Siregar,5,7 tahun lalu,"Sangat bersih, udara jauh dari polusi dan punya pemandangan alam yang bagus.",False,True,2026-10-05 23:51:47
Nongsapura,Nongsapura Ferry Terminal,Gozly Sukry,5,3 tahun lalu,Vew nya bagus banget,True,True,2026-10-05 23:51:47
Nongsapura,Nongsapura Ferry Terminal,edward Firmanhasyim,5,4 tahun lalu,Sangat mengagumkan perjalanannya,True,True,2026-10-05 23:51:47
Nongsapura,Nongsapura Ferry Terminal,Cahyani Gita,5,8 bulan lalu,Pelabuhannya bersih dan nyaman,False,False,2026-10-05 23:51:47
Nongsapura,Nongsapura Ferry Terminal,Winta Nostavia,4,8 tahun lalu,"Nyaman dan tidak begitu rame, ada wifi gratis lagi saya suka",False,False,2026-10-05 23:51:47
Sekupang,Sekupang Ferry Terminal,Edy wijaya,1,3 bulan lalu,"Kejadian kemarin saat saya hendak pulang dari Batam ke Selat Panjang melalui Pelabuhan Sekupang. Saat tiba di pelabuhan, saya menuju konter yang jelas-jelas bertuliskan “Dumai Line” untuk membeli tiket. Setelah membayar dan menerima tiket, saya heran karena tiket yang diberikan ternyata bertuliskan “Batam Jet”. Saya kemudian bertanya kepada petugas, “Kok Batam Jet? Saya mau naik Dumai Line.” Namun petugas tidak menjawab pertanyaan saya dan hanya mengatakan, “Kapal besar.” Saya kembali menegaskan bahwa saya ingin tiket Dumai Line, tetapi petugas hanya diam. Lalu petugas lain mengatakan bahwa uang tidak bisa ditransfer kembali karena pembayaran sudah dilakukan. Untungnya akhirnya uang saya dikembalikan secara tunai. Setelah itu saya membeli tiket di konter Dumai Line yang sebenarnya, yang berada tepat di sampingnya, dan mendapatkan tiket yang sesuai. Yang membuat saya semakin kesal, ternyata orang tua saya pernah mengalami kejadian serupa. Karena tidak terlalu mengenal tulisan, mereka baru mengetahui tiket yang dibeli bukan Dumai Line saat sudah hendak naik kapal dan diberitahu oleh petugas. Saya sebenarnya tidak berniat memposting hal ini. Namun karena kejadian yang sama juga dialami oleh orang tua saya, saya merasa perlu menyampaikan keluhan ini. Mohon kepada pihak Pelabuhan Sekupang untuk menindaklanjuti dan mengawasi praktik seperti ini agar tidak ada lagi penumpang yang mengalami kebingungan atau dirugikan, terutama orang tua dan penumpang yang kurang memahami perbedaan loket maupun nama operator kapal. Terima kasih.",True,True,2026-10-05 23:51:47
Sekupang,Sekupang Ferry Terminal,ilham akbar,5,2 tahun lalu,"Terminal yg cukup luas, nyaman, ruang tunggu nya luas. Makanan dan minuman tersedia diruang tunggu. Ada port charger jg. Sistem penjualan tiketnya juga teratur dan tertib. Ada taksi jg. Ojol gaboleh masuk ya, nganter boleh. Jujurly lebih murah naik ojol sih kmrn dari nagoya, cuma sesekali berbagi rezeki dgn bapak kang taxi.",True,True,2026-10-05 23:51:47
Sekupang,Sekupang Ferry Terminal,Rndr,1,6 bulan lalu,Terminal kedatangan tercium bau asap rokok Sepertinya petugasnya tidak tertib dalam menjalankan KTR (Kawasan Tanpa Rokok) untuk wilayah publik/umum seperti pelabuhan Kasihan sekali penumpang seperti saya jadi korban keegoisan orang2 tidak bertanggung jawab,False,False,2026-10-05 23:51:47
Sekupang,Sekupang Ferry Terminal,Andi Muh Rasyad Alfarizqi,5,10 bulan lalu,"pelayanannya tiket ramah, bersih ruang tunggu nya bersih dan adem",True,True,2026-10-05 23:51:47
Sekupang,Sekupang Ferry Terminal,Aditiya Variza,5,Diedit setahun lalu,"Terminal Feri Sekupang merupakan salah satu pelabuhan utama di Kota Batam yang melayani transportasi laut domestik dan internasional. Terletak di kawasan Sekupang, pelabuhan ini terbagi menjadi dua bagian, yaitu terminal domestik dan terminal internasional. Terminal domestik melayani rute antarpulau seperti ke Karimun, Tanjung Balai, Dumai, dan pulau-pulau di wilayah Riau , sementara terminal internasional melayani rute cepat ke Singapura dan Malaysia dengan waktu tempuh sekitar 45 menit. Fasilitas di Terminal Feri Sekupang tergolong lengkap dan modern. Di dalamnya tersedia ruang tunggu berpendingin udara, loket tiket yang tertata rapi, area makan dan kafe, layanan money changer, ATM, serta musholla. Tersedia juga layanan transportasi darat seperti taksi resmi dan parkir kendaraan yang luas. Terminal internasionalnya bahkan dilengkapi dengan business lounge, Wi-Fi gratis, serta sistem imigrasi yang cepat dan efisien, menjadikannya alternatif favorit bagi penumpang yang ingin menghindari keramaian di pelabuhan Batam Centre. Selain fungsi utamanya sebagai pelabuhan penumpang, Terminal Feri Sekupang juga menjadi wajah kota Batam bagi wisatawan mancanegara. Dengan tampilan bangunan yang modern dan bersih, serta layanan yang semakin profesional, terminal ini memainkan peran penting dalam mendukung sektor pariwisata dan mobilitas masyarakat. Letaknya yang strategis di dekat kawasan pemukiman seperti Tiban, Batu Aji, dan Tanjung Riau juga menjadikannya pelabuhan pilihan bagi warga lokal maupun pelancong.",True,True,2026-10-05 23:51:47
Sekupang,Sekupang Ferry Terminal,Andriawan,5,8 tahun lalu,"Sekarang pelabuhan ini sudah dirapikan. Cukup bersih walau masih terlihat beberapa tempat masih dalam tahap perbaikan dan pembangunan. Pelabuhan ini sudah tidak seperti saat dua tahun lalu kesini yang masih terlihat banyak sekali penjual tiket yang sangat semrawut. Semoga ke depan semakin baik lagi dalam segi pelayanan, keamanan untuk para pengunjung dan juga fasilitas publik yang bersih dan nyaman.",True,True,2026-10-05 23:51:47
Sekupang,Sekupang Ferry Terminal,Dedi Anwar,5,3 bulan lalu,Sangat nyaman perinya tujuan saya tanjung balai karimun,True,False,2026-10-05 23:51:47
Sekupang,Sekupang Ferry Terminal,Ko Ing & Ci Win,4,3 tahun lalu,"Pelabuhan Ferry penghubung P Batam dgn Dumai, P Tj Balai Karimun dll. Ruang tunggu cukup nyaman dan dermaga yg kokoh.",True,True,2026-10-05 23:51:47
Sekupang,Sekupang Ferry Terminal,IRVAN AZIZI,4,4 tahun lalu,"Salah satu pelabuhan terbesar di Batam. Rute menuju Pulau-pulau kecil di sekitar Provinsi Kepulauan Riau maupun Provinsi Riau. Tempanya bersih nyaman. Fasilitas lengkap ada Mushola, Kamar Mandi, Lift, Eskalator, Ruang Tunggunya juga luas. Ada juga tempat jual oleh oleh. Pokoknya mantap. Semoga semakin baik 👍",True,True,2026-10-05 23:51:47
Sekupang,Sekupang Ferry Terminal,welly anggoro,5,3 tahun lalu,Pelabuhan kapal menuju beberapa pulau terdekat dengan pulau batam. Ramai saat jam kerja.,True,True,2026-10-05 23:51:47
Sekupang,Sekupang Ferry Terminal,Rudy Samosir,5,5 bulan lalu,"Salah satu pelabuhan untuk menuju tanjung balai karimun, dengan tempat yg bersih dan suasana nyaman",False,False,2026-10-05 23:51:47
Sekupang,Sekupang Ferry Terminal,Ririn Raesah,5,10 bulan lalu,"Tempatnya bersih, petugas imigrasinya ramah2, aku sering naik majestic fast ferry. Atm nya rusak ya gaes di sini, tpi taxi dari sini drivernya mau ko kalo suruh berhenti di atm. Ramah2 jg drivernya. Aman jg kalo taxi dari terminalnya. ❤️",False,True,2026-10-05 23:51:47
Sekupang,Sekupang Ferry Terminal,v'jazzy tri,5,7 tahun lalu,Pelabuhannya sangat bersih..fasilitas lengkap ada mushola & toiletnya sangat bersih...,True,False,2026-10-05 23:51:47
Sekupang,Sekupang Ferry Terminal,Ichbal Pangestu Wibowo,4,2 tahun lalu,Sepi. Semoga kedepannya semakin ramai,True,True,2026-10-05 23:51:47
Sekupang,Sekupang Ferry Terminal,Kodrat Suandageni,4,9 tahun lalu,Pelabuhan baru sudah beroperasi. Luas nyaman sejuk. Ruang tunggu lebih luas langsung menghadap laut.,True,True,2026-10-05 23:51:47
Sekupang,Sekupang Ferry Terminal,Rekso pang,5,4 bulan lalu,Sudah ada grab point,False,True,2026-10-05 23:51:47
Sekupang,Sekupang Ferry Terminal,Elia Wardani,3,5 tahun lalu,"Pemandangan cantik, tapi toilet dan penataan pedagang masih jauh dari kata rapi dam bersih",True,True,2026-10-05 23:51:47
Sekupang,Sekupang Ferry Terminal,Gerhana Ml,4,6 tahun lalu,Udah mulai bagus.. fasilitas yg dibuat untuk umum udah ok,True,True,2026-10-05 23:51:47
Sekupang,Sekupang Ferry Terminal,Haris Hamdani,4,8 tahun lalu,Sedang tahap pembangunan. Jadi berasa makin keren.,True,True,2026-10-05 23:51:47
Sekupang,Sekupang Ferry Terminal,Wahyu Ridarto,5,3 tahun lalu,"Pelabuhan Sekupang berangkat ke Guntung ada beberapa kapal : Rahmat Jaya, Mega Fajar, Marina dan Carorina.",True,True,2026-10-05 23:51:47
Sekupang,Sekupang Ferry Terminal,Rio Ekas,5,4 tahun lalu,Tempat bersih dan nyaman.. Kekurangan halte damri terlalu jauh di luar area pelabuhan,True,True,2026-10-05 23:51:47
Sekupang,Sekupang Ferry Terminal,Ph j,5,7 tahun lalu,"Terminal ferynya ga semrawut ,bersih dan relatif sunyi dibanding terminal fery d batam .",True,True,2026-10-05 23:51:47
Sekupang,Sekupang Ferry Terminal,Muhammad Sanie,4,setahun lalu,"Udah mulai nyaman, tidak ada lagi yg teriak-teriak nawarin tiket. Tapi pas boarding masih teriak-teriak, bukan petugas resmi yg manggil via speaker.",False,True,2026-10-05 23:51:47
Sekupang,Sekupang Ferry Terminal,Muhammad Jihan Akbar,5,3 tahun lalu,"Pelabuhan bagus, kapalnya banyak, bersih.",True,True,2026-10-05 23:51:47
Sekupang,Sekupang Ferry Terminal,Hendri Kurniawan,4,setahun lalu,"Pelabuhan yg melayani domestik dan internasional.asional.(spore),pada waktu ya pelabuhan domestik Sekupang sangat Rai penumpang yg melayani rute Kuala Tungkal,bahkan Palembang tapi mungkin saat ini sudah terhenti dikarenakan ada alternatif perjalanan melalui udara atau pun dgn Roro,tapi Fery antar pulau Mash berlangsung ,baik ke Tj balai,selat panjang,Bengkalis Dumai dan bebepa pulau ..",False,True,2026-10-05 23:51:47
Sekupang,Sekupang Ferry Terminal,SRC AMALINA,4,7 tahun lalu,"Hampir sampai di Pelabuhan ferry Sekupang Batam, penumpang sudah tak sabar mau turun dan ingin segera sampai rumah.",True,True,2026-10-05 23:51:47
Sekupang,Sekupang Ferry Terminal,amir h P,1,2 tahun lalu,"Tiket ferry yg mahal dan pemesanan yg masih manual, sepertinya blm bisa mengikuti jaman online sekarang ini. Sangat terlena dgn zona nyaman. Mudah2an kedepan bisa melakukan terobosan baru utk mempermudah pemesanan tiket secara online. Utk transportasi dari tempat ini masih harus memesan taxi konpensional, utk taxi online blm bisa jemput penumpang dikarenakan status taxi pangkalan yg utk tarif masih terbilang MAHAL. Lagi2 hanya bilang, mudah2an taxinya berubah menjadi lebih baik mengikuti zaman.",False,True,2026-10-05 23:51:47
Sekupang,Sekupang Ferry Terminal,Daniel kok san,5,setahun lalu,"Pelabuhan Ferry Domestik dan International. Tertip, rapi, bersih. Mohon diperhatikan tempat parkir mobil masih kurang pohon pelindung, semoga kedepannya ada penanaman pohon pelindung sehingga ada penghijauan dan ada teduh dari panas.",False,True,2026-10-05 23:51:47
Sekupang,Sekupang Ferry Terminal,Ferri Aguswan,4,8 tahun lalu,Pelabuhan domestik makin bagus dan tertata,True,True,2026-10-05 23:51:47
Sekupang,Sekupang Ferry Terminal,Indra Pemana,4,setahun lalu,Lumayan tertata dan bersig,True,True,2026-10-05 23:51:47
Sekupang,Pelabuhan Domestik Sekupang,Ayi KW,5,Diedit setahun lalu,"Pelabuhan laut domestik Sekupang adalah pelabuhan lama di Batam. Setelah sekian kali direnovasi sekarang terlihat sangat cantik dan modern. Ruangan dilengkapi dengan escalator, lift dan juga tangga manual. Untuk para lansia maupun yg sakit menggunakan kursi roda dapat mengakses dengan mudah dan baik. Tersedia juga kursi roda dari dinkes pelabuhan. Ruangan full ac, bersih, lapangan parkir luas. Terdapat jalan pintas menuju pelabuhan laut internasional sekupang, sehingga bagi siapa pun yg ingin langsung berangkat ke Singapura bisa langsung dg jalan kaki saja dalam hitungan menit.",True,True,2026-10-05 23:51:47
Sekupang,Pelabuhan Domestik Sekupang,Farida Ayuningtyas,3,4 tahun lalu,"Kami menggunakan dermaga yang kecil untuk penyeberangan ke pulau belakang padang. Melihat ramainya dan aktifnya masyarakat menggunakan dermaga ini, sudah waktunya fasilitas diperbaiki sehingga lebih nyaman dan lebih aman. Misalnya selasar didermaga banyak yang rusak, atap yang kurang besar sehingga jika hujan penumpang yg bediri terkena banyak air hujan. Mungkin bisa dipikirkan jenis kapal yang lebih besar ke p belakang padang sehingga kebih aman. Ada fasilitas kursi roda yg disediakan tapi malah terkesan horor... Semoga ke depannya lebih baik... Salut untuk para pengguna pompom yang gagah berani...",True,True,2026-10-05 23:51:47
Sekupang,Pelabuhan Domestik Sekupang,tinon padmi,5,setahun lalu,"sebagai warga jawa yang pernah merantau 10 tahun di indonesia timur, gegar budaya melihat pelabuhan sebagus ini, kok bisa di pelabuhan ada eskalatornya",True,True,2026-10-05 23:51:47
Sekupang,Pelabuhan Domestik Sekupang,Rang Bayua,1,setahun lalu,"Kayak pasar petugas memgumumkan boarding pakai suara manua berputar mengitari area tunggu penumpangl, tidak terdengar jelas, padahal punya layar monitor segede gaban di ruang tunggu untuk pengumuman cek in atau boarding melewati pemeriksaan. Pengumuman boarding kapal juga manual disorakkan petugas saja, padahal layar monitor terpampang dimana2. Tidak bisa booking online padahal dimana2 sekarang serba online. Jualan tiket kapal berasa pasar sayur jodoh. No tiket sering tidak sesuai dengan no tempat duduk yg didapat, siapa cepat dia dapat kursi. Kalau lagi rame bisa2 anda dapat tiket berdiri dikapal, kacau lah kalau di pelabuhan domestik nya. Masih teratur juga ternyata terminal bus. Gedung saja yang bagus tapi tidak dengan pelayanan, akses, informasi nya. Dikelola pemerintah tapi serasa oknum, tidak boleh jemput angkutan online ke dalam pelabuhan, pemaksaan, mahal, armada taksi tidak layak, sepertinya dari tahun 90an tidak ada pembaruan armada, saran saya naik trans batam murah cuma 5k , pembayaran bisa kartu/qris. Kalau musim lebaran benar2 rame seperti pasar, jangan berharap lah kalau pelabuhan domeastik ini. Bagusan juga terminal bus di kampungku walau jelek bangunannya tapi no duduk jelas tidak berasa diangkot.",True,True,2026-10-05 23:51:47
Sekupang,Pelabuhan Domestik Sekupang,andreas deny christanto,4,4 tahun lalu,"Pelabuhan penumpang domestik kota Batam, memberangkatkan kapal ke berbagai tujuan. Jika saat liburan pelabuhan ini sangat ramai dan penuh. Harus diatur lagi alur penumpang agar bisa lbh lancar dan tidak terjadi penumpukan saat ramai. Fasilitas sdh cukup bagus, tp lebih baik kursi tunggu di tambah agar bisa menampung lbh banyak orang",True,True,2026-10-05 23:51:47
Sekupang,Pelabuhan Domestik Sekupang,Unun Safitri,2,4 bulan lalu,Pelayanan pelabuhan sangat bagus.. Tapi sayang Porternya keterlaluan.. Narif barang sesuka dia aja. Tarif Porter ny pun gak jelas berapa.. Besar kecil barang maen pukul rata 40 ribu sampai 50 ribu per satu barang. Sayang rasanya pelabuhan dan pelayanan sudah sebagus dirusak sama Porter.,False,False,2026-10-05 23:51:47
Sekupang,Pelabuhan Domestik Sekupang,Den eddhy,5,setahun lalu,Semenjak covid melanda...pelabuhan penyeberangan sekupang ini semakin istimewa..semakin banyak fasilitasnya..membuat pengunjung atau traveler semakin nyaman di pelabuhan ini...maju terus batam. Saya salah satu mantan penduduk mu...,True,True,2026-10-05 23:51:47
Sekupang,Pelabuhan Domestik Sekupang,TENGOKLAH,4,2 tahun lalu,"Pelayanan baik, tempat dan toilet bersih, rapi dan tertata. Terminal Ferry Domestik Sekupang adalah salah satu pelabuhan Domestik di Batam. Terminal ini melayani pelayaran Ferry dengan rute Tanjung Balai Karimun, Beton, Selat Panjang, Dumai, Bengkalis, Tembilahan, Moro, dan Tanjung Batu. Pelabuhan ini memiliki dua dermaga yang lumayan lebar. Gedung Pelabuhan Domestik Sekupang mempunyai dua lantai, satu lantai atau lebih tepatnya lantai 1 digunakan untuk ruang tunggu keberangkatan, dan lantai kedua atau lantai dua adalah tempat pembelian tiket dan pass boarding.",True,True,2026-10-05 23:51:47
Sekupang,Pelabuhan Domestik Sekupang,Althur Renold Monang,4,4 tahun lalu,"Tempat nyebrang ke Belakang Padang (BLP) dan pulau-pulau sekitarnya. Batam - BLP 15 menitan, tiket 15 rb per orang. Model nyebrangnya kaya angkot: jalan kalau penuh penumpang. Karena banyak yang nyebrang, mestinya ga perlu nunggu lama.",True,True,2026-10-05 23:51:47
Sekupang,Pelabuhan Domestik Sekupang,times,5,2 tahun lalu,"pelabuhan domestic nya luas dan bersih, banyak pilihan counter penjual tiket untuk berbagai tujuan, lebih baik lihat jam berangkat tiap counter karena berbeda jam keberangkatan, banyak toko2 snack modern seperti circle K, indomart, roti O, toko oleh2, resto, dll, di seberang pelabuhan mudah untuk naik bus trans batam tetapi jika ingin naik taxi banyak sekali taxi pelabuhan akan banyak yg menawarkan.",True,True,2026-10-05 23:51:47
Sekupang,Pelabuhan Domestik Sekupang,Aseperik,5,sebulan lalu,Lai kali ke sini nyebrang...,True,True,2026-10-05 23:51:47
Sekupang,Pelabuhan Domestik Sekupang,Rizal Adityap,5,4 bulan lalu,"Aslii ini pelabuhan terbaik yg pernah saya datengin Gilaa bersih dan bagus banget, sangat terawat sekali pelabuhan ini Good job",True,True,2026-10-05 23:51:47
Sekupang,Pelabuhan Domestik Sekupang,Danny Sentosa,3,8 tahun lalu,"Tempat tampak baru, bersih dan nyaman. Tidak tampak tempat untuk ngecharge. TV ruang tunggu kecil dan terlalu diatas sehingga tidak nyaman utk dilihat. Tidak ada yang berjualan makanan dan minuman. Penjual makan dan minum sederhan ada setelah masuk dalam kapal",True,True,2026-10-05 23:51:47
Sekupang,Pelabuhan Domestik Sekupang,Andi Muh Rasyad Alfarizqi,5,10 bulan lalu,"Pelabuhan nya bersih, pelayanannya baik2 dan ramah, parkiran nya luas",True,True,2026-10-05 23:51:47
Sekupang,Pelabuhan Domestik Sekupang,Hendra Saputra,5,8 tahun lalu,"Kondisi pelabuhan yang baru sangat nyaman, toilet bersih, area penjualan tiket yang tidak ribut seperti sebelumnya, mushola yang luas dan area parkir yang luas",True,True,2026-10-05 23:51:47
Sekupang,Pelabuhan Domestik Sekupang,Amidya Tri Agusti,4,6 tahun lalu,"Pelabuhan internasional Sekupang berada di Jalan R.E. Martadinata, Sekupang, Batam. Melayani penyeberangan dari Batam - Harbour Front (Singapura) dan sebaliknya. Pelabuhannya bersih, rapi, dan fasilitas umum juga memadai. Pelayanan imigrasi juga baik.",True,True,2026-10-05 23:51:47
Sekupang,Pelabuhan Domestik Sekupang,SM MM 88,5,2 tahun lalu,Sudah lebih baik dan bersih...dan tingkatkan layanannya agar pelangan nyaman dan puas,True,True,2026-10-05 23:51:47
Sekupang,Pelabuhan Domestik Sekupang,zzraa,5,8 bulan lalu,pelabuhan nya bagus bersih dan nyaman,True,False,2026-10-05 23:51:47
Sekupang,Pelabuhan Domestik Sekupang,Ery Dwijayanti,4,6 tahun lalu,"Tempat luas, cukup bersih dan tertata rapi. Tersedia kursi yg cukup untuk penumpang di ruang tunggu. Ada roti O jg disini bila ingin cemilan sambil menunggu kapal. Lokasi di ujung Tanjung Pinggir, dekat dengan RSOB. Setelah pintu keluar, banyak taksi yg stand by menunggu penumpang. Dekat dengan pangkalan halte Busway jg, tinggal jalan kaki keluar ke arah kanan.",True,True,2026-10-05 23:51:47
Sekupang,Pelabuhan Domestik Sekupang,fatikha thurochmah,5,3 tahun lalu,Salah satu pelabuhan yang ada di batam Ke sini biasanya untuk main ke belakang Padang Kebersihan oke Pelayanan ramah,True,True,2026-10-05 23:51:47
Sekupang,SEKUPANG INTERNATIONAL FERRY TERMINAL,Tontu Seten,1,6 bulan lalu,Pelabuhan terburukdi tiket tertera jam otw sampe jam blm jga berangkat kta karyawan nya nunggu penuhpelanggan disuruh bersabar sementara pihak pelabuhan nya gak mikirin org udh nunggu lama lama gk berangkat jga..,False,False,2026-10-05 23:51:47
Sekupang,SEKUPANG INTERNATIONAL FERRY TERMINAL,Joke Virgins,1,6 bulan lalu,Pelabuhan tidak ramah anak dan lansia Orang-orang pada merokok sembarangan Dalam ruangannya pun tercium residu asap rokok Parah sih ini Sekelas internasional port,False,False,2026-10-05 23:51:47
Sekupang,SEKUPANG INTERNATIONAL FERRY TERMINAL,Noé Aviste,5,9 bulan lalu,"Pelayanannya bagus, ramah, mantap",False,False,2026-10-05 23:51:47
Sekupang,SEKUPANG INTERNATIONAL FERRY TERMINAL,muhamad syifa,1,6 bulan lalu,"Gak ada u-turn , ditutup semua u turnnya Jadi kalau parkir Mau pick up di depan pelabuhan Harus keluar pelabuhan dulu Baru masuk lagi",False,False,2026-10-05 23:51:47
Sekupang,SEKUPANG INTERNATIONAL FERRY TERMINAL,S Triple,1,6 bulan lalu,Ruangan kedatangan berbau rokok Seharusnya Pelabuhan itu wilayah KTR (Kawasan Tanpa Rokok) PELABUHAN ini harus berbenah,False,False,2026-10-05 23:51:47
Sekupang,SEKUPANG INTERNATIONAL FERRY TERMINAL,Mario Henrikus Marbun,5,9 bulan lalu,Pelayanan sangat baik dan tertata rapi. petugas ramah dan informatif. Fasilitas memadai dan area cukup bersih. Pengalaman yang nyaman,False,False,2026-10-05 23:51:47
Sekupang,SEKUPANG INTERNATIONAL FERRY TERMINAL,Lightning kijang,5,9 bulan lalu,"menurut saya nyaman dan cukup rapi. Proses masuknya tertib, petugasnya membantu, dan area tunggunya bersih. Aksesnya juga mudah, jadi tidak ribet kalau mau naik atau turun ferry. Cocok buat yang sering bepergian ke luar Batam karena suasananya tenang dan pelayanannya oke👍.",False,False,2026-10-05 23:51:47
Sekupang,SEKUPANG INTERNATIONAL FERRY TERMINAL,Putri Anggraini,5,9 bulan lalu,tempatnya nyaman dan banyak pilihan oleh oleh untuk buah tangan,False,False,2026-10-05 23:51:47
Sekupang,SEKUPANG INTERNATIONAL FERRY TERMINAL,Andi Elpandi,5,9 bulan lalu,Sangat bagus sekali,False,False,2026-10-05 23:51:47
Sekupang,SEKUPANG INTERNATIONAL FERRY TERMINAL,Muhammad Fadillah Rasha,5,9 bulan lalu,tempatnya bagus dan bersih banget,False,False,2026-10-05 23:51:47
Sekupang,SEKUPANG INTERNATIONAL FERRY TERMINAL,Macademia_P,5,9 bulan lalu,Tempatnya sangat nyaman sebelum pergi menyebrang,False,True,2026-10-05 23:51:47
Sekupang,SEKUPANG INTERNATIONAL FERRY TERMINAL,Indah Mandiri,5,7 bulan lalu,Bawa kucing boleh gak ya d kapal?,False,False,2026-10-05 23:51:47
Sekupang,SEKUPANG INTERNATIONAL FERRY TERMINAL,Rizqy Septiadi Rahmatullah,5,9 bulan lalu,"Tempat nya nyaman, bersih, Pelayanan nya Top banget",False,True,2026-10-05 23:51:47
Sekupang,SEKUPANG INTERNATIONAL FERRY TERMINAL,intan zulaikha,5,9 bulan lalu,bagus bgt pelayanan ny,False,False,2026-10-05 23:51:47
Sekupang,SEKUPANG INTERNATIONAL FERRY TERMINAL,Sipolin z,1,7 bulan lalu,Ruangan tmpt cap paspornya bau rokok Setahu saya harusnya pelabuhan itu tampa rokok,False,False,2026-10-05 23:51:47
Sekupang,SEKUPANG INTERNATIONAL FERRY TERMINAL,zurr,5,9 bulan lalu,tempat nya bagussss ✨ saya sukaa 👍,False,False,2026-10-05 23:51:47
Sekupang,SEKUPANG INTERNATIONAL FERRY TERMINAL,Muhammad Akbar,5,9 bulan lalu,"Tempat nya adem banget dan bagus, cocok buat foto foto",False,False,2026-10-05 23:51:47
Sekupang,SEKUPANG INTERNATIONAL FERRY TERMINAL,Dian Hary Kurniawan,5,9 bulan lalu,"Nyaman, asri. Dan ini adalah pelabuhan internasional pertama di kota batam",True,True,2026-10-05 23:51:47
Sekupang,SEKUPANG INTERNATIONAL FERRY TERMINAL,Dinda Purna Hamdany,5,9 bulan lalu,"pelayanan yang baik dan cepat, semoga tidak berubah selamanya",False,False,2026-10-05 23:51:47
Sekupang,SEKUPANG INTERNATIONAL FERRY TERMINAL,Ojann,5,9 bulan lalu,"Pelayanannya sangat bagus, memang cocok untuk dikasih bintang",False,False,2026-10-05 23:51:47
Sekupang,SEKUPANG INTERNATIONAL FERRY TERMINAL,Yan Haikhal,5,9 bulan lalu,Paling cocok klo mau ke SG dri batam,False,False,2026-10-05 23:51:47
Sekupang,SEKUPANG INTERNATIONAL FERRY TERMINAL,Wahyu Dwi Tama,5,9 bulan lalu,"Sekupang International Ferry Terimal , Terbaik",False,True,2026-10-05 23:51:47
Sekupang,SEKUPANG INTERNATIONAL FERRY TERMINAL,farda imyut,5,9 bulan lalu,tempat nya bagus juga nyaman,False,False,2026-10-05 23:51:47
Sekupang,SEKUPANG INTERNATIONAL FERRY TERMINAL,Khrisna Ajaa,5,9 bulan lalu,tempatnya sangat memukau,False,False,2026-10-05 23:51:47
Sekupang,SEKUPANG INTERNATIONAL FERRY TERMINAL,Uli Lias,5,9 bulan lalu,tempatnya indah luas dengan view laut yang indah,False,False,2026-10-05 23:51:47
Sekupang,SEKUPANG INTERNATIONAL FERRY TERMINAL,Syafka,5,9 bulan lalu,"PELAYANAN NYA MANTAPP, KAPAN KAPAN KESINI LAGI",False,False,2026-10-05 23:51:47
Sekupang,SEKUPANG INTERNATIONAL FERRY TERMINAL,annaa,5,9 bulan lalu,"bagus banget, suka deh",False,False,2026-10-05 23:51:47
Sekupang,SEKUPANG INTERNATIONAL FERRY TERMINAL,Itsuki Chan,5,9 bulan lalu,"Keren banget, kapan kapan kesini lagi hehe",False,False,2026-10-05 23:51:47
Sekupang,SEKUPANG INTERNATIONAL FERRY TERMINAL,BatPersonsAlter,5,9 bulan lalu,Baguss tempat ferrynya,False,False,2026-10-05 23:51:47
Sekupang,SEKUPANG INTERNATIONAL FERRY TERMINAL,sahroni,5,9 bulan lalu,tempat nya bagus,False,False,2026-10-05 23:51:47
Sekupang,SEKUPANG INTERNATIONAL FERRY TERMINAL,Filza Yulaini rahma 7D,5,9 bulan lalu,"sangat baik,dan juga nyaman",False,False,2026-10-05 23:51:47
Sekupang,SEKUPANG INTERNATIONAL FERRY TERMINAL,caisar dzaky,5,9 bulan lalu,tempatnya bersih,False,False,2026-10-05 23:51:47
Sekupang,SEKUPANG INTERNATIONAL FERRY TERMINAL,Sie nyun cian Antoni,5,9 bulan lalu,Bagus banget tempat nya,False,False,2026-10-05 23:51:47
Sekupang,SEKUPANG INTERNATIONAL FERRY TERMINAL,MASS KUNCORO,5,9 bulan lalu,Sekupang ferry terbaik,False,False,2026-10-05 23:51:47
Sekupang,SEKUPANG INTERNATIONAL FERRY TERMINAL,M Ridho,5,9 bulan lalu,Puas banget,False,False,2026-10-05 23:51:47
Sekupang,SEKUPANG INTERNATIONAL FERRY TERMINAL,Sarah Naillah,5,9 bulan lalu,Kerenn banget,False,False,2026-10-05 23:51:47
Sekupang,SEKUPANG INTERNATIONAL FERRY TERMINAL,Ebi Gael Hutahean,5,9 bulan lalu,Mudah dan Praktis,False,False,2026-10-05 23:51:47
Sekupang,SEKUPANG INTERNATIONAL FERRY TERMINAL,Dinda Maya,5,9 bulan lalu,👍🏻👍🏻👍🏻,False,False,2026-10-05 23:51:47
Sekupang,SEKUPANG INTERNATIONAL FERRY TERMINAL,Rifky Rafansyah,5,9 bulan lalu,Bagus,False,False,2026-10-05 23:51:47
Sekupang,SEKUPANG INTERNATIONAL FERRY TERMINAL,Shynja,5,9 bulan lalu,kereeenn,False,False,2026-10-05 23:51:47
Sekupang,SEKUPANG INTERNATIONAL FERRY TERMINAL,faizal toni,3,6 bulan lalu,"Panas banget!! Harus menunggu 3 jam untuk feri berikutnya, badanku berkeringat, keringat mengalir dari ketiakku... Diterjemahkan oleh Google ・ Lihat versi asli (Inggris)",False,True,2026-10-05 23:51:47
Sekupang,SEKUPANG INTERNATIONAL FERRY TERMINAL,Aditya Renger,5,9 bulan lalu,"Layanan pelabuhan yang bersih, aman, dan efisien. Pengalaman yang sangat memuaskan. Diterjemahkan oleh Google ・ Lihat versi asli (Inggris)",False,False,2026-10-05 23:51:47
Sekupang,SEKUPANG INTERNATIONAL FERRY TERMINAL,Jojo N.,2,5 bulan lalu,"Terminal feri internasional Sekupang telah berubah menjadi tempat yang suram. Hampir tidak ada layanan yang tersedia, pedagang telah tutup, karena kenaikan sewa sebesar 30%. Ini bukan cara untuk menarik penumpang yang membayar. Lebih baik berjalan kaki 3 menit ke terminal domestik untuk mendapatkan lebih banyak pilihan yang masuk akal. Langkah pertama adalah mengurangi harga tiket feri ke Singapura, 50 dolar AS per orang akan masuk akal. Pastikan Anda memiliki cukup pedagang yang menawarkan makanan atau barang menarik dengan harga yang wajar, bukan harga Singapura, ingat ini Batam. Manajemen terminal baru benar-benar perlu memiliki ide yang lebih baik daripada hanya menaikkan sewa dan mengusir pedagang. Diterjemahkan oleh Google ・ Lihat versi asli (Inggris)",False,True,2026-10-05 23:51:47
Sekupang,SEKUPANG INTERNATIONAL FERRY TERMINAL,[Adelio],5,9 bulan lalu,Tempat yang cukup bagus Diterjemahkan oleh Google ・ Lihat versi asli (Inggris),False,False,2026-10-05 23:51:47
Sekupang,SEKUPANG INTERNATIONAL FERRY TERMINAL,Safariani Safariani,5,9 bulan lalu,sangat bagus Diterjemahkan oleh Google ・ Lihat versi asli (Melayu),False,False,2026-10-05 23:51:47
Sekupang,SEKUPANG INTERNATIONAL FERRY TERMINAL,Dede bayu,5,9 bulan lalu,Indah dan matahari terbenam Diterjemahkan oleh Google ・ Lihat versi asli (Inggris),False,False,2026-10-05 23:51:47
Sekupang,SEKUPANG INTERNATIONAL FERRY TERMINAL,rei4 kecebgt,5,9 bulan lalu,Luar biasa!!! ❤️ Diterjemahkan oleh Google ・ Lihat versi asli (Inggris),False,False,2026-10-05 23:51:47
Sekupang,SEKUPANG INTERNATIONAL FERRY TERMINAL,Loooki,2,2 minggu lalu,Masih tua dan bobrok Diterjemahkan oleh Google ・ Lihat versi asli (Inggris),False,False,2026-10-05 23:51:47
Sekupang,SEKUPANG INTERNATIONAL FERRY TERMINAL,Zu Sebastian,5,sebulan lalu,,False,False,2026-10-05 23:51:47
Sekupang,Sekupang,Fredianto Nugroho,5,8 tahun lalu,"Pelabuhan sudah modern, benar benar seperti pelabuhan Internasional. Tidak ada kekurangan sama sekali kecuali jalan menuju ke Trans Batam yang agak jauh (bukan di dalam pelabuhan sekalian) dan jalan menuju ke Terminal Trans Batam banyak yang tawarin buat naik angkutan mahal lagi",True,True,2026-10-05 23:51:47
Sekupang,Sekupang,Satria Hutasoit,3,7 tahun lalu,Ada perubahan lah setelah sekian lama tapi hanya di gedung nya saja,True,True,2026-10-05 23:51:47
Sekupang,Sekupang,Vina Prastianty,3,setahun lalu,"Di pelabuhan sekupang batam-singapura tidak nyaman, ac mya tidak dingin, lokasinya tidak bersih",False,False,2026-10-05 23:51:47
Sekupang,Sekupang,Ita ani,3,10 tahun lalu,"Pelabuhan nya sangat bersih, tapi alangkah baiknya stuff imigrasi jangan telat kalau pagi, kasian orang yang harus kerja pagi ambil first ferry bila terlambat masuk kerja.",False,False,2026-10-05 23:51:47
Sekupang,Sekupang,Rocky Maru,4,9 tahun lalu,Pelabuhan ferry sekupang sekarang sudah bersih bagus tapi sepi..kalau mau ke singapore bagus dari pelabuhan ferry sekupang lrbih cepat karna sepi jadi tidak terlalu lama antri di imigrasi..recomended,True,True,2026-10-05 23:51:47
Sekupang,Sekupang,Maria Magdalena,3,9 tahun lalu,Bangunan barunya makin bagus dan nyaman dengan lebih banyak kursi dan ruang ber-AC. Semoga bebas rokok juga.,False,True,2026-10-05 23:51:47
Sekupang,Sekupang,sulistyono raharjo,4,10 tahun lalu,Untuk penduduk kuar daerah dulu suruh membayar jaminan. Tp setelah meninggalkan batam uang jaminannya dikembalikan,False,True,2026-10-05 23:51:47
Sekupang,Sekupang,Dwik P.S,5,8 tahun lalu,"Wow untuk terminal pelabuhan sekarang ya. Sudah lama tak berkunjung ke pelabuhan, sempat lupa sedang berada di airport atau pelabuhan. Masyarakat pengguna pelabuhan sudah lebih aman",False,True,2026-10-05 23:51:47
Sekupang,Sekupang,Laode Bakti,5,9 tahun lalu,Pelabuhannya bersih dan nyaman,True,True,2026-10-05 23:51:47
Sekupang,Sekupang,Vinsent Alexandro,4,10 tahun lalu,"Pelabuhan terbaik yang ada di Batam. Petugas imigrasi nya ramah, taxi mudah didapat",False,True,2026-10-05 23:51:47
Sekupang,Sekupang,Elvi Sugar,5,9 tahun lalu,Pelabuhan internasional ini sebentar lagi akan bagus.. Karena sekarang dalan tahap renovasi,False,True,2026-10-05 23:51:47
Sekupang,Sekupang,Manutur Siringoringo,5,8 tahun lalu,"Tempat nyaman lahan parkir luas, adem ,asri,ac sejuk,pelayanan memuaskan",False,True,2026-10-05 23:51:47
Sekupang,Sekupang,Kodrat Suandageni,4,9 tahun lalu,Renovasi hampir selesai . Pelabuhan yang cukup besar dan bagus..,False,True,2026-10-05 23:51:47
Sekupang,Sekupang,fenix_renascentia,4,setahun lalu,Pelabuhan ferry domestik.,True,True,2026-10-05 23:51:47
Sekupang,Sekupang,Oppo Smartphone,4,11 tahun lalu,"2003,14 Nov dimana saya pertama menginjakkan kaki di batam melalui pelabuhan ini,,,,",False,False,2026-10-05 23:51:47
Sekupang,Sekupang,BOWO WIBOWO,4,7 tahun lalu,Tempat yg tenang untuk bersantai dan refreshing di hari libur,False,True,2026-10-05 23:51:47
Sekupang,Sekupang,Shalahuddin Umar,3,9 tahun lalu,Pelabuhannya selain dekat fasilitasnya juga sudah oke,False,True,2026-10-05 23:51:47
Sekupang,Sekupang,Harith Activity,3,7 tahun lalu,Pelabuhan domestik tak senyaman pelabuhan intern.,False,True,2026-10-05 23:51:47
Sekupang,Sekupang,xie kauti,2,11 tahun lalu,Bulan yg lalu pulkam dari terminal skp.,False,True,2026-10-05 23:51:47
Sekupang,Sekupang,Aye aye Captain,4,7 tahun lalu,"Udah bagus, tertib dan ber AC",False,True,2026-10-05 23:51:47
Sekupang,Sekupang,iman amin,1,6 tahun lalu,Tak boleh pesan taxi online,False,True,2026-10-05 23:51:47
Sekupang,Sekupang,Ramadli,3,10 tahun lalu,Lumayan Keamanan nya terjaga,False,True,2026-10-05 23:51:47
Sekupang,Sekupang,fahri muhammad,5,Diedit 9 tahun lalu,"This photo taken when ""mudik lebaran""",False,True,2026-10-05 23:51:47
Sekupang,Sekupang,Atuak Lintau,5,3 tahun lalu,Bagus servise nya,False,True,2026-10-05 23:51:47
Sekupang,Sekupang,Syafrizal Virgo,5,7 tahun lalu,Ruang Tunggu,True,True,2026-10-05 23:51:47
Sekupang,Sekupang,Erwin Prayoga,5,9 tahun lalu,Nyaman parkiran luas,False,True,2026-10-05 23:51:47
Sekupang,Sekupang,ᄅ ᄐ ᄂ ᄆ,5,6 tahun lalu,Terminal domestik yg cakep,False,True,2026-10-05 23:51:47
Sekupang,Sekupang,Cahyana Wiyana,2,9 tahun lalu,Jaman Otorita pernah jaya,False,False,2026-10-05 23:51:47
Sekupang,Sekupang,GBI Taman Laguna Indah,5,10 tahun lalu,Tempat yang disiplin dan bersih,False,True,2026-10-05 23:51:47
Sekupang,Sekupang,Miralza Diza,5,10 tahun lalu,Nyaman...,False,True,2026-10-05 23:51:47
Sekupang,Sekupang,Rulifa Rulifa,4,10 tahun lalu,Sangat dekat dengan singapore,False,True,2026-10-05 23:51:47
Sekupang,Sekupang,Asmul Muhammad,3,11 tahun lalu,Keren..,False,False,2026-10-05 23:51:47
Sekupang,Sekupang,David Setiyadi,4,9 tahun lalu,Pelabuhan domestik dan international,False,True,2026-10-05 23:51:47
Sekupang,Sekupang,Abi Fakhri,3,11 tahun lalu,Mudik bulann..,False,True,2026-10-05 23:51:47
Sekupang,Sekupang,Rinnie Sutarto,5,10 tahun lalu,Bagus,False,True,2026-10-05 23:51:47
Sekupang,Sekupang,for yoys,1,4 bulan lalu,"Hati-hati dengan porter! Ini adalah kali kedua saya di terminal feri Sekupang dan biasanya setelah mendapatkan cap paspor dari Imigrasi Indonesia, saya berjalan untuk mendapatkan kartu kedatangan dengan kode QR untuk dipindai, langkah terakhir adalah memasukkan tas saya ke mesin sinar-X dan mengambilnya setelah melewati mesin. Biasanya bagasi akan berada di samping mesin sinar-X, tetapi entah kenapa saya tidak dapat menemukannya dan saya bertanya dan melihat bahwa bagasi berada di luar area penurunan bagasi. Ketika hendak mengambil bagasi saya, saya menyerahkan bukti penerimaan bagasi kepada porter, tetapi entah kenapa porter tersebut meminta uang! Saya mengatakan kepada mereka bahwa tidak ada yang meminta mereka untuk mengambil bagasi kami dan mengapa kami harus membayar untuk layanan yang tidak pernah kami minta bantuan siapa pun untuk memuat dan menurunkan bagasi kami, yang dapat kami lakukan sendiri. Jumlah yang mereka minta saya kira sekitar 40.000 hingga 100.000 rupiah. Saya tidak akan pernah mendukung layanan porter yang korup seperti itu dan saya langsung bersikap tegas dan mengatakan kepada mereka dalam bahasa Indonesia bahwa tidak ada yang namanya membayar kepada mereka. Memang benar, Batam memiliki salah satu terminal feri dengan korupsi terburuk. Saya tidak akan pernah mengunjungi Batam lagi karena pengalaman sekali itu akan menjadi yang terakhir, dan perlu diingat saya telah mengunjungi Batam setidaknya 6 kali dalam 10 tahun terakhir dan tidak ada yang berubah kecuali sistem yang korup. Ingat, jangan sampai tertipu dan membayar porter, cukup katakan tidak dengan tegas dan pergi. Diterjemahkan oleh Google ・ Lihat versi asli (Inggris)",False,False,2026-10-05 23:51:47
Sekupang,Sekupang,Cullen帝国,4,setahun lalu,"Tidak semua berbicara bahasa Inggris, tetapi orang-orang dan stafnya ramah. Hanya saja, mitra Grab Car akan mengantar Anda ke tempat lain jika Anda tidak memesan terlebih dahulu. Mereka akan mengatakan akan menunggu Anda setelah pemesanan Grab selesai... seperti kontrak. Pastikan Anda mengaktifkan eSIM atau roaming untuk data. Mereka menggunakan WhatsApp. Diterjemahkan oleh Google ・ Lihat versi asli (Inggris)",True,True,2026-10-05 23:51:47
Sekupang,Sekupang,Yogi Kwok,4,7 tahun lalu,"Sistem antrian bisa lebih baik, belum pernah melihat kekacauan seperti ini saat check-in, bahkan dengan gerbang otomatis. Terminal baru bersih. Diterjemahkan oleh Google ・ Lihat versi asli (Inggris)",True,True,2026-10-05 23:51:47
Sekupang,Sekupang,Ludwig Simek,3,3 tahun lalu,"Beberapa speedboat berangkat dari sini ke Sumatra dan pulau-pulau sekitarnya. Kami naik satu ke Kuala Lumpur dengan harga 612.000 rupee yang lumayan mahal. Sayangnya, penerbangan ke Jakarta hampir lebih murah. Pelabuhannya sendiri sangat baik. Petugas di meja informasi ramah dan membantu. Staf di loket tiket agak terlalu bersemangat, tetapi kami tetap mendapatkan tiket. Ada restoran yang bagus di seberang jalan. Kapalnya penuh petualangan, cepat, dan stabil. Modelnya sangat tua, ditenagai oleh lima motor tempel yang luar biasa berisik, tetapi tampaknya bertenaga. Kami berangkat tepat pukul 10.00 pagi dan tiba di tujuan tepat pukul 17.00, termasuk istirahat makan siang selama setengah jam. Suara mesin dan pemutaran video yang terus-menerus keras dari ponsel sangat mengganggu. Orang-orang di sini tidak sopan dan tidak punya sopan santun. Setidaknya banyak dari mereka yang begitu. Bahkan beberapa awak kapal. Perjalanan menyusuri garis pantai hampir sepanjang perjalanan. Perahu berhenti beberapa kali dan menyeberangi sungai besar di pedalaman Sumatra. Hanya setengah jam terakhir yang membawa kami menyeberangi lautan lepas. Di Kuala Lumpur, kami disambut dengan hangat dan diizinkan berfoto selfie dengan pemuda setempat. Daerah ini sangat Muslim, dan kami harus mencari cukup lama sebelum sebuah hotel mau memberi kami kamar ganda tanpa perlu bukti pernikahan (meskipun kami sudah menikah selama 12 tahun). Kami tidak mengalami hal seperti itu di tempat lain di Indonesia. Diterjemahkan oleh Google ・ Lihat versi asli (Jerman)",False,True,2026-10-05 23:51:47
