lokasi,pelabuhan,nama_reviewer,rating,tanggal,review,has_photo,is_localguide,scraped_at
Batam Centre,Batam Center International Ferry Terminal,Jaka Ramadhona,4,4 bulan lalu,"Jujur, kalau lewat Terminal Ferry Batam Centre ini emang kerasa banget vibe-nya sibuk. Namanya juga gerbang utama internasional, jadi jangan kaget kalau suasananya selalu hectic, apalagi pas akhir pekan atau jam-jam keberangkatan feri. Buat saya pribadi, nilai plusnya di sini adalah lokasinya yang sudah terintegrasi langsung dengan mal. Jadi, kalau nunggu keberangkatan, nggak mati gaya—tinggal nyeberang dikit udah bisa cari makan atau sekadar ngadem. Itu ngebantu banget sih buat kill time. Tapi ya, konsekuensinya harus siap mental sama antrean imigrasi yang kadang bisa panjang banget. Saran saya, jangan mepet kalau mau berangkat, harus kasih jeda waktu yang cukup biar nggak keteteran. Secara fasilitas, tempat ini tergolong fungsional—nggak yang mewah-mewah banget, tapi sudah cukup oke untuk kebutuhan mobilitas rutin. Overall, buat ukuran terminal sibuk, tempat ini lumayan bisa diandalkan asal kita paham manajemen waktunya",True,True,2026-10-08 20:49:46
Batam Centre,Batam Center International Ferry Terminal,Priyanto Akhmad Solihin,5,4 bulan lalu,"Mei 2026 Sejauh ini tidak ada kendala apa pun dalam proses penyebrangan ke Singapura. Dari mulai imigrasi, boarding ke kapal, semuanya lancar dan menyenangkan.",True,True,2026-10-08 20:49:46
Batam Centre,Batam Center International Ferry Terminal,Orang Baik,5,Diedit 6 bulan lalu,"Batam Centre Fast Ferry Terminal cukup ramai karena menjadi salah satu pintu utama keluar masuk Batam, terutama untuk rute internasional seperti ke Singapura dan Johor. Lokasinya strategis, dekat dengan pusat kota dan beberapa pusat perbelanjaan. Area terminal cukup luas dan fasilitas dasar seperti tempat duduk, loket tiket, serta pemeriksaan imigrasi tersedia dengan baik. Namun saat jam sibuk antrean bisa cukup panjang dan suasana terasa padat. Secara keseluruhan terminal ini cukup memadai untuk perjalanan laut, meskipun kenyamanan bisa lebih ditingkatkan saat ramai.",True,True,2026-10-08 20:49:46
Batam Centre,Batam Center International Ferry Terminal,Selvi Diana Meilinda,5,setahun lalu,"Pagi-Pagi ke sini untuk menyebrang ke spore. Pelabuhan Batam Center merupakan salah satu gerbang utama bagi wisatawan dan pebisnis yang ingin menyeberang ke Singapura dan Malaysia. Sebagai pelabuhan internasional yang sibuk, tempat ini dikenal dengan suasana yang tertib dan kondusif, memberikan kenyamanan bagi para penumpang yang akan berangkat maupun yang baru tiba. Salah satu hal yang paling mencolok di Pelabuhan Batam Center adalah sistem antrian dan pengelolaan penumpangnya yang teratur. Papan petunjuk arah tersedia dengan jelas, sehingga memudahkan pengunjung dalam mencari loket tiket, area imigrasi, dan ruang tunggu. Petugas di pelabuhan juga cukup sigap dalam membantu para penumpang, baik yang baru pertama kali datang maupun yang sudah sering bepergian. Kebersihan di area pelabuhan juga terjaga dengan baik. Fasilitas umum seperti toilet, ruang tunggu, dan area makan cukup bersih dan nyaman. Selain itu, suasana di dalam pelabuhan cenderung tertib, dengan kontrol keamanan yang ketat tetapi tetap efisien. Proses imigrasi berjalan cukup cepat, terutama jika penumpang sudah menyiapkan dokumen yang dibutuhkan. Dari segi aksesibilitas, Pelabuhan Batam Center terhubung langsung dengan pusat perbelanjaan, sehingga penumpang yang datang atau menunggu keberangkatan bisa berbelanja atau bersantap dengan nyaman. Tersedia pula berbagai moda transportasi, seperti taksi dan layanan transportasi online, yang memudahkan perjalanan ke berbagai wilayah di Batam. Secara keseluruhan, Pelabuhan Batam Center merupakan pelabuhan yang tertib, kondusif, dan memiliki fasilitas yang cukup baik. Bagi wisatawan maupun pelaku bisnis yang sering bepergian ke Singapura atau Malaysia, pelabuhan ini menjadi pilihan utama karena kepraktisan dan kenyamanan yang ditawarkannya.",True,True,2026-10-08 20:49:46
Batam Centre,Batam Center International Ferry Terminal,Andreas Sihono,3,3 bulan lalu,"Pelayanan tiket bagus, kemarin beli tiket ferry majestic. Sayang toiletnya kurang terawat",True,True,2026-10-08 20:49:46
Batam Centre,Batam Center International Ferry Terminal,lontongstroong,3,Diedit 10 bulan lalu,"Waktu kunjungan: Desember 2024 Dibandingkan dengan pelabuhan Harbour Bay, pelabuhan ini lebih kecil, tetapi tidak kalah ramai karena melayani wilayah pusat pemerintahan Batam dan pemukiman di sekitarnya. Karena hal ini juga, ukuran terminal terasa terlalu kecil dan sumpek. Tidak terbayang seberapa kecil ruang tunggu pascapemeriksaan imigrasi - mungkin strategi menyempatkan waktu sesedikit mungkin hal yang baik jika berangkat dari pelabuhan ini. Proses pemeriksaan kedatangan imigrasi lancar dan efisien, tidak ada masalah - petugas bahkan mengajak bercanda sejenak, mungkin untuk melepaskan kejemuan pekerjaan yang repetitif. Di dalam terminal pelabuhan, cukup banyak kios makanan dan tentunya suvenir, serta bahkan supermarket kecil. Bangunan terhubung langsung dengan mall besar melalui jembatan pejalan kaki. Cukup cari pintu akses di lantai dua bangunan pelabuhan, yang ditandai jelas.",True,True,2026-10-08 20:49:46
Batam Centre,Batam Center International Ferry Terminal,Djer.Dolanan,4,setahun lalu,"Pelabuhan yg strategis di tengah kota, ada ke Singapura dan pelabuhan . Menjadi satu dengan mall, ada banyak toko duty free, foreign exchange, toko2 yg cukup hidup Tempat area tunggu diluar kurang besar, kebersihan bagus dan areal parkir luas",True,True,2026-10-08 20:49:46
Batam Centre,Batam Center International Ferry Terminal,Reni perwira,2,3 tahun lalu,"Pelabuhan Di batam yang sudah Cukup bagus dan mudah untuk akses ke singapore dan malaysia !! Namun kondisi pelabuhan nya masih kurang ya! Fasilitas yoilet yang sangat bauu!! Fasilitas charging station yang yg kurang dan fasilitas tempat duduk untuk ruang tunggu kenaikan ke kapal setelah cek akhir atau setelah melewati imigrasi , Area nya masih sangat rasis. Dan ada nya pungutan2 liar di sekitar terutama di parkir, Dan juga untuk penjaga dan security2 tolong kalian memposisikan dia kalian itu security !!! Membuat pelayanan dan di public area serta harusnya membuat orang2 merasa aman dan nyaman bukan malah membuat pengunjung merasa tidak nyaman!! Aku sudah beberapa kali ke sg melalui pelabuhan batam , namun yg di sayangkan banyak sekali bad service, Susah mengungkap kan dg kata2 semua nya bisa alian liat di review2 di bawahh!! Mostly kasar dan banyak oknum2 kurang ajar juga spt cat calling!! Padahal ini katanya kota pariwisata yang mana ini sangat dekat dg singapore namun bad service!!",True,True,2026-10-08 20:49:46
Batam Centre,Batam Center International Ferry Terminal,Odi Messakh,1,5 bulan lalu,Kenapa taksi online dan taksi bluebird masih ga bisa masuk dijaman sudah 2026. Dikota secanggih batam. Pemerintahnya kok bisa diam aja yaa. Menyusahkan penumpang.,False,False,2026-10-08 20:49:46
Batam Centre,Batam Center International Ferry Terminal,Shela Rizky,1,sebulan lalu,Gila petugas imigrasinya JAHAT banget. Menterinya tau gak sih ini. Transformasi budaya lah woyyyyy udah ga jaman imigrasi kasar begitu ya Allahhhh.,False,True,2026-10-08 20:49:46
Batam Centre,Batam Center International Ferry Terminal,nonom monon,1,6 bulan lalu,"Jadwal kapal jam 6 baru bisa masuk gate 5.45 dengan Alasan briefing, dah mepet mepet sampe dapet last call dilempar sana sini sama petugas imigrasi padahal gaada issue, lah kita buru-buru karena dia yang telat dia pula yang marah, tanya tanya jawabnya malah songong & ga informatif, 🤦‍♀️",False,False,2026-10-08 20:49:46
Batam Centre,Batam Center International Ferry Terminal,An nieza dea Versary,1,4 bulan lalu,"Buat petugas imigrasinya, Kayaknya ga perlu judes ya, sensi banget sama pribumi emang kenapa sih, pak terlalu memandang remeh, menggerutu di depan pelanggan, coba di evaluasi ya karyawannya, dibayar pake duit pajak kan",False,False,2026-10-08 20:49:46
Batam Centre,Batam Center International Ferry Terminal,Ahmad Kid,1,setahun lalu,"Sepertinya ada beberapa petugas yang memang tidak bisa bekerja di bidang pelayanan, kedatangan ferry terakhir sengaja lewat counter karena membawa anak, malah paspor di banting dilempar, bahasa nda ada sopan santunnya, harusnya tadi saya catat namanya, pengen silaturahmi 👏",True,True,2026-10-08 20:49:46
Batam Centre,Batam Center International Ferry Terminal,Ali Afif,5,Diedit 2 tahun lalu,Pelabuhan yang selalu ramai di kunjungi sebagai akses penyeberangan dari batam ke Singapura atau Malaysia dan sebaliknya. Fasilitas bagus dan lengkap. Akses mudah dan aman.,True,True,2026-10-08 20:49:46
Batam Centre,Batam Center International Ferry Terminal,mister trump,1,9 bulan lalu,Sangat tidak rekomended. Pelabuhan internasional tapi ruang tunggunya panas kek neraka. tak ada AC hanya kipas angin. Lebih bagus lewat sekupang atau harbourbay,False,False,2026-10-08 20:49:46
Batam Centre,Batam Center International Ferry Terminal,Dwi melvin,1,8 bulan lalu,"Selasa 3, febuari 2026 jam 3 an saya turun dari kapal dan saya ketemu untuk membuat imei saya ketemu dua orang tua yg tidak memiliki sopan tidak jelas tiba tiba menuduh saya menggunakan sabu padahal mata saya merah karena baru bangun dan pergi siap kan diri untuk turun dari kapal",False,False,2026-10-08 20:49:46
Batam Centre,Batam Center International Ferry Terminal,mellinda anastasya,1,8 bulan lalu,"Petugas parkir memaksa menggunakan cash padahal sudah di informasikan sebelum pembayaran parkir oleh saya bahwa saya akan menggunakan emoney dan kemudian kami didesak tetap menggunakan cash apapun terjadi dipaksa mencari cash saat itu juga, petugas pembayaran parkir tidak solutif 😊",False,False,2026-10-08 20:49:46
Batam Centre,Batam Center International Ferry Terminal,Jordan Lionel,1,3 bulan lalu,"g ramah,mau nanya disuruh pergi,duduk gaada etika nya,malu jadi orang batam liat petugas spt itu,hadeh",False,False,2026-10-08 20:49:46
Batam Centre,Batam Center International Ferry Terminal,재환나,4,3 tahun lalu,"Eh eh ? Mo kemane neng hahaha Kaga bangggg ,cuma numpang lewatan aje mo mampir ke coffee shop di atas noh ㅋㅋㅋ Yah ga terlalu banyak perubahan mungkin ditambah luas aja tuh area parkirnya dan Pak / Bu petugasnya boleh kasih senyum sikit jangan ditekuk terus mukanya ✌🏻 Thank you",True,True,2026-10-08 20:49:46
Batam Centre,Batam Center International Ferry Terminal,Novri Yanti,1,9 bulan lalu,Pelabuhan BC jam keberangkatan ferry batam sg tetutama batam center -tanah merah sllu tidak sesuai dgn scehudule yg tertera di jam tiket atau google. Sllu mmbuat penumpang jadi bigung dgn time yg tak sesuai.,False,False,2026-10-08 20:49:46
Batam Centre,Batam Center International Ferry Terminal,ahdhan dhany Tour and Travel,3,2 tahun lalu,"Pelabuhan nya sudah bagus, sayang nya yg petugas imigrasi nya songong2 Kita masuk mau kluar k malaysia atau k singapore, d tanya melebihi petugas imigrasi di Singapore dan Malaysia Seolah d pikirnya semua orang yg masuk lewat sana pergi keluar negeri untuk bekerja Dan saya juga pernah melihat orang2 yg di bawa k dalam kantor imigrasi, dimintai duit sm mereka, ternyata masih banyak pemalakan oleh petugas2 tersebut. Apakah gaji mereka tidak cukup untuk hidup mereka, smpe orang2 yg mau lewat aja dicari2 kesalahan nya, ada aja salah orang dibuat nya. Orang yg udah lengkap dokument pun malah d tanya pasport lama lah. Herann dehh Saya pernah digituin jg, d pikirnya saya keluar2 untuk bekerja, hellooooowwww tuan tuan dan nyonya2 yg terhormat, gue k Singapore dan Malaysia beli barang Dan keluarga gue d malaysia jg ada. D Batam juga ada usaha, jadi jgn berpikir semua orang yg lewat buat bekerja dan cari uang keluar sana. Jangan biasakan makan uang Haram buat keluarga, gk berkah kena sumpah serapah orang",True,True,2026-10-08 20:49:46
Batam Centre,Batam Center International Ferry Terminal,Agus Choirul Huda,5,3 tahun lalu,"pelabuhan internasional untuk penyebrangan tujuan singapura dan malaysia, cukup crowded karena lahan parkir yang kurang luas.",True,True,2026-10-08 20:49:46
Batam Centre,Batam Center International Ferry Terminal,Ferri Aguswan,4,7 tahun lalu,Ruang tunggu penumpangnya bagus dan bersih.. Tapi perlu ditingkatkan lagi kapasitas area parkir dengan makin bertambahnya volume kendaraan yang keluar masuk pelabuhan..,True,True,2026-10-08 20:49:46
Batam Centre,Batam Center International Ferry Terminal,Dian Prakoso,5,setahun lalu,"Senangnya bisa mengajak keluarga menyeberang dari Singapura ke Batam. Ferry nya nyaman, airnya di selat juga lagi tenang. Alhamdulillah.",True,True,2026-10-08 20:49:46
Batam Centre,Batam Center International Ferry Terminal,Firahma96,5,setahun lalu,"Bersih dan nyaman, pelayanan nya bagus, baik, dan ramah Berapa kali naik ferry sampai suka perjalanan laut karna view nya setenang laut :) 🌊 <:()))< Masyaallah",True,True,2026-10-08 20:49:46
Batam Centre,Batam Center International Ferry Terminal,Angga Arshavin,5,6 tahun lalu,"Pelabuhan kapal ferry dari Batam untuk ke pulau2 sekitarnya. Termasuk ke Singapore. Ada beberapa pilihan kapal, jam, dan harga untuk ferry ke singapore. Lokasi tepat di seberang mall Batam center, ada jembatan penghubung juga yang langsung menuju mall. Parkiran cukup luas, dan suasana pelabuhan cukup bersih, nyaman dan sudah seperti airport.",True,True,2026-10-08 20:49:46
Batam Centre,Batam Center International Ferry Terminal,Andi Nuryadin,5,setahun lalu,"Pelabuhan Ferry Internasional yang baik di Batam. Dalam perjalanan ke Singapura, kami berangkat dari Pelabuhan ini. Terintegrasi ke Batam Mall & banyak Kedai Makanan & Kopi.",True,True,2026-10-08 20:49:46
Batam Centre,Batam Center International Ferry Terminal,Merry Susanti,5,6 bulan lalu,"Akses transportasi utama di Batam Center. Sangat memudahkan buat yang tinggal di perumahan sekitar sini kalau mau ke Singapore atau Malaysia."" 🚢",False,False,2026-10-08 20:49:46
Batam Centre,Batam Center International Ferry Terminal,Muhammad Rizki,5,3 bulan lalu,Pelabuhan nya sederhana tetapi kota nya akan jauh lebih tidak sederhana dari apa yang kita lihat,False,False,2026-10-08 20:49:46
Batam Centre,Batam Center International Ferry Terminal,Yudith Cai,5,7 tahun lalu,"Pelabuhan Ferry ini terletak di kawasan Batam Centre. Pelabuhan ini juga terintegrasi dengan Mega Mall Batam. Setiap hari banyak turis domestik ataupun turis mancanegara yang lalu lalang di pelabuhan ini. Di pelabuhan ini juga terdapat cafe , ATM centre, serta mini market. Ada juga money changer. Jadi buat kalian yang ingin menukar mata uang asing bisa tukar disini. Overall sudah bagus. Hanya saja disini tidak boleh order taxi online. Banyak terjadi kasus pemukulan terhadap sopir taxi online yang ketahuan pick up penumpang di area pelabuhan. Saran saya apabila ingin memesan taxi online, penumpang bisa bertemu di satu titik penjemputan yang agak jauh dari pelabuhan.",True,True,2026-10-08 20:49:46
Batam Centre,Batam Center International Ferry Terminal,Martin Agustina Sari,5,setahun lalu,"pelabuhan internasional tujuan singapura dan malaysia, ada ATM dan money change.",True,True,2026-10-08 20:49:46
Batam Centre,Batam Center International Ferry Terminal,LUNAR TRAVPLAN,5,7 tahun lalu,"Kalau mau ke Singapura atau ke Malaysia, yang paling nyaman itu lewat pelabuhan ferry Batam centre. Kapalnya banyak dan ada setiap 30 menit. Posisi strategis. Terletak di tengah kota Batam. Bisa shopping shopping dulu di Megamal sebelum atau sesudah keberangkatan.. disini pokoknya asik. Mau tau lebih lanjut? Intip aja FB kami Lunar Travel Planner",True,True,2026-10-08 20:49:46
Batam Centre,Batam Center International Ferry Terminal,Shafira Aini,5,setahun lalu,"Saya kira bisa pesan tiket dengan menggunakan mata uang dollar, ternyata wajib pake rupiah. Jadi harus nunggu money changer buka deh 2 jam kemudian. Tapi gapapa buat pengalaman, orang²nya ramah² juga kok. Hihii",False,True,2026-10-08 20:49:46
Batam Centre,Batam Center International Ferry Terminal,Columbanus Teto,5,setahun lalu,"Fasilitas pelabuhan ferry yang menghubungkan Batam dengan Singapura dan Malaysia. Terdapat berbagai opsi operator ferry yang dapat digunakan. Proses imigrasi sangat cepat, sudah ada automated gate sehingga sangat memudahkan untuk pemiliki paspor elektronik. Fasilitas ruang tunggu dan berth juga terawat dengan baik.",False,True,2026-10-08 20:49:46
Batam Centre,Batam Center International Ferry Terminal,nefarryo,5,3 bulan lalu,Akses keluar untuk pejalan kaki agak susah terlebih kalo bawa koper,False,True,2026-10-08 20:49:46
Batam Centre,Batam Center International Ferry Terminal,Fire Any,5,9 tahun lalu,"Pelanyanan yang baik, bersih, ramah dan bersahabat. Ada mushalla di dalamnya. Sangat membatu bagi backpacker ataupun pelancong2 lokal maupun internasional.",True,True,2026-10-08 20:49:46
Batam Centre,Batam Center International Ferry Terminal,bunda sugi,5,7 tahun lalu,"Pelabuhan penyeberangan menuju singapore. Bagus, bersih, ada beberapa food court dengan banyak menu pilihan yang jendelanya persis menghadap laut. Bagus, nyaman makan di situ sambil lihat pemandangan laut.",True,True,2026-10-08 20:49:46
Batam Centre,Batam Center International Ferry Terminal,fajar sidik,5,7 tahun lalu,Jembatan penghubung antara pelabuhan dengan megamall batam. Naik 1 lantai dri kedatangan menuju mall.,True,True,2026-10-08 20:49:46
Batam Centre,Batam Center International Ferry Terminal,Farin Mala Fitri,1,10 bulan lalu,TERUNTUK IBU2 IMIGRASI YANG TERHORMAT DAN PUNYA JABATAN. SAYA TAU ANDA SEDANG ISTIRAHAT ATAU DALAM KONDISI TIDAK BERTUGAS. TAPI MOHON DENGAN HORMAT KALAU BERBICARA DENGAN ORANG GUNAKAN NADA YANG BAIK DAN CARA YANG SOPAN. mungkin ada bbrp org yang tidak mau complain tapi ini sudah lebih dari 5 kali kalian memperlakukan pendatang seperti ini.,False,False,2026-10-08 20:49:46
Batam Centre,Batam Center International Ferry Terminal,Nanda krisna,1,setahun lalu,"beacukainya sangat tidak profesional , tunggu saja tanggal NAASnya. sy beli hp mahal mahal di singapura , tidak mau di daftarkan , nota ada, kontak dan pemilik toko tempat jual beli masih merespons.",False,False,2026-10-08 20:49:46
Batam Centre,Batam Center International Ferry Terminal,Stefanus Yudha,5,setahun lalu,"Sangat baik untuk pagi hari ini, parkiran banyak tersedia. Harga tiket di counter lebih murah drpada onlinenya. Ada baiknya tanya dahulu ke counter sebelum beli tiket. Petugas sangat membantu.",True,True,2026-10-08 20:49:46
Batam Centre,Batam Center International Ferry Terminal,cute teety,5,2 tahun lalu,"Pelabuhan yang cantik penataannya, di tengah kota Batam. Dekat hotel dan mall terhubung langsung ke mall dengan jembatan penyeberangan...🩷",True,True,2026-10-08 20:49:46
Batam Centre,Batam Center International Ferry Terminal,Irene Agustin,2,9 bulan lalu,"Eskalator ga jalan, security dan staff ga ada yang membantu memberikan solusi, seenaknya ajaa bilang ""naik tangga ajaa"" padahal posisi lagi bawa koper besar, ga ada staf yang menawarkan bantuan.. begitu keluar dari pelabuhan langsung disambut dibantu satpam mall di seberang pelabuhan, mega mall, top banget bapak satpam mega mall, shame on security and staff pelabuhan..",False,False,2026-10-08 20:49:46
Batam Centre,Batam Center International Ferry Terminal,Rahma Winati,4,3 tahun lalu,Pelabuhan ditengah kota Batam.. ramai dan dekat dengan kota perlu perbaikan di kamar mandinya ( bau) semoga semakin bersihsemoga semakin bagus pelayanannya ya,True,True,2026-10-08 20:49:46
Batam Centre,Batam Center International Ferry Terminal,Alun Aqi,1,setahun lalu,"Apaan sih petugas yg berdiri dekat x-ray koper itu? Gak bisa kah ngomong baik2 aja? Harus pake ngegas2 gitu kasar parah kita tanya baik2, pelan2, dijawab pake nada tinggi gitu baru jadi petugas di kota kecil aja dah songongnya minta ampun, katanya kota wisata, klo kayak gini gimana turis mau datang lagi? Kapok yg ada contoh tu Singapura, Jepang, Korea klo mau maju",False,False,2026-10-08 20:49:46
Batam Centre,Batam Center International Ferry Terminal,M Arifudin Johan,1,setahun lalu,"Sempit, Kuno, berantakan, penuh dengan Percaloan, pintu masuk Indonesia yang sangat memalukan, membuat Citra Indonesia semakin buruk di mata Warga Negara Singapura, dan Malaysia",False,True,2026-10-08 20:49:46
Batam Centre,Batam Center International Ferry Terminal,Java Mivic,5,setahun lalu,"Kalo abis dari harbourfront lalu ke sini, rasanya beda banget",True,True,2026-10-08 20:49:46
Batam Centre,Batam Center International Ferry Terminal,coffee king,1,setahun lalu,"Satpamnya ga ramah ditanya pura pura ga denger khususnya satpam disini, useless",True,False,2026-10-08 20:49:46
Batam Centre,Batam Center International Ferry Terminal,Heri Scout,5,Diedit 8 tahun lalu,"pelabuhan fery internasional batam centre merupakan sebuah pelabuhan yang melayani rute internasional ke malaysia dan singapura, Pelabuhan ini menghubungkan kota Batam dengan pelabuhan HarbourFront, Singapore dan pelabuhan Stulang Laut serta Pasir Gudang di Johor Baru, Malaysia. pelabuhan ini berada di pantai utara pulau batam dan terintegrasi dengan mega mall batam centre, selain itu pelabuhan fery internasional batam centre berdekatan dengan kantor kantor pemerintahan kota batam , seperti kantor wali kota batam, kantor DPRD KOTA BATAM, kantor imigrasi kelas 1 KOTA BATAM ..dll",True,True,2026-10-08 20:49:46
Batam Centre,Batam Center International Ferry Terminal,李Ris,1,setahun lalu,"Luar biasa,asal menahan saudara saya di imigrasi pelabuhan aja, Apa karena saya yang antar banyak tatto di badan,jadi dipikir yang bukan-bukan,lalu saudara saya yang ditahan,saya memang bertatto dan humoris tapi saya bukan bandarnarko maupun teroris. Jangan pernah menilai orang lain dari cashing,supaya tidak keseringan membuat kesalahan menahan orang. Ibu cantik dan manis yang saya ajak bercanda,sehat selalu,bapak sinis tolong senyum sikit biar wajahmu tak hitam.tak perlu ku ingat nama kalian,yang penting saya ingat rupa dan postur kalian.",False,True,2026-10-08 20:49:46
Batam Centre,Batam Center International Ferry Terminal,Diecy Franky Gandasuli,5,3 tahun lalu,Kalo mau ke singapore dan malaysia dari batam enak lwt sini gaiss,True,True,2026-10-08 20:49:46
Batam Centre,Batam Center International Ferry Terminal,Yadi Darman,5,2 bulan lalu,Saya pernah nyebrang ke Singapur lewat sini,False,True,2026-10-08 20:49:46
Batam Centre,Batam Center International Ferry Terminal,Zulfani Sinaga,1,9 bulan lalu,"Sangat tidak memuaskan atas semua pelayanan di pelabuhan batam centre, dari petugas majestic sampai ke palayanan imei, buruk sgt miris",False,False,2026-10-08 20:49:46
Batam Centre,Batam Center International Ferry Terminal,Venie Ang,4,2 tahun lalu,Pelabuhannya cukup bersih. Dulu sangat ramai dan termasuk pelabuhan gerry tersibuk tetapi sekarang tidak terlalu besar dan tidak terlalu ramai. Petugas imigrasinya cukup ramah. Tenant2 nya juga cukup variatif menjual beberapa macam makanan dan minuman.,True,True,2026-10-08 20:49:46
Batam Centre,Batam Centre Point International Ferry Terminal,Muhammad Rasikh UMRA,4,Diedit 6 bulan lalu,"Pelabuhan batam centre rame juga, cukup bagus pelayanannya, para sopir taksi ramah tidak main paksa, atau kalau anda ingin lebih murah, bisa keluar dulu dari area pelabuhan dan pesan taxi dari aplikasi tapi tentunya lebih banyak tenaga, apalagi kl bawaan banyak",True,True,2026-10-08 20:49:46
Batam Centre,Batam Centre Point International Ferry Terminal,Irfan Satria,5,3 tahun lalu,"Sangat nyaman, bisa masuk dari pintu masuk dan dari Mega Mall yang ada diseberang melalui jembatan layang, jadwal kapal sangat banyak dan banyak pilihan kapal, ke Malaysia dan Singapura bisa dari sini. Datanglah minimal 1jam sebelum jadwal keberangkatan, karena antrian pada imigrasi cukup panjang.",True,True,2026-10-08 20:49:46
Batam Centre,Batam Centre Point International Ferry Terminal,Putri,3,5 bulan lalu,"Musholla dan toilet berdekatan yg perempuan oke, tapi kenapa toilet nya bau Pesing, tisu tak ada, jadi tak nyaman saat sholat dan ambil wudhu bau Pesing toilet tercium, Saya juga pernah terpijak paku di mushola, sangat tidak diperhatikan bagian tempat solat di wanita, kebersihan dan rapi itu penting,",False,True,2026-10-08 20:49:46
Batam Centre,Batam Centre Point International Ferry Terminal,Ardy Muhammad Putra,5,2 bulan lalu,Pelabuhan batam Center bisa langsung ke Singapura dan malaysia,True,True,2026-10-08 20:49:46
Batam Centre,Batam Centre Point International Ferry Terminal,Andy Hasten,4,setahun lalu,"Perlu banyak perbaikan dan renovasi dari segi infrastructure dan juga orang pelayan masyarakatnya. Bisa coba lebih baik lagi untuk mengarahkan orang orang yang datang, tidak perlu teriak teriak. Untuk yang baru pertama kali kemari juga akan bingung karena papan petunjuk harus kemana dan ngapain minim banget. Akses taxi online kudu jalan ke depan bawah jembatang penyebrangan. Taxi dalam ke harbour bay minta 80K, taxi online 35K. Yah mending jalan dikit 30 meter hemat 45K lumayan buat ngopi kopi o buat be5.",True,True,2026-10-08 20:49:46
Batam Centre,Batam Centre Point International Ferry Terminal,Dorry Muhamad,4,Diedit setahun lalu,"Toilet perlu perawatan serta janitor harusnya stanby di toilet. Bersih, tertata, ruang tunggu luas. Ada kantin dekat parkiran recommended untuk makan low budget, sediakan dokumen sebelum cek-in biar g ribet pas di imigrasi dan bisa mengurangi antrian terlalu lama. Tks",True,True,2026-10-08 20:49:46
Batam Centre,Batam Centre Point International Ferry Terminal,Firahma96,5,setahun lalu,Batam Center Point international Ferry Lantai dasar jual tiket lantai 2 tempat makan lantai 3 toilet dan bersebelahan dengan musholla/surau🕌 paket lengkap dahh,True,True,2026-10-08 20:49:46
Batam Centre,Batam Centre Point International Ferry Terminal,Darto Kasim,5,8 tahun lalu,"Ruangan nyaman, informasi lengkap dan jelas, penyeberangan murah ke singapura dengan cepat. Imigrasi ramah. Penukaran uang tersedia disini. Wisata pakai guide lebih aman. Mau belanja tinggal nyebrang dikit.",True,True,2026-10-08 20:49:46
Batam Centre,Batam Centre Point International Ferry Terminal,Ricky Rahmat,5,9 tahun lalu,"Dermaga penyebrangan ke singapore, ramai'y spt airport, bs nyebrang dr & ke batam mall center, tiket yg d beli hrs d tukar tiket ferry, ada pemeriksaan pasport, ada fasilitas bagasi..lbh murah beli tiket d mall drpd beli tiket lnsg d dermaga..nyebrang dr batam ke singapore sekitar 1 jam..",True,True,2026-10-08 20:49:46
Batam Centre,Batam Centre Point International Ferry Terminal,a- song,1,6 bulan lalu,"Jembatan penyebrangan tutup satu jam lebih cepat, saya menyerang dari Mega Mall ke Pelabuhan, sudah sampai ujung jembatan pukul 21.03, dari satpam yg menjaga pintu jembatan di pelabuhan menyampaikan sudah mengunci dengan alasan sudah melaksanakan dokumentasi. Padahal tulisan di pintu, pintu penyebrangan jembatan tutup pukul 22.00. Sudah terjadi dua kali, tutup tidak sesuai aturan, apakah memang SOP nya demikian? Tutup satu jam sebelum tulisan yg disampaikan.",False,True,2026-10-08 20:49:46
Batam Centre,Batam Centre Point International Ferry Terminal,Nabila Excellent Life,5,4 tahun lalu,"Suka3 banget deh pokoknya 😆😆😆 Tempatnya bagus, terus staff ramah2, abis itu bersih2, Dan bisa book untuk ferry ke sg ya... Aku saranin sih buat beli yg pp ya... Karena Lebih murah & open tiket baliknya😆",True,True,2026-10-08 20:49:46
Batam Centre,Batam Centre Point International Ferry Terminal,MUFTI SHADLI,1,6 bulan lalu,"ferry terminal ini apa tidak ada pengelolanya, kita bayar lho utk ada di terminal ferry ini, tp trolly aja gk bisa kita dapatkan, pelayanan cukup buruk, jika keluhan ini tidak ada yg tanggapi, kemana kita masyarakat mau sampaikan keluhannya",False,False,2026-10-08 20:49:46
Batam Centre,Batam Centre Point International Ferry Terminal,Edi Widianto,5,4 tahun lalu,Pelabuhan internasional yang melayani rute ke Singapura. Tempatnya cukup nyaman dan bersih. Selalu ramai setiap hari dengan berbagai penumpang yang ke Singapura dan sebaliknya.,True,True,2026-10-08 20:49:46
Batam Centre,Batam Centre Point International Ferry Terminal,Eveline Soeyandani,5,Diedit 3 tahun lalu,Nyebrang ke singapore naik kapal. Harus dtg 1 jam sebelum. Kalau telat bs reschedule kena charge 30rb/org.,True,True,2026-10-08 20:49:46
Batam Centre,Batam Centre Point International Ferry Terminal,Arir,5,7 tahun lalu,"Pelabuhan yang menyenangkan untuk melakukan perjalanan, Suasana yang sangat nyaman dan dingin, terdapat banyak food court walau sedikit mahal, pelayanan cepat dan ramah. Terdapat banyak pilihan kapal sehingga tidaj perlu mengantri lama.",True,True,2026-10-08 20:49:46
Batam Centre,Batam Centre Point International Ferry Terminal,Nurman Riyadi Rahman,5,3 tahun lalu,"Klo mau menyebrang ke negara tetangga, berangkatnya dari sini. Pelabuhannya bisa dibilang bagus, bersih dan nyaman.",True,True,2026-10-08 20:49:46
Batam Centre,Batam Centre Point International Ferry Terminal,isanthonio tendrawan,1,9 bulan lalu,Porternya judes main marahi customer aja langsung seakan akan troly nya itu milik mereka dan kalau mau di pakai customer customernya harus bayar dulu ke porternya. Tolong kepada pengelolah untuk bisa berikan teguran kepada Porter yg seperti itu karna tindakan Porter itu merusak citra pelabuhan thx.,False,False,2026-10-08 20:49:46
Batam Centre,Batam Centre Point International Ferry Terminal,clara meirista,3,6 bulan lalu,Tempatnya agak berantakan dan toiletnya juga agak kotor tapi untuk ruang tuggu menuju kapal ferry lumayan nyaman dan bersih,False,True,2026-10-08 20:49:46
Batam Centre,Batam Centre Point International Ferry Terminal,Hendra Grab,5,3 bulan lalu,"Tempat jual barang bekas. Tp jangan salah,,walaupun bekas ada jg yg mahal",False,False,2026-10-08 20:49:46
Batam Centre,Batam Centre Point International Ferry Terminal,Layla Omar,1,setahun lalu,"Jadi trolly disini bukan untuk fasilitas umum ya, tapi untuk porter, mean harus bayar?! Gak ngerti sih kenapa agak aneh?!",True,True,2026-10-08 20:49:46
Batam Centre,Batam Centre Point International Ferry Terminal,Fore Yang,5,Diedit 3 tahun lalu,Best batam center...👍👍👍👍🌟🌟🌟👍👍👍👍🌟👍👍👍👍👍👍🌟👍👍🌟pelayanan bnyak bgus msa. Titik. Semua ye ikut ye msa yg tetap.... Tkad pn sikit lambat... Best....,True,True,2026-10-08 20:49:46
Batam Centre,Batam Centre Point International Ferry Terminal,The Mafiability,5,8 tahun lalu,Tempatnya nyaman dan enak. Ada mesin atm dan money changer. Ruang tunggu nyaman.,True,True,2026-10-08 20:49:46
Batam Centre,Batam Centre Point International Ferry Terminal,Addina Ainur Rosyida,4,7 tahun lalu,Terminal kapal Ferry dari dan ke Batam. Yang mau ke Singapore atau Malaysia bisa naik Ferry dari sini. Ada banyak pilihan jadwal penyeberangan dan kapal yang bisa dipilih.,True,True,2026-10-08 20:49:46
Batam Centre,Batam Centre Point International Ferry Terminal,witria cassiopeia,5,9 tahun lalu,"Cukup dengan menyebrang nelalu jembatan penyebrangan di dalam batam centre bisa terhubung dengan mall batam. Suasana ramai, tapi tetap nyaman dan bersih. Harga tiket lbh murah jika beli pp di money changer atau bandara. Klau single journey lbh murah di bandara dr pada outlet resmi di batam centre na. Kmren naik majestic hrg skli jalan 250, brngkt tpt waktu n free air minum.",True,True,2026-10-08 20:49:46
Batam Centre,Batam Centre Point International Ferry Terminal,Taxi Service,4,2 tahun lalu,"Taxi online tidak di perbolehkan masuk untuk menjemput penumpang,,meskipun sedang membawa banyak barang bawaan.",True,True,2026-10-08 20:49:46
Batam Centre,Batam Centre Point International Ferry Terminal,Ling Ling,5,5 bulan lalu,Baik buat santai menikmati perjalanan laut ...dgn suasana yg nyaman,False,True,2026-10-08 20:49:46
Batam Centre,Batam Centre Point International Ferry Terminal,Rosmeini Sailan,5,8 tahun lalu,"Saya suka dengan petugas2 nya yang profesional Suasananya nyaman, bersih, ruang tunggu memadai Antrian panjang, tapi teratur, Bravo Batam",True,True,2026-10-08 20:49:46
Batam Centre,Batam Centre Point International Ferry Terminal,Domu Marbun,2,3 tahun lalu,"Susah untuk Parkir mobil, pengelola harus pikirkan untuk penyediaannya. Tempat menunggu juga untuk yang menjemput belum ada pengaturan.",True,True,2026-10-08 20:49:46
Batam Centre,Batam Centre Point International Ferry Terminal,Ferri Aguswan,4,Diedit 6 tahun lalu,"Area parkir terbatas..susah mencari tempat parkir, khususnya mobil",True,True,2026-10-08 20:49:46
Batam Centre,Batam Centre Point International Ferry Terminal,Channel YouTube LAMBE MUNCIS,5,8 tahun lalu,Pelabuhan yang terhubung langsung dengan Mega Mall.,True,True,2026-10-08 20:49:46
Batam Centre,Batam Centre Point International Ferry Terminal,RADIO TEMBORO,5,7 tahun lalu,Mantap..... Pelayanan cepat dan memuaskan........ Trmpat yang bersih.... Dan ada tempat beribadah nya...... Pelabuhan percontohan bagi pelabuhan pelabuhan yang lain.....,True,True,2026-10-08 20:49:46
Batam Centre,Batam Centre Point International Ferry Terminal,Randi Septino,5,setahun lalu,Pelabuhan nya bagus dan dekat dalam kota,True,True,2026-10-08 20:49:46
Batam Centre,Batam Centre Point International Ferry Terminal,House Rent Bukit Indah Sukajadi Batam,4,2 tahun lalu,"Terminal Ferry utk ke Singapore maupun Malaysia. Lokasi di Batam Center dimana Batam Center adalah tengahnya kota Batam yg mudah dicapai dari penjuru Batam. Dekat juga dgn Mall dan Hotel. Terminal ini sdh cukup tua, sdh perlu renovasi. Tempat parkir juga terbatas, karena banyak yang parkir inap kalau Penumpang menyeberang utk balik hari ataupun beberapa hari, terutama pd saat high season.",False,True,2026-10-08 20:49:46
Batam Centre,Batam Centre Point International Ferry Terminal,j rolla,5,4 tahun lalu,"Yang pasti dari semua terminal ferry yang ada dibatam, terminal ferry batam center ini adalah yang paling strategis (dekat dengan jalan raya). Tidak butuh waktu lama atau harus berjalan kaki panjang untuk bisa dapat transportasi umum. Akses seperti angkutan umum(angkot), bus & taksi online sangat mudah. Yang membuatnya lebih menarik adalah adanya jembatan penghubung antara terminal ferry nya dengan mall (megamall batam center). Mall nya sendiri sudah rame dan bermacam-macam isinya. Jadi sangat menarik. Kalau masih sulit untuk menemukan taksi online untuk masuk ke area jemputan (didalam terminal ferry), kita bisa ke megamall lewat jembatan penyebrangannya, dan disana ada pintu khusus untuk pemesanan taksi online. 👍 Sekedar info saja untuk taksi online dibatam, ada ""gocar (by gojek)"", ""grab"", ""maxim"" & ""in-driver"". Terminal ferry nya sendiri tidak terlalu besar, tidak juga terlalu kecil. Tapi lengkap untuk keberangkatan ke singapore & johor bahru (stulang laut & pasir gudang)",False,True,2026-10-08 20:49:46
Batam Centre,Batam Centre Point International Ferry Terminal,Keramik Metriza,4,9 tahun lalu,Pintu keluar menuju singapura. Dari luar tidak ada kesan ada pelabuhan ferry di sini,True,True,2026-10-08 20:49:46
Batam Centre,Batam Centre Point International Ferry Terminal,I Gusti Ngurah Putu Mantara,5,8 tahun lalu,Salah satu pelabuhan laut yang bersih dengan fasilitas lengkap yang ada di Indonesia. Pelabuhan laut ini melayani penyeberangan menuju Singapore sehingga pelabuhan laut ini dilengkapi dengan layanan imigrasi. Penyeberangan ke Singapore dilayani dengan boat yang memakan waktu kurang lebih 45 menit. Keberangkatan boat ada setiap jam sampai pukul 22.00 wib.,False,True,2026-10-08 20:49:46
Batam Centre,Batam Centre Point International Ferry Terminal,Emma Larra,5,4 tahun lalu,Standard seperti pelabuhan lainya yang berada dibatam👍,True,True,2026-10-08 20:49:46
Batam Centre,Batam Centre Point International Ferry Terminal,Jay Cole,3,Diedit 5 tahun lalu,"Pelabuhan Batam Center adalah pelabuhan paling sibuk di Batam. Parkiran disini sangat susah cari yang kosong. Taxi online tidak bisa menjemput disini, selain itu kualitas pelayanan imigrasinya masih harus ditingkatkan. Jangan membedakan pelayanan terhadap warga asing dan warga sendiri.",False,True,2026-10-08 20:49:46
Batam Centre,Batam Centre Point International Ferry Terminal,Margaretha Julia,4,6 tahun lalu,"Pengalaman ke2 dsni, nukar uang di MC lt dasar ga dikasih struk, katany mesin lg rusak, garecommend deh beli dsni, mending tukar uang di Jkt ayumas/VIP. Beli tiket ferry majestic di lt.dasar seharga 250ribu 1x jalan, antri di gate C jam 13.00, berangkat 13.30.",False,True,2026-10-08 20:49:46
Batam Centre,Batam Centre Point International Ferry Terminal,Timotius Aswin Wijaya,3,Diedit 7 tahun lalu,Cukup nyaman. Tapi petugas imigrasi kurang ramah. Padahal kami-kami WNI ini juga yang gaji mereka melalui pajak kami. Mohon lebih manusiawi lagi dalam melayani warga negara yang akan menyebrang ke negara lain. Follow my IG: @mottzhy,True,True,2026-10-08 20:49:46
Batam Centre,Batam Centre Point International Ferry Terminal,IMAM BUDI SANTOSO,1,4 tahun lalu,"Bulan 1 lalu aku balik dari Malaysia lewat sini,duit kayak nggak ada nilainya,biaya angkat koper 100 rb,daftar imei 80 rb tapi nggak berhasil hp nggak bisa digunakan selain pakai kartu smartfren dan masih banyak lagi biaya ini itu,jujur ya kami para TKI lebih dihargai di Malaysia daripada di negeri sendiri (Indonesia)",False,True,2026-10-08 20:49:46
Batam Centre,Batam Centre Point International Ferry Terminal,Surya Ardana,5,8 tahun lalu,"Tempat bagus orang orang nya juga ramah dan kita bisa langsung pesan taxi di depan dengan mudah dan rute nya cukup banyak dan jam nya padat , saya kemarin mencoba menaiki ferry dari singapore ke batam , perjalanan nya kira kira 1 jam an dengan view yang bagus dan air yang biru",False,True,2026-10-08 20:49:46
Batam Centre,Batam Centre Point International Ferry Terminal,Nong -,4,7 tahun lalu,"Bagi Yang mau ke Singapore/Malaysia bisa lewat pelabuhan ini, fasilitas cukup bagus, ada money changer, ATM, dan juga tempat makan dan jualan oleh² bagi yg ingin membeli oleh² khas Batam",False,True,2026-10-08 20:49:46
Batam Centre,Batam Centre Point International Ferry Terminal,Ima Nizz,1,8 tahun lalu,Sayang ya harga taxsi ya mahal ke Bengkong Kolam dekat aja harga y 80rb.. mau ya taxsi online boleh masuk .. saya mendukung taksi online krna memudahkan masyarakat biasa..harus y diizinkan masuk karena rezeki tu sudah ada yg ngatur.......😎😎😎,False,False,2026-10-08 20:49:46
Batam Centre,Batam Centre Point International Ferry Terminal,ANDRIA OFFICIAL,4,7 tahun lalu,Pelabuhan yang sllu ramai setiap hari,True,True,2026-10-08 20:49:46
Batam Centre,Batam Centre Point International Ferry Terminal,Andrean Andrean,5,9 tahun lalu,Di sini pelabuhannya paling bagus kapal ferry ke singapore malaysia di sini ada pemeriksaan passport ramainya di sini apa lagi liburan paling ramai pelabuhan batam centre lokasinya startegis,False,True,2026-10-08 20:49:46
Batam Centre,Batam Centre Point International Ferry Terminal,Prast Putra,5,2 bulan lalu,👍,False,False,2026-10-08 20:49:46
Batam Centre,Batam Centre Point International Ferry Terminal,Dedi Sofyan,5,9 tahun lalu,"Pelabuhan yang dekat dengan mall, kantor pemerintah, alun2, Terkoneksi dengan bus trans Batam. Dan salah satu pelabuhan untuk menuju ke Singapura",False,True,2026-10-08 20:49:46
Batam Centre,Batam Centre Point International Ferry Terminal,Batam Transport 82 Batam Transport 82,5,8 bulan lalu,Sudah dapat tempat parkir,False,True,2026-10-08 20:49:46
Batam Centre,Batam Centre Point International Ferry Terminal,Nova Saputra,5,8 tahun lalu,tempatnya Nyaman,True,True,2026-10-08 20:49:46
Batam Centre,Batam Centre Point International Ferry Terminal,Susanto -,1,2 tahun lalu,"Ke lantai 2 di persulit dan harus wajib boarding pass, padahal bisa ke mega mall",False,False,2026-10-08 20:49:46
Batam Centre,Batam Centre Point International Ferry Terminal,Ardya Ardya,5,9 tahun lalu,Bagus. Modern,True,True,2026-10-08 20:49:46
Batam Centre,Batam Centre Point International Ferry Terminal,MOHAMAD YEO MUHAMMAD YEO (MYYK),5,setahun lalu,DARI: 🇮🇩{REPUBLIK INDONESIA PROPINSI KEPULAUAN RIAU{🇮🇩} DAN MOHAMAD YEO{🤵}. PELABUHAN BATAM INTERNASIONAL VERI ISTIMEWA.,False,False,2026-10-08 20:49:46
Batam Centre,Batam Centre Point International Ferry Terminal,Ibrahim Muhammad,4,7 tahun lalu,"Ramai antrian panjang imigrasi, siapkan Waktu sekitar satu jam sebelum boarding",False,True,2026-10-08 20:49:46
Batam Centre,Batam Centre Point International Ferry Terminal,Hartono,5,4 tahun lalu,"Keren sih, tempat bersih, staffnya ramah, ke singapore cuma 30-45menitan pake kapal cepat.",False,True,2026-10-08 20:49:46
Batam Centre,Batam Centre Point International Ferry Terminal,Little RF Family,4,Diedit 6 tahun lalu,"Salah satu pelabuhan internasional paling ramai dan padat di batam, dari pelabuhan ini tujuan utamannya yaitu ke singapura dan malaysia..",False,True,2026-10-08 20:49:46
Batam Centre,Batam Centre Point International Ferry Terminal,Sujanto Tedja V-Channel,5,8 tahun lalu,Pilihan kapalnya lebih banyak untuk rute ke Johor bahru. Satu tiket bisa dipakai untuk semua kapal.,False,True,2026-10-08 20:49:46
Batam Centre,Batam Centre Point International Ferry Terminal,isman hadi,5,4 tahun lalu,Pelabuhan penyeberangan Dari Batam ke Singapura. Pelabuhan yang bersih Dan tertata dengan baik. Keberangkatan sesuai dengan jadwal.,False,True,2026-10-08 20:49:46
Batam Centre,Batam Centre Point International Ferry Terminal,Willson Pontoh,3,2 tahun lalu,"Imigrasi nya friendly2cuma security pelabuhan nya, nggak sopan samsek 🤣",False,True,2026-10-08 20:49:46
Batam Centre,Batam Centre Point International Ferry Terminal,Joe Phang,5,9 tahun lalu,"Tempat yang cukup aman dari para maling, tapi harus diperketat penjagaannya. Tempat yang bersih untuk sebuah Terminal Ferry Internasional.",False,True,2026-10-08 20:49:46
Batam Centre,Batam Centre Point International Ferry Terminal,Batam Komunika Konsultan,4,6 tahun lalu,Bagus dan strategis. Perlu diperbagus dan direhab tempat parkir bertingkat biar bisa menampung lebih banyak... #salamjepretmaspurbatam,False,True,2026-10-08 20:49:46
Batam Centre,Batam Centre Point International Ferry Terminal,MingArt Space,4,10 tahun lalu,Anda dapat melalui pelabuhan ini ketika ingin berakhir pekan ke Malaysia dan Singapore begitu juga sebaliknya .,False,True,2026-10-08 20:49:46
Batam Centre,Batam Centre Point International Ferry Terminal,Thalia Laura Ivanka,5,8 tahun lalu,"Pelabuhan ferry dari batam ke singapore/malaysia. Ada money changer,restauran,minimarket,dekat dengan megamall",True,True,2026-10-08 20:49:46
Batam Centre,Batam Centre Point International Ferry Terminal,Pakcik Dolly,5,4 tahun lalu,Sudah mulai ramai lagi jadwal kapal yg berangkat baik SG maupun Jb,False,True,2026-10-08 20:49:46
Batam Centre,Batam Centre Point International Ferry Terminal,Faisal Sir,5,9 tahun lalu,Terminal ferry ini didesain dengan kualitas internasional sebab menjadi meeting point 3 negara.,False,True,2026-10-08 20:49:46
Batam Centre,Batam Centre Point International Ferry Terminal,Febri Haryanto,5,3 tahun lalu,Tempat pertama kali lawatan ke Malaysia,True,True,2026-10-08 20:49:46
Batam Centre,Batam Centre Point International Ferry Terminal,Ho Suwandy,4,4 tahun lalu,"Come againnn 😍, agak kotor aja sekarang",True,True,2026-10-08 20:49:46
Batam Centre,Batam Centre Point International Ferry Terminal,ihsan btm,5,8 tahun lalu,"Terminal ferry dari dan ke Singapore dan Malaysia, tempat transite dan pintu masuk ke Indonesia...",False,True,2026-10-08 20:49:46
Batam Centre,Batam Centre Point International Ferry Terminal,felicia aqila,5,6 tahun lalu,Mau tanya'kalau mau masuk malaysia lewat pelabuhan batam ke stulang sudah bisa..?,False,False,2026-10-08 20:49:46
Batam Centre,Batam Centre Point International Ferry Terminal,Siti Mariani,5,Diedit 10 tahun lalu,Ini adalah terminal ferry yang terkenal sikit lah di Batam dan juga banyak yang kunjung ke sana.di situ juga banyak pusat perbelanjaan dan terkenal deh di batam,False,False,2026-10-08 20:49:46
Batam Centre,Batam Centre Point International Ferry Terminal,Alisya Murti Prasetyo,5,4 tahun lalu,"Harga tiket sekali jalan Rp. 400.000, kalau pulang pergi Rp. 700.000",False,True,2026-10-08 20:49:46
Batam Centre,Batam Centre Point International Ferry Terminal,Bio GLOBAL,4,7 tahun lalu,👍👍👌,True,True,2026-10-08 20:49:46
Batam Centre,Batam Centre Point International Ferry Terminal,shoohibun najiib,5,4 tahun lalu,"Bagus, bersih. Tempat parkir mobilnya perlu ditambah lagi",False,True,2026-10-08 20:49:46
Batam Centre,Batam Centre Point International Ferry Terminal,F F Kanz,2,3 tahun lalu,"Pelabuhannya biasa aja, bea cukai nya rampok.",False,True,2026-10-08 20:49:46
Batam Centre,Batam Centre Point International Ferry Terminal,M. Afdal,5,8 tahun lalu,cukup representative sebagai pelabuhan internasional. ke Singapur dan Johor Baru Malaysia,False,True,2026-10-08 20:49:46
Batam Centre,Batam Centre Point International Ferry Terminal,Imam Bukhori08,5,7 tahun lalu,Pelabuhan internasional ferry batam center.foto 2 dalam dan luar ruangan pelabuhan.,False,True,2026-10-08 20:49:46
Batam Centre,Batam Centre Point International Ferry Terminal,Moh Ali Badrudin,5,3 bulan lalu,Lancar nyaman,False,False,2026-10-08 20:49:46
Batam Centre,Batam Centre Point International Ferry Terminal,rutksk slamet rabuman. (Rutk),5,3 tahun lalu,"Bersih,nyaman... Nb:jangan persulit pejuang rupiah...",False,True,2026-10-08 20:49:46
Batam Centre,Batam Centre Point International Ferry Terminal,ZAENAL ABIDIN,5,8 tahun lalu,Mudah mau ke singapur atau ke Malaysia,True,True,2026-10-08 20:49:46
Batam Centre,Batam Centre Point International Ferry Terminal,Mata Pribadi,5,7 tahun lalu,Terasa kayak diluar negri,True,True,2026-10-08 20:49:46
Batam Centre,Batam Centre Point International Ferry Terminal,ROMIATI,1,6 tahun lalu,"Trminal nya bgus,,,tapi ptugas nya songong songong,,udah macam paling kuat di indonesia,,tata bicara petugas kasar,,tlong di perhatikan",False,False,2026-10-08 20:49:46
Batam Centre,Batam Centre Point International Ferry Terminal,Jeffry Iskandar,4,10 tahun lalu,"Lumayan lah, dibandingkan pelabuhan Indonesia yg",False,True,2026-10-08 20:49:46
Batam Centre,Batam Centre Point International Ferry Terminal,dd 22,3,Diedit 6 tahun lalu,Terkadang ada beberapa abk fery kurang ramah terhadap penumpang,False,True,2026-10-08 20:49:46
Batam Centre,Batam Centre Point International Ferry Terminal,"N ruli Ruliyana,Se",5,4 tahun lalu,"Terminal Ferry Internasional Batam center, melayani perjalanan pulang pergi Batam Singapura Batam dan Batam Johor Malaysia Batam",False,True,2026-10-08 20:49:46
Batam Centre,Batam Centre Point International Ferry Terminal,Muhammad fajri,5,setahun lalu,Pelabuhan Internasional Batam Center Kota Batam,True,True,2026-10-08 20:49:46
Batam Centre,Batam Centre Point International Ferry Terminal,Atuak Lintau,4,3 tahun lalu,"Parkiran kurang, imigrasi kerja nya pelan",False,True,2026-10-08 20:49:46
Batam Centre,Batam Centre Point International Ferry Terminal,Victor Mayestika Girsang,4,7 tahun lalu,Pelabuhan ferry internasinal....dari batam ke Singapore...ato dari batam ke Malaysia...dll,False,True,2026-10-08 20:49:46
Batam Centre,Batam Centre Point International Ferry Terminal,kaka lucky21,5,9 tahun lalu,TErminal Feery ke singapore,True,True,2026-10-08 20:49:46
Batam Centre,Batam Centre Point International Ferry Terminal,Viedy Fachruddin,4,8 tahun lalu,Tidak enak naik pesawat terbang takut jatuh ke bwah,False,False,2026-10-08 20:49:46
Batam Centre,Batam Centre Point International Ferry Terminal,Diecy Franky Gandasuli,5,3 tahun lalu,Mau ke singapore kewat sini dari batam,True,True,2026-10-08 20:49:46
Batam Centre,Batam Centre Point International Ferry Terminal,blok II Korner,5,7 tahun lalu,shuttle bus tanah merah ke changi terminal 1dan,True,True,2026-10-08 20:49:46
Batam Centre,Batam Centre Point International Ferry Terminal,Satya Dharma Nugraha,5,3 tahun lalu,Mantaaapppp benar tempat ini.....,True,True,2026-10-08 20:49:46
Batam Centre,Batam Centre Point International Ferry Terminal,mastriyah triyah,5,5 bulan lalu,Bagus,False,False,2026-10-08 20:49:46
Batam Centre,Batam Centre Point International Ferry Terminal,Winson Taw,5,3 tahun lalu,Pelabuhan internasional melayani negara Singapura dan Malaysia,False,True,2026-10-08 20:49:46
Batam Centre,Batam Centre Point International Ferry Terminal,yosefin Tobing,5,4 tahun lalu,Terjaga,True,True,2026-10-08 20:49:46
Batam Centre,Batam Centre Point International Ferry Terminal,Den Ko Ha,5,8 tahun lalu,Strategis pusat kota dekat dng pusat perbelanjaan mega mall,False,True,2026-10-08 20:49:46
Batam Centre,Batam Centre Point International Ferry Terminal,Alfin Susila Budi Nugraha,4,8 tahun lalu,Pelabuhan internasional..,True,True,2026-10-08 20:49:46
Batam Centre,Batam Centre Point International Ferry Terminal,Kris Hartanto,5,8 tahun lalu,"Sop tulang batam centre, warung Millenia komp Citra batam blok c no",False,True,2026-10-08 20:49:46
Batam Centre,Batam Centre Point International Ferry Terminal,David03,5,5 bulan lalu,Bersih,False,False,2026-10-08 20:49:46
Batam Centre,Batam Centre Point International Ferry Terminal,Filanti Laura,5,6 tahun lalu,Ramai .. banyak orang jualan sovenir ..,False,True,2026-10-08 20:49:46
Batam Centre,Batam Centre Point International Ferry Terminal,Rusdi dleo,4,4 tahun lalu,Pelayanan bagus...,True,True,2026-10-08 20:49:46
Batam Centre,Batam Centre Point International Ferry Terminal,Taufik Hidayat,5,8 tahun lalu,Central terminal ada ferry di setiap satu jam,False,True,2026-10-08 20:49:46
Batam Centre,Batam Centre Point International Ferry Terminal,Tales of Digital Foodprint,5,10 tahun lalu,"pelabuhan yang terlihat seperti mall, terlihat bersih dan rapi",False,True,2026-10-08 20:49:46
Batam Centre,Batam Centre Point International Ferry Terminal,Saya Orang Kaya,5,6 tahun lalu,Tempat penyelamatan para TKI yang bekerja di Malaysia tanpa Visa,False,True,2026-10-08 20:49:46
Batam Centre,Batam Centre Point International Ferry Terminal,Rudi Hartono,2,10 tahun lalu,Lokasi yang tidak nyaman karena lokasi parkir yang sempit dan semerawut,False,True,2026-10-08 20:49:46
Batam Centre,Batam Centre Point International Ferry Terminal,Kendit Saputra,3,6 tahun lalu,Tukang parkirnya marah-marah sampai pukul meja,False,False,2026-10-08 20:49:46
Batam Centre,Batam Centre Point International Ferry Terminal,ROHMANQITINK@gmail.com Qiting,5,8 tahun lalu,Sya pernah dtang ditanah batam center di tahun 2010,False,False,2026-10-08 20:49:46
Batam Centre,Batam Centre Point International Ferry Terminal,Mariana Rahmawati,5,3 tahun lalu,Masih pagi blum susah cari parkir😁,True,True,2026-10-08 20:49:46
Batam Centre,Batam Centre Point International Ferry Terminal,Fire Any,5,9 tahun lalu,Mudah dam simple,True,True,2026-10-08 20:49:46
Batam Centre,Batam Centre Point International Ferry Terminal,Brayn Yosua,4,4 tahun lalu,"Bagus, lebih bagus kalo dikembangkan lagi",False,True,2026-10-08 20:49:46
Batam Centre,Batam Centre Point International Ferry Terminal,Dani Wardani,5,4 tahun lalu,Mantul,True,True,2026-10-08 20:49:46
Batam Centre,Batam Centre Point International Ferry Terminal,Ustadz Nurmantiaz,5,3 tahun lalu,Mengantar Keluarga Besar 7SB Ke Singapura,True,True,2026-10-08 20:49:46
Batam Centre,Batam Centre Point International Ferry Terminal,Muhammad Ahsan 5 Muadz bin Jabal,5,9 tahun lalu,Enak nii kalo mau ke singapore,False,False,2026-10-08 20:49:46
Batam Centre,Batam Centre Point International Ferry Terminal,Rahayu Rudi,5,9 tahun lalu,Tempat pelabuhan .fasilitas oke.,False,False,2026-10-08 20:49:46
Batam Centre,Batam Centre Point International Ferry Terminal,Duo Princess Laiqa,5,8 tahun lalu,Ada akses langsung ke mega mall,False,True,2026-10-08 20:49:46
Batam Centre,Batam Centre Point International Ferry Terminal,Paska Rio Siregar,3,6 tahun lalu,Parkir terbatas saat hari libur.,False,True,2026-10-08 20:49:46
Batam Centre,Batam Centre Point International Ferry Terminal,Mezz riyal,5,5 tahun lalu,Fery terminal yg super padat,False,True,2026-10-08 20:49:46
Batam Centre,Batam Centre Point International Ferry Terminal,David TheLaw,5,9 tahun lalu,Lokasinya aman dan teratur,False,True,2026-10-08 20:49:46
Batam Centre,Batam Centre Point International Ferry Terminal,Markes Markes,1,4 tahun lalu,Semoga makin maju berkembang&sukses,False,False,2026-10-08 20:49:46
Batam Centre,Batam Centre Point International Ferry Terminal,yudi ahmad,4,10 tahun lalu,Mau ke singapore bisa lewat sini,False,True,2026-10-08 20:49:46
Batam Centre,Batam Centre Point International Ferry Terminal,Widodo,5,8 tahun lalu,KFC Jagonya Ayam,False,True,2026-10-08 20:49:46
Batam Centre,Batam Centre Point International Ferry Terminal,Niken Manis,5,10 tahun lalu,Suka cari kerja aja,False,False,2026-10-08 20:49:46
Batam Centre,Batam Centre Point International Ferry Terminal,Edi Nst,5,9 tahun lalu,Pokok nya keren deh,False,False,2026-10-08 20:49:46
Batam Centre,Batam Centre Point International Ferry Terminal,Wesrizal Wesrizal,5,9 tahun lalu,Pelabuhan yang bersih dan modern,False,True,2026-10-08 20:49:46
Batam Centre,Batam Centre Point International Ferry Terminal,Fadil,3,6 tahun lalu,Pelayanan harus di tingkatkan lagi,True,True,2026-10-08 20:49:46
Batam Centre,Batam Centre Point International Ferry Terminal,Junita AH,1,8 tahun lalu,Krn tmpt nya indh,False,False,2026-10-08 20:49:46
Batam Centre,Batam Centre Point International Ferry Terminal,ACHMAD FAJARI,3,6 tahun lalu,"Bagus sih, tapi sudah parkir",False,True,2026-10-08 20:49:46
Batam Centre,Batam Centre Point International Ferry Terminal,Hendrik renaldo hendrik renaldo tamba,5,8 tahun lalu,Saya merasa nyaman disini,False,False,2026-10-08 20:49:46
Batam Centre,Batam Centre Point International Ferry Terminal,Fa Ri,5,Diedit 7 tahun lalu,pertama kali k sini...,True,True,2026-10-08 20:49:46
Batam Centre,Batam Centre Point International Ferry Terminal,Azhari Kamaruddin,5,setahun lalu,Bagus,False,True,2026-10-08 20:49:46
Batam Centre,Batam Centre Point International Ferry Terminal,Santi Haura mikail ganes,4,4 tahun lalu,"Bersih, pelayanan cepat",False,True,2026-10-08 20:49:46
Batam Centre,Batam Centre Point International Ferry Terminal,Sandhy st,5,9 tahun lalu,Rapi...tertata baik,False,True,2026-10-08 20:49:46
Batam Centre,Batam Centre Point International Ferry Terminal,Hdb Hdgd,1,8 tahun lalu,Tapi calonya banyak,False,False,2026-10-08 20:49:46
Batam Centre,Batam Centre Point International Ferry Terminal,Faisol Amir,4,4 tahun lalu,Lumayan menarik,False,True,2026-10-08 20:49:46
Batam Centre,Batam Centre Point International Ferry Terminal,Ed santos,4,2 tahun lalu,Singapore Malaysia,True,True,2026-10-08 20:49:46
Batam Centre,Batam Centre Point International Ferry Terminal,Rusli Dani,4,3 tahun lalu,Cukup bersih.dan nyaman,False,True,2026-10-08 20:49:46
Batam Centre,Batam Centre Point International Ferry Terminal,decroly poluan,4,8 tahun lalu,"Nyaman, bersih.",False,True,2026-10-08 20:49:46
Batam Centre,Batam Centre Point International Ferry Terminal,Alfin Erna,5,10 tahun lalu,Tempat nya nyaman,False,False,2026-10-08 20:49:46
Batam Centre,Batam Centre Point International Ferry Terminal,MOHAMAD YEO,5,setahun lalu,VERI POWERNYA.,False,True,2026-10-08 20:49:46
Batam Centre,Batam Centre Point International Ferry Terminal,Adietya Muhlizar,4,8 tahun lalu,pintu gerbang NKRI,False,True,2026-10-08 20:49:46
Batam Centre,Batam Centre Point International Ferry Terminal,Musda Lifah,5,4 tahun lalu,Sangat membantu,False,True,2026-10-08 20:49:46
Batam Centre,Batam Centre Point International Ferry Terminal,Hasan Hanif,5,3 tahun lalu,Alhamdulillah fasilitas bagus,False,True,2026-10-08 20:49:46
Batam Centre,Batam Centre Point International Ferry Terminal,Rian the Kingers,5,6 tahun lalu,Pelabuhan internasional kota batam,False,True,2026-10-08 20:49:46
Batam Centre,Batam Centre Point International Ferry Terminal,Riski Susanto,5,9 tahun lalu,prtama X,False,True,2026-10-08 20:49:46
Batam Centre,Batam Centre Point International Ferry Terminal,Lukmanul Hakim,5,2 tahun lalu,Pelabuhan fery internasional,False,True,2026-10-08 20:49:46
Batam Centre,Batam Centre Point International Ferry Terminal,Asad Saputra,5,7 tahun lalu,Bagus dan Rame,False,True,2026-10-08 20:49:46
Batam Centre,Batam Centre Point International Ferry Terminal,Swn Eta,3,8 tahun lalu,Bagus koq..,False,True,2026-10-08 20:49:46
Batam Centre,Batam Centre Point International Ferry Terminal,Irpan urut asli batam,5,3 tahun lalu,Ramai dikunjungi,False,True,2026-10-08 20:49:46
Batam Centre,Batam Centre Point International Ferry Terminal,Cahyana Wiyana,4,9 tahun lalu,Lokasi strategis.,False,False,2026-10-08 20:49:46
Batam Centre,Batam Centre Point International Ferry Terminal,irfan community,5,10 tahun lalu,membuatku bahagianya,False,False,2026-10-08 20:49:46
Batam Centre,Batam Centre Point International Ferry Terminal,Lutfi Fauzia,4,8 tahun lalu,Tempat strategis,False,False,2026-10-08 20:49:46
Batam Centre,Batam Centre Point International Ferry Terminal,Thecute Wild,1,6 tahun lalu,Titip komentar dulu.,False,True,2026-10-08 20:49:46
Batam Centre,Batam Centre Point International Ferry Terminal,Temanaso Laia,5,2 tahun lalu,Mantap,False,True,2026-10-08 20:49:46
Batam Centre,Batam Centre Point International Ferry Terminal,Oyung Yung,5,10 tahun lalu,Tempatnya seru,False,False,2026-10-08 20:49:46
Batam Centre,Batam Centre Point International Ferry Terminal,Yaz Machfoedz,4,6 tahun lalu,Tertib dan nyaman,False,True,2026-10-08 20:49:46
Batam Centre,Batam Centre Point International Ferry Terminal,Alvin W,2,10 tahun lalu,Tidak tepat waktu,False,True,2026-10-08 20:49:46
Batam Centre,Batam Centre Point International Ferry Terminal,Irwan Komunikasi,3,4 tahun lalu,Rumit,False,True,2026-10-08 20:49:46
Batam Centre,Batam Centre Point International Ferry Terminal,Agus Eko JB,4,4 tahun lalu,Transit ke Singapore 👍,False,True,2026-10-08 20:49:46
Batam Centre,Batam Centre Point International Ferry Terminal,Syarief Hidayatullah,5,9 tahun lalu,Oke,False,False,2026-10-08 20:49:46
Batam Centre,Batam Centre Point International Ferry Terminal,Samsul Bahri,4,7 tahun lalu,Nyaman,False,True,2026-10-08 20:49:46
Batam Centre,Batam Centre Point International Ferry Terminal,Siti Rossy,5,11 tahun lalu,Tempat mancing,False,False,2026-10-08 20:49:46
Batam Centre,Batam Centre Point International Ferry Terminal,ImUL Papit,4,3 tahun lalu,Gas gas nyebrang,False,True,2026-10-08 20:49:46
Batam Centre,Batam Centre Point International Ferry Terminal,Atep Sodikin,5,3 tahun lalu,Pengalaman,False,True,2026-10-08 20:49:46
Batam Centre,Batam Centre Point International Ferry Terminal,Ben Usa Gani,5,10 tahun lalu,Tempatnya nyaman,False,True,2026-10-08 20:49:46
Batam Centre,Batam Centre Point International Ferry Terminal,Luna Arsad,5,5 tahun lalu,Kota yang indah,False,True,2026-10-08 20:49:46
Batam Centre,Batam Centre Point International Ferry Terminal,Agung Hidayat,4,10 tahun lalu,Berangkat...,False,True,2026-10-08 20:49:46
Batam Centre,Batam Centre Point International Ferry Terminal,michael tjhin,5,9 tahun lalu,KEDATANGAN,False,True,2026-10-08 20:49:46
Batam Centre,Batam Centre Point International Ferry Terminal,Ardiansyah Rinaldy,5,3 tahun lalu,Mantap,False,True,2026-10-08 20:49:46
Batam Centre,Batam Centre Point International Ferry Terminal,Hendri Anto,5,3 tahun lalu,Mantap,False,True,2026-10-08 20:49:46
Batam Centre,Batam Centre Point International Ferry Terminal,Arifin Lee,1,seminggu lalu,"Wifi gratis ngak ada di pelabuhan , bayar cukai pajak keluar mahal , pekerja pin x ramah, buat muka",False,True,2026-10-08 20:49:46
Batam Centre,Batam Centre Point International Ferry Terminal,Muhammad Fikri Ilyas,4,sebulan lalu,"Petugasnya ramah2, direction lokasinya jga gampang, dari tiket, masuk, ke ruang tunggunya. Cuman emg kurang bersih, dan musholanya lumayan sih",True,True,2026-10-08 20:49:46
Batam Centre,Batam Centre Point International Ferry Terminal,tengku erni,5,2 bulan lalu,Terminal Ferry yg sangat bagus pasilitas lengkap dan nyaman,False,True,2026-10-08 20:49:46
Batam Centre,Batam Centre Point International Ferry Terminal,U Dee Batam,3,3 tahun lalu,Pelabuhan / seaport modern dengan sistem transportasi kuno.,False,True,2026-10-08 20:49:46
Batam Centre,Batam Centre Point International Ferry Terminal,Ichsanarias Rindes,4,5 tahun lalu,"Salah satu pelabuhan di batam untuk ke singapore, area tunggu nyaman dan tempat pembelian tiket juga nyaman. Belum terkoneksi dengan taksi online jadi taksi online tidak boleh masuk ke area pelabuhan. kami memilih untuk menggunakan kapal majestic fast untuk menuju singapore.",True,True,2026-10-08 20:49:46
Batam Centre,Batam Centre Point International Ferry Terminal,Wei Meng Lim,4,2 bulan lalu,"Proses pemeriksaan imigrasi berjalan efisien dan terorganisir dengan baik. Sistem pengenalan wajah membuat proses pemeriksaan cepat dan lancar, sementara rambu-rambu yang jelas memudahkan navigasi melalui gerbang keberangkatan feri. Staf juga ramah, mudah didekati, dan bersedia memberikan arahan atau bantuan jika diperlukan. Secara keseluruhan, pengalaman ini berjalan lancar dan tanpa kendala. Diterjemahkan oleh Google ・ Lihat versi asli (Inggris)",True,True,2026-10-08 20:49:46
Batam Centre,Batam Centre Point International Ferry Terminal,zaini triplenine,3,2 bulan lalu,"Dibandingkan dengan dermaga Stulang Laut JB, yang ini jauh lebih baik dan lebih maju. Semua fasilitas tersedia, tetapi Grab tidak diperbolehkan menjemput penumpang dari dalam. Kecuali untuk taksi tertentu. Jadi, berjalanlah sedikit dan naik Grab ke luar, yang jauh lebih ekonomis. Diterjemahkan oleh Google ・ Lihat versi asli (Melayu)",True,True,2026-10-08 20:49:46
Batam Centre,Batam Centre Point International Ferry Terminal,MUHAMAD IRWAN MUSTAFAH,2,4 bulan lalu,Tempatnya terlalu kecil dan tidak terorganisir. Jalan-jalannya terlalu ramai dan sempit. Sebenarnya tempat ini sangat berantakan. Diterjemahkan oleh Google ・ Lihat versi asli (Inggris),True,True,2026-10-08 20:49:46
Batam Centre,Batam Centre Point International Ferry Terminal,Percy,4,setahun lalu,"Mobil Grab tidak dapat masuk ke terminal feri, jadi penumpang harus berjalan kaki keluar untuk menunggu mobil di bawah jembatan penghubung. Pengambilan tiket di lantai 1, ambil setidaknya 90 menit sebelumnya. Penitipan bagasi di lantai 1, buka 60 menit sebelum keberangkatan. Terdapat toko bebas bea dan kedai kopi mini di dalam ruang keberangkatan. Diterjemahkan oleh Google ・ Lihat versi asli (Inggris)",True,True,2026-10-08 20:49:46
Batam Centre,Batam Centre Point International Ferry Terminal,YushaSan,5,6 bulan lalu,"Tersedia banyak fasilitas, dan banyak toko serba ada, termasuk Guardian dan . Ada juga tempat makan. Namun, staf taksi kurang ramah, jadi kami memutuskan untuk menggunakan Grab saja. Diterjemahkan oleh Google ・ Lihat versi asli (Inggris)",True,True,2026-10-08 20:49:46
Batam Centre,Batam Centre Point International Ferry Terminal,fadhli zulkifli,1,2 bulan lalu,"⭐ 1/5 — Pengalaman Perjalanan Terburuk yang Pernah Ada. Ditahan Tanpa Alasan yang Jelas. Saya telah banyak bepergian ke seluruh Eropa, Turki, dan Asia Tenggara, dan saya dapat dengan yakin mengatakan bahwa ini adalah pengalaman perjalanan terburuk yang pernah saya alami. Saya, istri saya, dan anak kami pergi ke Batam bersama teman-teman untuk liburan akhir pekan sederhana. Kami melewati Imigrasi Malaysia, menerima izin keberangkatan, dan naik feri tanpa masalah. Saat kami tiba di terminal feri Batam, seorang petugas polisi mendekati kami, mengambil paspor kami, dan membawa keluarga kami ke sebuah ruangan. Kemudian, anak kami diizinkan pergi bersama teman-teman kami sementara saya dan istri saya ditahan di sana. Kami disuruh menunggu hampir DUA JAM tanpa penjelasan yang tepat. Hanya setelah kami berulang kali meminta jawaban, kami diberitahu bahwa kami ditahan karena polisi Malaysia diduga memintanya. Penjelasan itu sama sekali tidak masuk akal. Jika pihak berwenang Malaysia benar-benar memberlakukan pembatasan terhadap kami, bagaimana kami bisa melewati Imigrasi Malaysia dan meninggalkan Malaysia secara legal tanpa masalah? Seluruh situasi ini merusak perjalanan kami. Kami tidak lagi merasa nyaman tinggal di Batam, jadi kami memilih untuk segera kembali ke Malaysia. Berikut bagian yang paling mengejutkan. Ketika kami tiba kembali di Malaysia, Imigrasi Malaysia mewawancarai kami. Kami menjelaskan semuanya dan bertanya kasus atau masalah apa yang menyebabkan kami ditahan di Batam. Mereka tidak dapat mengidentifikasi alasan apa pun. Tampaknya tidak ada kasus atau masalah imigrasi yang melibatkan kami berdua. Mereka juga bingung mengapa kami ditahan setelah kami melewati Imigrasi Malaysia secara normal. Jadi saya benar-benar ingin tahu: Mengapa kami ditahan selama hampir dua jam? Mengapa kami dipisahkan dari anak kami tanpa penjelasan yang jelas? Mengapa kami diberitahu bahwa polisi Malaysia telah meminta penahanan kami padahal pihak berwenang Malaysia tidak dapat mengidentifikasi alasannya? Ditahan di negara asing tanpa diberi tahu alasannya secara jelas, terutama saat bepergian dengan anak, bukanlah pengalaman yang seharusnya dialami oleh pelancong mana pun. Apa yang seharusnya menjadi liburan akhir pekan yang santai berubah menjadi pengalaman yang sangat menegangkan dan mengganggu. Saya membagikan ini agar para pelancong lain mengetahui apa yang terjadi pada kami, dan saya sangat berharap pihak berwenang yang terkait menyelidiki dan memberikan penjelasan yang tepat. Bagi kami, ini benar-benar tidak dapat diterima dan merupakan pengalaman perjalanan terburuk yang pernah kami alami. Diterjemahkan oleh Google ・ Lihat versi asli (Inggris)",False,True,2026-10-08 20:49:46
Batam Centre,Batam Centre Point International Ferry Terminal,Peter Explores Asia,3,7 bulan lalu,"Terminal Feri Internasional Batam Centre Point - Fungsional Namun Sederhana Lokasi: Batam Centre, Kota Batam, Kepulauan Riau Rating: ⭐⭐⭐ (3,5/5) Saya telah melewati terminal ini beberapa kali selama setahun terakhir, jadi saya cukup familiar dengan cara kerjanya. Kelebihan: Fasilitas dasar tercakup dengan cukup baik. Ada banyak kios kartu SIM tepat saat Anda tiba, yang sangat berguna jika Anda perlu terhubung segera. Proses imigrasi cukup mudah - tidak ada yang mewah, tetapi berjalan dengan kecepatan yang wajar. Pengambilan bagasi sederhana dan mudah dinavigasi. Keuntungan sebenarnya adalah jembatan penyeberangan di atas yang terhubung langsung ke Mega City Mall. Membuat akses ke pangkalan taksi Grab sangat nyaman - Anda tidak perlu berurusan dengan calo atau mencari tahu ke mana harus pergi. Cukup berjalan menyeberang dan Anda sudah sampai. Kekurangan: Ini adalah terminal yang fungsional, tetapi hanya itu saja. Jangan berharap banyak dalam hal fasilitas atau kenyamanan saat Anda menunggu. Fasilitasnya terasa cukup mendasar dan perlu diperbarui agar pengalaman kedatangan/keberangkatan lebih menyenangkan. Kesimpulan: Berfungsi dengan baik untuk masuk dan keluar Batam, dan koneksi ke Mega City Mall benar-benar berguna untuk perjalanan selanjutnya. Ini tidak akan membuat Anda kagum, tetapi juga tidak akan membuat Anda pusing. Jika Anda sering bepergian ke Batam seperti saya, Anda akan menghargai tata letaknya yang sederhana meskipun tidak ada yang istimewa. Sonnet 4.5 Diterjemahkan oleh Google ・ Lihat versi asli (Inggris)",False,True,2026-10-08 20:49:46
Batam Centre,Batam Centre Point International Ferry Terminal,Gabriel,1,4 bulan lalu,"Sudah bertahun-tahun sejak saya datang ke sini, tetapi beberapa hal tidak berubah. Hingga sekarang, manajemen pengendalian keramaian dan sistem antrian masih belum ada. Tempat ini masih terhenti di masa lalu sementara dunia terus bergerak maju, seperti kapsul waktu. Diterjemahkan oleh Google ・ Lihat versi asli (Inggris)",True,True,2026-10-08 20:49:46
Batam Centre,Batam Centre Point International Ferry Terminal,arunika ekawati,1,3 bulan lalu,"Hai semuanya, ini traveler elite favorit kalian kembali dengan ulasan tanpa filter —dan kali ini, kita perlu membahas situasi penjagaan di Terminal Feri Batam Center. Sebagai orang Indonesia yang sering bepergian, saya biasanya sangat bangga menyambut pengunjung internasional ke negara kita yang indah ini. Tetapi kedatangan saya baru-baru ini di Batam Center pukul 21.30, tanpa berlebihan, benar-benar MIMPI BURUK. Jika terminal ini dimaksudkan sebagai gerbang internasional utama, realitas saat ini adalah aib total bagi keramahan nasional kita. Berikut adalah kebenaran mentah tentang apa yang dapat Anda harapkan jika Anda mendarat di sini larut malam: 1. Kemacetan Imigrasi (Bagian Terburuk) Bayangkan seluruh feri berisi para pelancong yang kelelahan tiba pukul 21.30, hanya untuk menemukan tepat satu petugas imigrasi yang bertugas di loket. Ketidakefisienan itu sangat mencengangkan. Tetapi yang benar-benar merusak suasana adalah petugas yang menangani meja—seorang wanita tua bernama Ibu May. Mengatakan dia kasar adalah pernyataan yang meremehkan. Tidak profesional, sangat tidak efisien, dan terus terang, bertingkah seperti anak kecil berusia 5 tahun di balik meja resepsionis. Sebagai orang Indonesia, hati saya hancur melihatnya. Dia sendirian merusak citra keramahan Indonesia bagi setiap turis internasional yang mengantre panjang sekali. 2. Kesiapan Digital Nol Sebelum Anda sampai ke kekacauan di dalam, tidak ada koordinasi di pintu masuk. Tidak ada kode QR yang dibagikan atau ditampilkan di pintu masuk untuk formulir kedatangan digital atau formulir kesehatan yang diperlukan sebelum Anda memasuki terminal. Semua orang dibiarkan meraba-raba dalam kegelapan, mencoba mencari tahu apa yang perlu mereka lakukan. Ini kikuk, ketinggalan zaman, dan tidak dapat diterima untuk pusat transit utama di tahun 2026. 3. Jebakan Monopoli Transportasi Setelah Anda akhirnya keluar dari terminal, jangan pernah berpikir untuk membuka aplikasi Grab atau Gojek Anda. Terminal ini melarang keras aplikasi transportasi daring untuk melindungi monopoli taksi lokal mereka. Biasanya, saya selalu mendukung pengemudi lokal, tetapi pelaksanaannya di sini merupakan bahaya keselamatan dan logistik. Sebagian besar pengemudi yang ditempatkan di sana sudah sangat tua, kesulitan memahami arah, dan—sungguh luar biasa—tidak tahu cara mengetik atau menggunakan Google Maps untuk mencapai tujuan Anda. Jika Anda tidak mengetahui jalan-jalan yang tepat sendiri, Anda pada dasarnya akan terjebak dengan pengemudi yang tidak bisa bernavigasi. Kesimpulan 🚨 Terminal Feri Batam Center membutuhkan perubahan besar, pelatihan ulang staf yang mendesak, dan perombakan teknologi secara menyeluruh. Kepada manajemen: mohon atasi kekurangan personel, sikap staf seperti Ibu May, dan izinkan aplikasi transportasi online masuk agar para pelancong dapat pulang dengan selamat. Apakah kalian baru-baru ini melewati Batam Center? Apakah kalian mengalami hal yang sama, atau saya hanya bertemu mereka di malam yang sangat buruk? Beri tahu saya di kolom komentar di bawah! 👇🏼 #BatamTravel #FerryTerminal #TravelHorrorStories #BatamCenter #ImmigrationIndonesia #WonderfulIndonesia #TravelBlogger #ExposeBadService #BatamTaxi #CustomerServiceFail Diterjemahkan oleh Google ・ Lihat versi asli (Inggris)",False,True,2026-10-08 20:49:46
Batam Centre,Batam Centre Point International Ferry Terminal,Ataru 1,4,setahun lalu,"Tempat ini dapat diakses dari Singapura dalam waktu satu jam. Sebenarnya, saya ingin pergi ke Harbour Bay, tetapi malah berakhir di sini secara tidak sengaja. Hati-hati saat membeli tiket. Setelah memasuki Pulau Batam, saya pergi ke imigrasi, tetapi di sinilah saya membuat kesalahan. Biaya visa adalah 25 dolar AS atau 38 dolar Singapura, tetapi jika kembalian diberikan, itu diberikan dalam rupiah dengan nilai tukar yang sangat buruk... Saya kehilangan sekitar 800 yen... Sejauh yang saya tahu, satu-satunya cara untuk berkeliling pulau adalah dengan taksi. Diterjemahkan oleh Google ・ Lihat versi asli (Jepang)",True,True,2026-10-08 20:49:46
Batam Centre,Batam Centre Point International Ferry Terminal,Joey KETHA,1,7 bulan lalu,"PETUGAS IMIGRASI KORUP DI TERMINAL FERI INI Pada tanggal 21 Februari, saya dan keluarga berencana mengunjungi Batam, Indonesia. Liburan Tahun Baru Imlek baru saja berlalu, dan kami menginginkan liburan singkat dan tenang—dua hari istirahat dan jalan-jalan sebelum ibu saya kembali ke Filipina. Rencananya hanya untuk waktu keluarga yang sederhana. Kami pemegang paspor Filipina - suami, saya, dan putri saya memiliki izin tinggal jangka panjang Singapura yang masih berlaku. Pemerintah Indonesia memberikan izin masuk bebas visa 30 hari bagi pemegang paspor Filipina. Kami memiliki tiket pulang pergi dalam jangka waktu yang diizinkan. Kami sudah memesan hotel. Semuanya berjalan lancar. Namun, saat kami tiba di imigrasi Batam pada tanggal 21 Februari 2026, pukul 10.30 pagi waktu Indonesia, semuanya berubah. Tiba-tiba kami ditahan dan diinterogasi. Petugas menuduh kami melakukan perjalanan ke Batam ""hanya untuk memperpanjang visa ibu saya di Singapura."" Tuduhan ini mengejutkan kami. Mengapa imigrasi Indonesia harus khawatir tentang kebijakan ICA Singapura? Kami memasuki Indonesia secara legal berdasarkan skema bebas visa Indonesia. Kami tidak tinggal melebihi batas waktu di mana pun. Kami tidak melanggar hukum Indonesia apa pun. Meskipun menjelaskan bahwa ini adalah perjalanan liburan singkat 2 hari, kami diantar ke sebuah kantor untuk ""interogasi"" lebih lanjut. Ruangan itu remang-remang dan tegang. Ada turis lain di dalam juga, termasuk pemegang paspor India yang juga tampak gelisah. Suasana terasa mengintimidasi. Pertanyaan diulang-ulang. Nada bicaranya menuduh, seolah-olah kami telah melakukan kesalahan. Kemudian nada bicara petugas berubah. Dia memberi tahu kami bahwa kami memiliki ""dua pilihan"": 1. Mengubah penerbangan ibu saya dan memesankan tiket kembali ke Filipina pada tanggal yang mereka inginkan. 2. Membayar SGD 150 sebagai ""denda"" karena ""transit"" di Batam. Denda untuk pelanggaran apa? Tidak ada penjelasan yang jelas. Tidak ada pemberitahuan tertulis. Tidak ada tanda terima resmi yang disebutkan di muka. Tidak ada dakwaan resmi. Hanya dua ""pilihan."" Mengapa imigrasi Indonesia harus menentukan kapan ibu saya terbang kembali ke Filipina? Mengapa ada ""denda"" padahal kami masih berada dalam aturan bebas visa Indonesia? Saat itu, rasa takut menguasai kami. Kami berada di kantor imigrasi asing. Kami melihat bagaimana petugas berbicara kepada turis lain. Kami tidak tahu apa yang akan terjadi selanjutnya—apakah mereka akan menolak masuk? Membatalkan paspor kami? Memasukkan kami ke daftar hitam? Membuat komplikasi lebih lanjut untuk perjalanan kami? Merasa terintimidasi dan tidak berdaya, dan ingin menghindari masalah lebih lanjut, kami setuju untuk membayar uang tersebut. Apa yang seharusnya menjadi perjalanan keluarga yang santai berubah menjadi pengalaman yang sangat menegangkan dan meresahkan. Hal ini membuat para pelancong mempertanyakan: 1. Apakah perjalanan liburan singkat sekarang mencurigakan? 2. Apakah mengunjungi Batam setelah tinggal di Singapura secara otomatis dianggap sebagai pelanggaran? 3. Mengapa turis ditekan dengan ""denda"" yang tidak jelas tanpa pelanggaran tertulis yang jelas? Pengalaman seperti ini merusak kepercayaan. Pariwisata berkembang berdasarkan keselamatan, keadilan, dan transparansi. Ketika para pelancong merasa terintimidasi atau ditekan tanpa dasar hukum yang jelas, hal itu menciptakan rasa takut—bukan kepercayaan diri. Kami datang untuk beristirahat dan berwisata. Kami pergi dengan kekecewaan. Ini kemungkinan akan menjadi kunjungan terakhir kami ke Batam. Kepada sesama pelancong: selalu siapkan dokumen lengkap, pahami aturan visa Anda, dan tetap tenang—tetapi juga sadari hak-hak Anda. Liburan tidak seharusnya dimulai dengan rasa takut. Diterjemahkan oleh Google ・ Lihat versi asli (Inggris)",False,True,2026-10-08 20:49:46
Batam Centre,Batam Centre Point International Ferry Terminal,IOANNIS PAPADOPOULOS,4,3 bulan lalu,"Titik masuk feri utama ke Pulau Batam untuk feri dari/ke Singapura. Berbagai toko ada di sekitarnya dan mudah untuk dijelajahi, serta terhubung melalui jembatan ke pusat perbelanjaan besar di sisi . Diterjemahkan oleh Google ・ Lihat versi asli (Inggris)",False,True,2026-10-08 20:49:46
Batam Centre,Batam Centre Point International Ferry Terminal,Eri Cahyono,4,setahun lalu,"Terminal feri untuk ke Singapura. Ini kedua kalinya saya ke sini setelah naik feri dari Singapura. Harga tiketnya SGD 43 untuk sekali jalan, dan SGD 70 (saya lupa jumlahnya) untuk tiket pulang pergi (lebih murah daripada tiket sekali jalan). Terminal ini memiliki akses langsung ke Mega Mall Batam. Tersedia beberapa gerai yang menawarkan makanan, camilan, hadiah, atau suvenir. Diterjemahkan oleh Google ・ Lihat versi asli (Inggris)",True,True,2026-10-08 20:49:46
Batam Centre,Batam Centre Point International Ferry Terminal,Ricky Sng,4,6 tahun lalu,"Agak kecil tapi ada jalur penghubung ke mal Matahari di seberang jalan. Pemandangan bagus saat masuk melalui feri. Loket imigrasi di dekatnya memiliki loket visa on arrival terpisah, tetapi loket tersebut hanya buka pada siang hari. Diterjemahkan oleh Google ・ Lihat versi asli (Inggris)",True,True,2026-10-08 20:49:46
Batam Centre,Batam Centre Point International Ferry Terminal,Ursa Major,2,2 tahun lalu,"Terminal kecil dengan fasilitas dasar untuk penumpang feri yang datang dan pergi. Ada beberapa restoran di lantai dua, tetapi harganya mahal dengan pilihan yang sangat terbatas. Pengalaman naik feri juga cukup mengerikan karena area keberangkatan sangat ramai, dan kurangnya organisasi di gerbang keberangkatan membuat sulit untuk mengetahui di mana harus mengantre saat waktunya naik feri. Sebagai pelancong yang sering ke Batam, saya pasti akan merekomendasikan untuk berangkat dari Harbour Bay atau Nongsapura karena tempat ini hanyalah kancah penuh sesak dengan orang-orang yang frustrasi. Diterjemahkan oleh Google ・ Lihat versi asli (Inggris)",True,True,2026-10-08 20:49:46
Batam Centre,Batam Centre Point International Ferry Terminal,tint wai,5,2 bulan lalu,Batam ke Singapura Singapura ke Batam Bisa pergi dengan mudah Tempat-tempat yang bagus Diterjemahkan oleh Google ・ Lihat versi asli (Inggris),True,True,2026-10-08 20:49:46
Batam Centre,Batam Centre Point International Ferry Terminal,Ermy Ardhyanti,4,8 tahun lalu,"Di pusat Kota Batam, terdapat salah satu terminal feri paling populer untuk menyeberangi negara tetangga kita, Singapura. Jaraknya sekitar 30 menit dari Bandara Hang Nadim. Cobalah petualangan baru berlayar melintasi Singapura menggunakan feri dari tempat ini. Anda dapat membeli tiket secara online atau offline di loket penjualan yang terletak di lantai 2. Terdapat banyak pilihan operator feri, saya menggunakan Sindo Ferry, yang saya beli dari Marlin Booking hanya Rp 280.000/orang pulang pergi, sudah termasuk semua biaya. Setelah check-in di loket Sindo Ferry, lanjutkan ke pemeriksaan Imigrasi, selain boarding card, jadi siapkan paspor dan KTP Anda. Setelah panggilan boarding, berjalanlah menyusuri gerbang keberangkatan menuju feri... siap berangkat. Diterjemahkan oleh Google ・ Lihat versi asli (Inggris)",True,True,2026-10-08 20:49:46
Batam Centre,Batam Centre Point International Ferry Terminal,Rajen Arasu,1,setahun lalu,"Terminal Feri Internasional yang sangat kuno, dengan kedatangan di Lantai 1 dan keberangkatan di Lantai 2. Proses bea cukai dan imigrasi kedatangan dan keberangkatan berjalan lancar dan tanpa hambatan. Lantai 1 terdiri dari berbagai konter operator feri (untuk membeli tiket feri atau check-in); penukaran uang, kartu SIM seluler Indonesia, dan konsesi ritel. Lantai 2 sebagian besar terdiri dari konsesi makanan & minuman, suvenir, dan toko serba ada. Gerbang check-in keberangkatan feri menuju bea cukai dan imigrasi juga berada di Lantai 2. Tidak disarankan untuk naik taksi dari terminal ini kecuali Anda mengetahui tarif lokal tujuan Anda. Taksi GRAB tidak diizinkan untuk menjemput penumpang dari Terminal ini karena adanya pengawasan kartel taksi di sini. Sebagai alternatif, Anda dapat menuju Lantai 2 dan menuju Mega Mall yang terhubung oleh jembatan penyeberangan, dan memesan taksi Grab Anda di Mall (Lobi A di sebelah Starbucks). Diterjemahkan oleh Google ・ Lihat versi asli (Inggris)",True,True,2026-10-08 20:49:46
Batam Centre,Batam Centre Point International Ferry Terminal,nor,2,setahun lalu,Loket tiket di Lantai 1. Banyak toko penukaran uang yang terlalu berisik dan memaksa. Terminal kecil dan sangat ramai. Bahkan tidak bisa memesan Grab di sini karena harus menggunakan layanan taksi mereka. Terminal ini memiliki akses langsung ke Mega Mall Batam. Diterjemahkan oleh Google ・ Lihat versi asli (Inggris),True,True,2026-10-08 20:49:46
Batam Centre,Batam Centre Point International Ferry Terminal,Vjay,5,3 tahun lalu,"Terletak strategis di pusat kota yang terhubung ke Batam Mall dengan jembatan penyeberangan pejalan kaki. Tempat ini tertata rapi dan bersih. Terminal feri ini melayani feri ke Johor Bahru dan Singapura. Loket tiket, layanan penanganan bagasi, penukaran uang, loket informasi, layanan kartu SIM turis, toilet, dan food court tersedia di sini. Diterjemahkan oleh Google ・ Lihat versi asli (Inggris)",True,True,2026-10-08 20:49:46
Batam Centre,Batam Centre Point International Ferry Terminal,Jo Low,3,setahun lalu,"Jika Anda ingin naik Grab, pergilah ke lantai 2, cari jalan penghubung (terlihat seperti etalase toko) ke Mega Mall. Grab tidak diperbolehkan menjemput dari halte taksi feri. Perhatikan bahwa jalan penghubung hanya beroperasi setelah pukul 10 pagi, jadi lebih baik naik feri yang tiba sekitar pukul 9.30 pagi. Tidak ada gunanya datang terlalu pagi karena Anda harus menyeberang jalan sembarangan. Diterjemahkan oleh Google ・ Lihat versi asli (Inggris)",True,True,2026-10-08 20:49:46
Batam Centre,Batam Centre Point International Ferry Terminal,Bella Aman,1,4 bulan lalu,"Pelayanan imigrasi yang mengerikan. Saya datang bersama seluruh keluarga saya yang berjumlah 5 orang, dilayani oleh Ibu Anggara di loket imigrasi dan beliau dengan kasar memisahkan keluarga kami beserta anak-anak (15 tahun, 11 tahun, 9 tahun) dari loket. Beliau menginterogasi anak-anak saya satu per satu karena kami tidak bisa mengantre bersama sebagai keluarga. Tindakan yang tidak masuk akal di imigrasi karena anak-anak saya masih di bawah umur. Diterjemahkan oleh Google ・ Lihat versi asli (Inggris)",False,True,2026-10-08 20:49:46
Batam Centre,Batam Centre Point International Ferry Terminal,Bart Verdoorn,4,2 tahun lalu,"Bangunan tua dengan fasilitas dasar untuk naik feri kembali ke Singapura. Area antrean untuk imigrasi dan pemeriksaan bagasi kecil dan area tunggu bersih tetapi tidak terlalu besar sehingga bisa mudah penuh sesak, terutama di akhir pekan. Cukup banyak sampah dan bau di luar saat hendak naik feri saat air surut. Feri dapat dengan cepat meningkatkan kecepatannya setelah meninggalkan dermaga, tidak seperti saat mencapai area Sentosa di dermaga Harbourfront di Singapura di mana kecepatannya dikurangi untuk beberapa kilometer terakhir. Diterjemahkan oleh Google ・ Lihat versi asli (Inggris)",True,True,2026-10-08 20:49:46
Batam Centre,Batam Centre Point International Ferry Terminal,Marcus Goh,4,Diedit 7 tahun lalu,"Terminal feri yang ramai menuju Singapura dan Malaysia. Imigrasi melakukan pekerjaan yang baik dalam proses pemeriksaan yang cepat dan tertib baik saat masuk maupun keluar dari Batam melalui titik ini. WiFi dan toilet tersedia di dalam gedung sebelum dan sesudah imigrasi. Ruang merokok dan ruang menyusui tersedia setelah imigrasi di dekat toilet wanita, dengan ruang sholat Muslim di samping toilet pria. Beberapa restoran di sekitar menyediakan makanan, dan beberapa toko di sekitar untuk membeli pakaian, makanan, atau suvenir di menit-menit terakhir. Terdapat tempat berteduh dan loket untuk mereka yang menggunakan taksi di tempat parkir mobil yang besar. Terdapat juga jembatan beratap menuju megamall besar di dekatnya dengan lebih banyak toko, makanan, dan hypermarket. Taksi mudah tersedia di pintu masuk gedung melalui loket taksi. Diterjemahkan oleh Google ・ Lihat versi asli (Inggris)",True,True,2026-10-08 20:49:46
Batam Centre,Batam Centre Point International Ferry Terminal,HIDZANI SAMSUNI,1,setahun lalu,"KEMUNGKINAN TINDAKAN PENYUAPAN/KORUPSI Jadi Jumat lalu (21/2/2025), kami bertiga (ibu, saudara laki-laki, dan saya) sedang berlibur akhir pekan ke Batam. Kami tiba di Terminal Feri Batam Center pukul 9 pagi waktu setempat. Saat mengantre untuk pemeriksaan paspor, saya sedang mengatur roaming untuk mengisi Visa of Arrival (VOA). Di sana, saya dipanggil oleh seorang petugas imigrasi ke kantornya dan ponsel ibu saya dan saya, bersama dengan paspor saya, diambil oleh petugas imigrasi tersebut. Kemudian, dia menyuruh saya menunggu di luar kantornya (saat itu pukul 9.30 pagi waktu Batam). Kira-kira setelah 20-30 menit, dia keluar dari ruang kantornya untuk melayani petugas lain, tetapi ketika dia melihat saya, dia bertanya ""kamu ngapain di sini?"" dua kali karena saya benar-benar tidak tahu apa-apa. Kemudian saya mengatakan kepadanya bahwa ponsel dan paspor saya diambil olehnya. Dia kemudian dengan kasar berkata kepada saya ""ha tahu pun kamu, kamu tahu tidak apa salahmu?"" Saya menjawab, “Saya tadi sedang mengatur layanan roaming saya untuk mengisi VOA saya”. Kemudian, dia memberi tahu saya bahwa roaming dapat dilakukan setelah imigrasi di luar. Saya kemudian hanya diam dan mengangguk pelan. Dia kemudian kembali ke ruangannya dan menghilang entah berapa jam. Sambil menunggu tindakannya, saya hanya duduk di kursi, tidak memprovokasi atau meminta pembebasan karena saya percaya dia hanya melakukan pekerjaannya. Kemudian, ada seorang pria duduk tepat di sebelah saya bertanya apa yang terjadi. Saya mengatakan kepadanya bahwa paspor dan ponsel saya diambil oleh petugas. Dia kemudian dengan lembut mengatakan bahwa dia dapat menawarkan bantuan. Karena curiga dengan tawaran itu (saya merasa bahwa bantuannya disertai dengan uang tip/uang sampingan, saya menjawabnya “Tidak, Papa. Aku tunggu saja”). Pria itu kemudian meninggalkan saya dan pergi menemui pelanggar lain (tidak secara langsung tetapi secara berkala dia akan masuk ke ruangan). Perlu diingat bahwa selama saya menunggu, ada banyak pelanggar setelah saya yang dibebaskan dalam waktu kurang dari 10 menit menunggu (salah satunya langsung bersama pria yang menawarkan bantuan kepada saya). Singkat cerita, saya ditahan di ruang tunggu, dari jam 9 pagi sampai 1.30 siang. Saat hendak dibebaskan, petugas wanita itu menyuruh saya untuk tidak menggunakan telepon lagi sambil menunggu pemeriksaan imigrasi. Karena frustrasi ditahan begitu lama tanpa telepon dan paspor, saya menjawabnya dengan satu kata, ""mungkin"". Dia marah dan langsung menolak masuk saya. Saya bilang padanya, ""Tidak apa-apa. Kirim saja saya kembali ke Malaysia karena saya sudah lelah secara mental dan fisik karena menunggu."" Sambil menunggu feri kembali, dia datang kepada saya dan meminta saya untuk menelepon keluarga saya. Rupanya, ketika petugas feri memberi tahu ibu saya bahwa saya akan dipulangkan karena perilaku ""tidak sopan"", ibu saya menanyakan nama petugas wanita itu kepada petugas feri, dan ingin melaporkannya karena tuduhan yang salah. Saya dituduh bermain ponsel meskipun sudah dua kali diperingatkan oleh petugas lain (padahal, saya sama sekali tidak diperingatkan atas pelanggaran tersebut). Kemudian dia mengizinkan saya masuk setelah mendengar bahwa ibu saya ingin melaporkannya atas kemungkinan tindakan korupsi dan salah tafsir (karena pukul 11.30 pagi waktu Batam, ibu saya masuk ke ruang tunggu untuk menemui saya, dan saya mengatakan kepadanya bahwa ada seorang pria lokal yang menawarkan bantuan kepada saya). Foto terakhir adalah pria yang menawarkan bantuan kepada saya, sedang berbincang dengan petugas wanita tersebut. Postingan ini bukan untuk menuduh petugas tersebut melakukan tindakan korupsi, tetapi agar pengunjung lebih waspada terhadap kejadian ""pemeriksaan acak/penggunaan ponsel saat di imigrasi"" yang sering terjadi. Juga, agar pihak berwenang menyelidiki keberadaan pria yang menawarkan bantuan kepada saya di kantor Imigrasi Feri Batam Center. Mengapa dia berada di kantor hampir sepanjang waktu? Juga kepada Ibu Cia, Anda berhutang waktu 4 jam saya menunggu seperti orang bodoh, dan Anda tidak pantas mendapatkan rasa hormat saya. Diterjemahkan oleh Google ・ Lihat versi asli (Inggris)",True,True,2026-10-08 20:49:46
Batam Centre,Batam Centre Point International Ferry Terminal,Fa,5,Diedit 7 tahun lalu,"Terminal Feri Batam Center Keberangkatan dari terminal ini ke beberapa tujuan di Malaysia, Singapura, dan Indonesia. Ini adalah terminal utama untuk kedatangan dari Johor Bahru. Terminal ini memiliki kantor penukaran mata uang, ATM, kantor penyewaan hotel dan resor, dan kantor perusahaan Indonesia Kaha. Terdapat loket penjualan kartu SIM dan akses internet (tidak memerlukan paspor atau KTP). Beberapa perusahaan menjual tiket feri, kapal, dan speedboat. Terminal ini terhubung ke pusat perbelanjaan besar bernama Mega Mall melalui jembatan penyeberangan. Ini adalah pusat perbelanjaan besar dengan restoran cepat saji dan kafe. Diterjemahkan oleh Google ・ Lihat versi asli (Arab)",True,True,2026-10-08 20:49:46
Batam Centre,Batam Centre Point International Ferry Terminal,ghibli4life,2,2 tahun lalu,"Tempat ini menjadi sangat ramai selama libur panjang akhir pekan. Saya mulai mengantre lebih dari satu jam sebelum waktu keberangkatan feri saya, dan tetap tidak bisa naik. Awalnya, kerumunan diatur oleh petugas yang mengizinkan penumpang naik eskalator secara bertahap. NAMUN, mereka tidak memeriksa waktu keberangkatan penumpang dan langsung membiarkan orang masuk. Mereka juga mengizinkan orang-orang yang baru masuk terminal (untuk memberi mereka kesempatan) yang tidak menyadari ada antrean panjang untuk menerobos antrean. Saran untuk terminal, mohon periksa waktu keberangkatan setiap penumpang terlebih dahulu dan prioritaskan sesuai dengan itu, sehingga orang-orang dapat sampai ke feri tepat waktu dan mengurangi kecemasan banyak orang. Diterjemahkan oleh Google ・ Lihat versi asli (Inggris)",True,True,2026-10-08 20:49:46
Batam Centre,Batam Centre Point International Ferry Terminal,R Santoso,5,Diedit 3 tahun lalu,"Pelabuhan yang terletak di Batam untuk layanan feri ke dan dari SingapuraI (pelabuhan Tanah Merah dan Harbourfront), dan juga Malaysia (Pelabuhan Pasir Gudang) Diterjemahkan oleh Google ・ Lihat versi asli (Inggris)",True,True,2026-10-08 20:49:46
Batam Centre,Batam Centre Point International Ferry Terminal,Wan Asrin,5,7 bulan lalu,Salah satu terminal feri utama di Batam. Ramai pengunjung selama akhir pekan dan musim liburan. Banyak restoran dan toko kecil di dalam gedung terminal. Berjarak dekat dengan Megamall Batam. Diterjemahkan oleh Google ・ Lihat versi asli (Inggris),False,True,2026-10-08 20:49:46
Batam Centre,Batam Centre Point International Ferry Terminal,Mia Marina,3,4 bulan lalu,"Tempatnya ramai dan membingungkan. Anda sudah memiliki e-boarding pass di ponsel, tetapi tetap perlu mencetaknya di konter, jadi jangan datang terlalu dekat dengan waktu keberangkatan. Diterjemahkan oleh Google ・ Lihat versi asli (Inggris)",False,True,2026-10-08 20:49:46
Batam Centre,Batam Centre Point International Ferry Terminal,Richard Coker,3,4 bulan lalu,Dua toko di dalamnya kurang bagus. Perlu diperbaiki. Belilah apa pun yang Anda butuhkan sebelum melewati mesin tiket. Diterjemahkan oleh Google ・ Lihat versi asli (Inggris),False,True,2026-10-08 20:49:46
Batam Centre,Batam Centre Point International Ferry Terminal,Sandra ST,4,2 tahun lalu,"Gerbang masuknya sudah ketinggalan zaman. Disarankan menggunakan aplikasi Grab untuk memesan taksi, tetapi pengemudi taksi Grab tidak diperbolehkan masuk ke area pangkalan taksi feri. Jadi, kita harus berjalan kaki (sekitar 100 m) ke jalan utama. Ini sangat nyaman dan harganya lebih murah. Diterjemahkan oleh Google ・ Lihat versi asli (Inggris)",True,True,2026-10-08 20:49:46
Batam Centre,Batam Centre Point International Ferry Terminal,Jeffrey Alman,4,Diedit 9 tahun lalu,Batam Centre adalah pelabuhan terdekat untuk berlayar menyeberangi Singapura dari Bandara Hang Nadim. Foto-foto ini diambil dari dalam Sindo Ferry. Kursinya nyaman dan sangat empuk. Diterjemahkan oleh Google ・ Lihat versi asli (Inggris),True,True,2026-10-08 20:49:46
Batam Centre,Batam Centre Point International Ferry Terminal,Naufal H,4,4 tahun lalu,"Terkadang feri akan tutup 15 menit sebelum keberangkatan, jadi perlu datang setidaknya 30-40 menit sebelumnya karena antrean bisa panjang. Jika tidak, proses check-in cepat. Diterjemahkan oleh Google ・ Lihat versi asli (Inggris)",True,True,2026-10-08 20:49:46
Batam Centre,Batam Centre Point International Ferry Terminal,Ranger Fadil,4,8 tahun lalu,"Menurut saya, ini adalah salah satu pelabuhan terbesar di Indonesia... tetapi beberapa fasilitas perlu ditingkatkan, seperti toilet. Diterjemahkan oleh Google ・ Lihat versi asli (Inggris)",True,True,2026-10-08 20:49:46
Batam Centre,Batam Centre Point International Ferry Terminal,Rosy Neubauer,1,setahun lalu,"Seandainya bisa, saya akan memberikan nol bintang. Kami disesatkan oleh petugas imigrasi di Batam, yang menjual visa 7 hari kepada kami tanpa memberi tahu bahwa visa tersebut HANYA berlaku untuk Batam. Karena kami berbicara bahasa Inggris, jelas bahwa kami adalah turis – menyembunyikan informasi penting seperti itu tidak dapat diterima. Bahkan tidak tertulis di visa itu sendiri. Kami baru mengetahuinya di bandara Jakarta, ketika kami ditolak naik pesawat untuk penerbangan kembali ke Jerman. Kami kehilangan semua penerbangan yang telah kami pesan, harus tinggal melebihi masa berlaku visa, kembali ke Batam, membayar denda, dan menghabiskan lebih dari €2000 hanya untuk pulang. Kembali di Terminal Feri Batam, cobaan berlanjut: petugas menunda kami tanpa alasan, memberi kami instruksi palsu tentang cara membayar denda, dan baru bertindak setelah uang terlibat. Seluruh proses terasa seperti permainan kekuasaan, membuat kami stres, ketakutan, dan merasa benar-benar dikhianati. Ini menghancurkan liburan kami dan membuat kami trauma. Apa yang terjadi terasa kurang seperti kesalahan dan lebih seperti penipuan – dan saya tidak akan pernah kembali. Diterjemahkan oleh Google ・ Lihat versi asli (Inggris)",False,True,2026-10-08 20:49:46
Batam Centre,Batam Centre Point International Ferry Terminal,amir mohd,4,4 tahun lalu,"Proses check-in lancar & cepat. Sebelum itu, Anda perlu menginstal aplikasi Peduli Lindungi sebelum memasuki area imigrasi. Diterjemahkan oleh Google ・ Lihat versi asli (Inggris)",True,True,2026-10-08 20:49:46
Batam Centre,Batam Centre Point International Ferry Terminal,Sewfuntastic 2015,3,3 tahun lalu,"Terminalnya tidak terlalu besar. Di lantai pertama, ada beberapa toko pakaian. Sedangkan di lantai dua, ada beberapa restoran dan minimarket. Anda bisa berjalan kaki ke Mega Mall menggunakan jembatan penghubung. Tapi toiletnya agak kotor mungkin karena terlalu banyak orang yang menggunakannya. AC-nya juga tidak terlalu dingin sebelum Anda melewati imigrasi. Sambil menunggu feri, mereka memiliki 2 toko jika Anda perlu membeli suvenir di menit-menit terakhir. AC-nya cukup dingin. Diterjemahkan oleh Google ・ Lihat versi asli (Inggris)",True,True,2026-10-08 20:49:46
Batam Centre,Batam Centre Point International Ferry Terminal,Sruthi Nair,2,6 bulan lalu,"Proses imigrasi sangat lambat dan melelahkan, terutama selama libur panjang akhir pekan. Prosesnya dikelola dengan sangat buruk. Diterjemahkan oleh Google ・ Lihat versi asli (Inggris)",False,True,2026-10-08 20:49:46
Batam Centre,Batam Centre Point International Ferry Terminal,Hugh,1,5 bulan lalu,"Setelah mengantre selama 1,5 jam, penumpang masih belum turun. Tampaknya prioritas diberikan kepada penumpang dari kapal perusahaan tertentu. Diterjemahkan oleh Google ・ Lihat versi asli (Tionghoa)",False,True,2026-10-08 20:49:46
Batam Centre,Batam Centre Point International Ferry Terminal,Nicholas,1,setahun lalu,"Tindakan Korupsi dan Penyalahgunaan Kekuasaan - Saya sedang bepergian ke Batam pada tanggal 24 April dan memasuki imigrasi. Saya ingin masuk melalui gerbang elektronik dan mendaftar di sana, tetapi mereka mengarahkan saya ke loket dan mengatakan bahwa saya dapat mendaftar nanti. Di loket, seorang wanita mengatakan bahwa saya hanya memiliki kurang dari 2 halaman tersisa dan dia memanggil seorang petugas. Seorang petugas polisi muda memaksa saya masuk ke sebuah ruangan. Dia merokok elektrik di ruangan itu, melipat kakinya, dan mengejek saya selama sekitar 30 menit. Dia mengancam saya dengan mengatakan bahwa tidak ada yang bisa mendengar saya di ruangan itu, terus mengatakan bahwa tidak ada yang bisa membantu saya, dan jika saya ingin pergi, saya harus membantunya. ""Jika kamu membantuku, maka aku akan membantumu masuk"". Saya mengatakan kepadanya bahwa saya bisa kembali, tetapi dia menolak untuk mengembalikan paspor Singapura saya. Barang-barang berharga saya diminta untuk saya letakkan di luar ruangan. Saya sangat takut. Dia menyuruh saya untuk membayarnya apa pun yang saya punya dan membantunya. Dari harga 100 USD, akhirnya diturunkan menjadi 75 SGD. Saya merasa sangat hancur dan kotor setelah apa yang terjadi. Saya tidak akan pernah lagi pergi ke Batam seumur hidup saya sampai saya meninggal. Saya merasa sangat trauma dengan apa yang terjadi dan saya merasa sangat beruntung bisa meninggalkan negara itu dan kembali ke Singapura. Saya seorang pria India lokal Singapura. Tampaknya orang India sangat menjadi target pemerasan di sini oleh polisi imigrasi. Saya merasa sangat tertekan dengan apa yang terjadi dan ketidakadilan yang besar. Ini tidak benar. Orang-orang di Batam sangat korup dan jahat. (Seharusnya jika saya mendaftar melalui eGate, saya bahkan tidak perlu paspor saya dicap. Mereka menjebak saya) Diterjemahkan oleh Google ・ Lihat versi asli (Inggris)",False,True,2026-10-08 20:49:46
Batam Centre,Batam Centre Point International Ferry Terminal,Ana Rohana,3,9 tahun lalu,"Sarapan di sini sambil menunggu jembatan penyeberangan ke Mega Mall buka (pukul 10 pagi). KFC, restoran, dan toko jajanan lokal ada di lantai 2. Anda dapat menemukan kartu SIM Indonesia, taksi, dan toko bebas bea di lantai 1, meskipun tidak banyak yang bisa dilihat! Diterjemahkan oleh Google ・ Lihat versi asli (Inggris)",True,True,2026-10-08 20:49:46
Batam Centre,Batam Centre Point International Ferry Terminal,Tom,5,Diedit 8 tahun lalu,"Lokasinya terhubung dengan mal. Cukup bersih, yang saya tidak suka adalah sopir ojek dan sopir taksi di luar, mereka mematok harga terlalu tinggi. Dan agak sulit menemukan transportasi online di sini, karena sopir taksi/ojek lokal melarang penggunaan transportasi online. Diterjemahkan oleh Google ・ Lihat versi asli (Inggris)",True,True,2026-10-08 20:49:46
Batam Centre,Batam Centre Point International Ferry Terminal,Alexander Reinaldo,5,6 tahun lalu,"Terkenal dengan beragam operator feri seperti Sindo, Majestic, dan Batam Fast Ferry. Terdapat jembatan penghubung ke Mega Mall Batam tempat Anda dapat berbelanja dan menikmati makanan Indonesia. Sebaiknya hindari berkunjung saat hari libur nasional Singapura, misalnya Tahun Baru Imlek dan Deepavali, serta libur panjang akhir pekan karena antrean bisa sangat panjang (seperti gambar di bawah). Diterjemahkan oleh Google ・ Lihat versi asli (Inggris)",True,True,2026-10-08 20:49:46
Batam Centre,Batam Centre Point International Ferry Terminal,Wayne Yip,1,setahun lalu,"Salah satu pengalaman perjalanan terburuk yang pernah saya alami. Kapal feri tertunda lebih dari satu jam tanpa komunikasi yang jelas dari staf. Seluruh terminal kacau—tidak ada rambu yang tepat, tidak ada ketertiban, dan staf tampak sama sekali tidak siap dan bingung. Tempat itu terlalu ramai, dengan terlalu banyak orang berdesakan di ruang yang sempit. Selain itu, sama sekali tidak ada kesadaran sosial di antara penumpang—saling dorong, berteriak, dan kekacauan umum di mana-mana. Secara keseluruhan, itu adalah pengalaman yang sangat tidak menyenangkan dan membuat frustrasi. Saya tidak akan merekomendasikan terminal ini kepada siapa pun. Jika Anda memiliki alternatif, gunakanlah. Diterjemahkan oleh Google ・ Lihat versi asli (Inggris)",False,True,2026-10-08 20:49:46
Batam Centre,Batam Centre Point International Ferry Terminal,Hafizah Rosli,1,setahun lalu,"Tindakan korupsi. Pelayanan sangat buruk. Staf di bagian penanganan bagasi sangat kasar. Tidak menjelaskan detail lebih lanjut tentang penanganan bagasi, malah menyalahkan saya dan keluarga saya karena tidak bertanya kepada mereka. Awalnya, mereka menyuruh saudara laki-laki saya untuk membayar. Kemudian, setelah saya dan saudara perempuan saya datang, mereka menyangkalnya. Ini adalah pertama kalinya saya datang ke sana dan akan menjadi yang terakhir kalinya saya pergi ke sana. Tidak akan datang lagi ke Batam. Diterjemahkan oleh Google ・ Lihat versi asli (Inggris)",False,False,2026-10-08 20:49:46
Batam Centre,Batam Centre Point International Ferry Terminal,Ting Ying Wu (Ting Ting),1,setahun lalu,"Baru-baru ini kami mengalami pengalaman buruk di imigrasi Terminal Feri Internasional Batam. Petugasnya korup dan meminta uang sebagai imbalan untuk memproses paspor orang tua kami. Mereka mengajukan pertanyaan yang tidak perlu, termasuk: Mengapa kami mengunjungi Batam padahal visa Singapura kami akan segera habis masa berlakunya (meskipun masih tersisa lebih dari 7 hari pada visa kami). Bukti tiket pulang (yang telah kami berikan, termasuk tiket feri kembali ke Singapura dan tiket pesawat kembali ke negara kami sendiri!). Seluruh prosesnya adalah tipu daya, dengan banyak petugas dan polisi yang terlibat. Mereka semua bersekongkol, meminta USD$100 per orang (yang akhirnya saya bayar S$100 untuk 2 orang setelah bernegosiasi). Pengalaman ini diwarnai korupsi dan pemerasan, dan saya tidak merekomendasikan Batam kepada siapa pun, terutama jika memasuki Batam dari transit antar negara. Mereka akan mencari alasan apa pun untuk mendapatkan uang dan tidak akan mengikuti aturan apa pun! Karena saya bekerja di Singapura dan memegang izin tinggal yang masih berlaku, jadi mereka tidak dapat terus meminta uang untuk kasus saya. Diterjemahkan oleh Google ・ Lihat versi asli (Inggris)",False,False,2026-10-08 20:49:46
Batam Centre,Batam Centre Point International Ferry Terminal,Vimaljit Bhatti,5,6 tahun lalu,Pengalaman saya di sana sangat menyenangkan. Semua orang di sana sangat ramah. Imigrasi juga sangat baik. Saya berkunjung dari Singapura ke Batam pada tanggal 25 April 2019. Hari itu sangat indah. Diterjemahkan oleh Google ・ Lihat versi asli (Inggris),True,False,2026-10-08 20:49:46
Batam Centre,Batam Centre Point International Ferry Terminal,Mo Lim,2,8 tahun lalu,"Fuyoh, imigrasi saat pulang kerja sangat, sangat, sangat lambat. Saya butuh 1,5 jam untuk check-in dan naik kapal. Hampir ketinggalan kapal. Dan saya berangkat di hari kerja juga tidak banyak orang. Lambat, lambat, lambat!!! Diterjemahkan oleh Google ・ Lihat versi asli (Inggris)",True,True,2026-10-08 20:49:46
Batam Centre,Batam Centre Point International Ferry Terminal,Celine Ha,5,8 tahun lalu,"Kuil Biara Maha Vihara Duta Maitreya. Akan datang lagi ke sini, tempat yang bagus dan damai... Diterjemahkan oleh Google ・ Lihat versi asli (Inggris)",True,True,2026-10-08 20:49:46
Batam Centre,Batam Centre Point International Ferry Terminal,Hayni Shio,1,setahun lalu,Pelayanan sangat BURUK. Staf dan bos di bagian penanganan bagasi SANGAT TIDAK SOPAN. Mereka MEMARAHI kami dan TIDAK MEMBERIKAN BANYAK INFORMASI tentang penanganan bagasi. SUKA PUTAR BELIT CERITA. Pasti tidak akan kembali ke BATAM. Ini kunjungan pertama dan terakhir saya ke sana. Diterjemahkan oleh Google ・ Lihat versi asli (Inggris),False,False,2026-10-08 20:49:46
Batam Centre,Batam Centre Point International Ferry Terminal,Muhammad Rizqi Febriansyah,1,setahun lalu,"Kami membeli tiket ekspres untuk mempercepat proses imigrasi dan pengecatan paspor, tetapi sayangnya korupsi merajalela di kantor imigrasi. Petugas meminta Rp 500.000 untuk mempercepat proses imigrasi. Jika demikian, lalu apa gunanya kami membeli tiket ekspres sebelumnya? Jika Anda tidak dapat menangani lonjakan penumpang yang datang, maka jangan repot-repot. Kami membayar untuk suatu layanan, namun mereka meminta lebih. Sangat kecewa dan jijik. Diterjemahkan oleh Google ・ Lihat versi asli (Inggris)",False,True,2026-10-08 20:49:46
Batam Centre,Batam Centre Point International Ferry Terminal,Mitz Hiratsuka (み),1,2 tahun lalu,"Rasanya seperti neraka. Antrean keberangkatan dari Batam ke Singapura sangat panjang. Butuh 2 jam untuk sampai di gerbang keberangkatan. Antrean tidak teratur, tidak jelas di mana ujung antrean. Suasananya kacau. Bagian dalam gedung terminal sangat panas. AC tidak berfungsi dengan baik. Kipas angin tidak cukup. Rasanya seperti neraka. Saya sarankan Anda untuk tidak mengunjungi Indonesia melalui terminal internasional ini. Diterjemahkan oleh Google ・ Lihat versi asli (Inggris)",False,True,2026-10-08 20:49:46
Batam Centre,Batam Centre Point International Ferry Terminal,Shirley Ng,1,setahun lalu,"Terminal tua dan ketinggalan zaman. Tidak terorganisir, tidak ada papan petunjuk yang jelas, kapal tertunda lebih dari satu jam tanpa informasi dan menyebabkan kami mengantri di sana selama lebih dari satu jam. Tidak akan datang ke terminal ini lagi jika berkunjung ke Batam lagi. Diterjemahkan oleh Google ・ Lihat versi asli (Inggris)",False,False,2026-10-08 20:49:46
Batam Centre,Batam Centre Point International Ferry Terminal,Olivia Yong,2,9 bulan lalu,Tidak terorganisir dan tidak dikelola secara efisien. Rambu-rambu yang tidak memadai dan kurangnya pembatas antrean yang tepat membuat penumpang yang berangkat kebingungan. Saya tidak akan masuk Batam melalui pelabuhan ini di masa mendatang. Diterjemahkan oleh Google ・ Lihat versi asli (Inggris),False,True,2026-10-08 20:49:46
Batam Centre,Batam Centre Point International Ferry Terminal,krisnarta sembiring,5,4 tahun lalu,"Ini adalah salah satu pelabuhan internasional di Batam. Mudah diakses jika Anda menginap di pusat kota. Namun, taksi online tidak diperbolehkan untuk menjemput penumpang. Anda dapat bepergian ke Singapura dan Malaysia dari sini. Anda hanya perlu membeli tiket langsung dari gerai perusahaan. Menurut saya, pemesanan tiket di muka kurang menguntungkan. Terdapat juga beberapa fasilitas umum di gedung ini seperti kios makanan dan minuman, toilet, dan colokan listrik. Anda juga dapat menemukan tempat penukaran uang di sini. Stafnya ramah dan cukup membantu. Diterjemahkan oleh Google ・ Lihat versi asli (Inggris)",False,True,2026-10-08 20:49:46
Batam Centre,Batam Centre Point International Ferry Terminal,M lee,4,7 tahun lalu,Pusat feri yang ramai dengan cukup banyak tempat makan dan toko jajanan. Saya juga menyukai jembatan penyeberangan pejalan kaki yang menghubungkan ke mal besar tersebut. Diterjemahkan oleh Google ・ Lihat versi asli (Inggris),True,True,2026-10-08 20:49:46
Batam Centre,Batam Centre Point International Ferry Terminal,Clifton James,5,3 bulan lalu,Sepertinya kamu semakin membaik setiap kali aku datang ke sini. Diterjemahkan oleh Google ・ Lihat versi asli (Inggris),False,True,2026-10-08 20:49:46
Batam Centre,Batam Centre Point International Ferry Terminal,Eugene,2,2 tahun lalu,"Kita hanya bisa melakukan check-in bagasi 1 jam sebelum waktu keberangkatan dan 1 jam ini tidak cukup untuk mengantre, melewati bea cukai, dan naik feri tepat waktu. Saya menyarankan semua orang untuk tidak melakukan check-in bagasi selama libur panjang akhir pekan dan mengantre lebih awal agar tidak ketinggalan feri. Jika Anda ketinggalan feri, hubungi operator Anda dan mereka mungkin akan mengizinkan Anda naik feri berikutnya jika ada kursi kosong. Diterjemahkan oleh Google ・ Lihat versi asli (Inggris)",False,True,2026-10-08 20:49:46
Batam Centre,Batam Centre Point International Ferry Terminal,Finglas Dublin,3,8 tahun lalu,"Suasananya tampak sangat kacau saat saya pertama kali tiba. Terdapat kantor penukaran mata uang tepat di sebelahnya, dan Anda bisa naik taksi dengan harga yang wajar tanpa ditipu. Diterjemahkan oleh Google ・ Lihat versi asli (Korea)",True,True,2026-10-08 20:49:46
Batam Centre,Batam Centre Point International Ferry Terminal,Budi Santoso,5,8 tahun lalu,"Terhubung dengan mal, salah satu pintu gerbang menuju Singapura melalui jalur laut. Diterjemahkan oleh Google ・ Lihat versi asli (Inggris)",True,True,2026-10-08 20:49:46
Batam Centre,Batam Centre Point International Ferry Terminal,hff fbffh,3,3 bulan lalu,"Agak membingungkan; jika Anda sudah tahu seluk-beluknya, Anda bisa beradaptasi lebih cepat. Diterjemahkan oleh Google ・ Lihat versi asli (Jerman)",False,True,2026-10-08 20:49:46
Batam Centre,Batam Centre Point International Ferry Terminal,Anthony Chew,1,2 tahun lalu,"Petugas bea cukai baru-baru ini tampaknya mendiskriminasi warga asing saat check-in. Kami dari Singapura dan mengantre seperti biasa. Ketika kami sampai di loket, petugas Indonesia hanya duduk di sana dan bahkan tidak repot-repot memeriksa paspor saya. Dia menunggu beberapa menit dan kemudian tiba-tiba meminta saya untuk pergi ke antrean lain lagi. Saya mengantre lagi dan bertemu dengan petugas Indonesia kedua. Dia sangat tidak sopan dan juga tidak mau mengambil paspor saya. Setelah bercanda dengan petugas lain yang tampak seperti orang Tionghoa, barulah dia mengambil paspor saya dan mulai bertanya untuk apa saya datang ke sini. Saya menjawab sesuai dengan itu dan dia seperti tidak mau memcap paspor saya dan menunggu beberapa saat. Akhirnya dia membiarkan saya pergi. Saya bertanya kepada beberapa orang lain, mereka juga mengalami kejadian yang sama. Mereka juga diarahkan ke loket yang berbeda dan menunggu beberapa saat tanpa mengetahui apa yang terjadi. Ini memalukan bagi bea cukai Indonesia. Bukankah seharusnya Anda menyambut pengunjung dan lebih ramah?? Tidak akan pernah datang ke Indonesia lagi. Kami tidak di sini untuk melihat wajah Anda yang tidak sabar! Diterjemahkan oleh Google ・ Lihat versi asli (Inggris)",False,True,2026-10-08 20:49:46
Batam Centre,Batam Centre Point International Ferry Terminal,Pang5 team,5,9 tahun lalu,"rute ke dua negara terdekat, Malaysia - Singapura Diterjemahkan oleh Google ・ Lihat versi asli (Melayu)",True,True,2026-10-08 20:49:46
Batam Centre,Batam Centre Point International Ferry Terminal,RJ,1,2 tahun lalu,"Itu pengalaman terburuk. Saya ditipu oleh penukar uang di dalam Terminal Batam. ATM mereka tidak berfungsi dengan VISA, jadi saya pergi ke tempat penukaran uang. Ketika saya sampai di hotel, saya menghitung dan menyesuaikan kurs yang disepakati. Tapi uangnya kurang sekitar 49 SGD. Tolong. Jangan pernah menukarkan uang Anda di terminal Batam Center. Lakukan di Singapura saja. Tidak akan pernah kembali ke sini lagi. Hal yang baik adalah akomodasinya. Terima kasih Swiss Belinn. Dan orang-orang di sekitar ramah. Juga para pengemudi Grab. Diterjemahkan oleh Google ・ Lihat versi asli (Inggris)",False,True,2026-10-08 20:49:46
Batam Centre,Batam Centre Point International Ferry Terminal,Hiếu Trần Trung,5,6 tahun lalu,Harap diingat untuk mengambil bagasi Anda sendiri di kereta. Diterjemahkan oleh Google ・ Lihat versi asli (Vietnam),True,True,2026-10-08 20:49:46
Batam Centre,Batam Centre Point International Ferry Terminal,TA,1,setahun lalu,"Tidak ada yang lebih mencerminkan ""pelayanan ramah"" dari petugas Imigrasi selain kebingungan, ketidaksabaran, dan instruksi yang tidak jelas. Saya yakin mereka sudah menguasai seni membuat orang merasa benar-benar tersesat. Pelatihan hanya akan merusak sistem mereka yang sempurna! Diterjemahkan oleh Google ・ Lihat versi asli (Inggris)",False,False,2026-10-08 20:49:46
Batam Centre,Batam Centre Point International Ferry Terminal,Citrus Grapes,1,2 tahun lalu,"Petugas imigrasi berseragam hitam yang berdiri di dekat gerbang otomatis itu kasar dan arogan. Dia bertanya kepada saya, “Anda mau ke mana?” Saya dengan sopan menjawab, “Singapura.” Kemudian dia menanyakan pertanyaan yang sama persis lagi, dan saya memberikan jawaban yang sama. Dia bertanya dengan nada menginterogasi dan merendahkan. Dalam hati, saya berpikir, “Kamu seperti murid yang tidak mendengarkan di kelas dan tidak mengerti meskipun guru mengulangi penjelasannya.” Astaga!😨 Untuk warga Singapura/turis di kolom komentar yang merasa petugas imigrasi Batam kasar, sekadar informasi, mereka juga kasar kepada warga Indonesia, jadi jangan merasa didiskriminasi. Saya yakin ada yang salah dengan cara mereka dilatih. Diterjemahkan oleh Google ・ Lihat versi asli (Inggris)",False,True,2026-10-08 20:49:46
Batam Centre,Batam Centre Point International Ferry Terminal,Syahrul Azali,1,Diedit 3 tahun lalu,"Antrean sangat padat dan sistem yang diterapkan tidak begitu baik, termasuk area tunggu yang lembap dan panas meskipun antrean panjang, hanya beberapa loket yang buka. Diterjemahkan oleh Google ・ Lihat versi asli (Inggris)",True,True,2026-10-08 20:49:46
Batam Centre,Batam Centre Point International Ferry Terminal,Gabriel Morton,4,10 tahun lalu,"Terminal feri yang bagus. Pengalaman jauh lebih lancar dari yang diharapkan. Toko-toko bisa sedikit lebih beragam, tetapi jika Anda membutuhkan sesuatu dan punya waktu, Anda bisa menggunakan jembatan penyeberangan ke mal di seberang jalan (akses melalui lantai 2). Toko bebas bea adalah satu-satunya di terminal ini, tetapi terminal Singapura memiliki beberapa toko bebas bea setelah transit Anda. Diterjemahkan oleh Google ・ Lihat versi asli (Inggris)",False,True,2026-10-08 20:49:46
Batam Centre,Batam Centre Point International Ferry Terminal,Murih Lestari,1,3 tahun lalu,Pelayanan kepada tamu sungguh memalukan. Begitulah memalukannya Indonesia di mata negara. Tamu diminta membayar 100 ribu rupiah agar bisa masuk imigrasi tanpa antrean saat banyak tamu datang. Mereka terpaksa melakukannya. Tapi Indonesia tidak punya harga diri... Tidak bermartabat. Sungguh memalukan. Diterjemahkan oleh Google ・ Lihat versi asli (Melayu),False,False,2026-10-08 20:49:46
Batam Centre,Batam Centre Point International Ferry Terminal,TeeHa,1,6 tahun lalu,"Antrian imigrasi sangat panjang dan kami harus menunggu selama 1,5 jam sebelum diizinkan lewat. Petugas imigrasi korup dan meminta $10 per orang untuk mempercepat proses. Kedua, Grab dan Gojek tidak diizinkan di sini dan loket taksi di pusat kota akan mengenakan harga 5 kali lipat lebih mahal daripada yang tertera di Grab. Jika Anda keluar, sopir taksi akan mengejar Anda. Mereka akan memaksa Anda untuk naik taksi mereka. Yang bisa Anda lakukan adalah mengecek harga di Grab dan bernegosiasi dengan sopir taksi. Kemungkinan besar Anda akan membayar lebih. Anda masih bisa naik Grab, tetapi sopir akan meminta Anda untuk berjalan agak jauh dari area tersebut. Sopir Grab juga takut pada mafia taksi yang memukuli mereka jika mereka menjemput penumpang dari mal, terminal feri, atau area wisata . Diterjemahkan oleh Google ・ Lihat versi asli (Inggris)",False,True,2026-10-08 20:49:46
Batam Centre,Batam Centre Point International Ferry Terminal,Agus Romadlon,4,9 tahun lalu,"Cukup mudah untuk mendapatkan taksi, Anda bisa berlama-lama menikmati makanan yang lebih murah. Diterjemahkan oleh Google ・ Lihat versi asli (Inggris)",True,True,2026-10-08 20:49:46
Batam Centre,Batam Centre Point International Ferry Terminal,K H,2,4 tahun lalu,"Pelabuhan tua, bahkan pengambilan bagasi pun dilakukan secara manual tanpa rel. Pelabuhan ini juga sangat panas dan kotor, terutama ""bau"" di toiletnya. Selain itu, sangat menyedihkan bahwa taksi online tidak diizinkan di area ini karena persaingan bisnis. Sisi positifnya, pelabuhan ini memiliki beberapa kios seperti pusat perbelanjaan mini. Diterjemahkan oleh Google ・ Lihat versi asli (Inggris)",False,True,2026-10-08 20:49:46
Batam Centre,Batam Centre Point International Ferry Terminal,YL Wo (Yannie88),1,7 tahun lalu,"Sangat ramai, semua orang saling mendorong, orang-orang ketinggalan feri dan semua orang panik. Tidak ada AC, hanya kipas angin. Saya mengantre lebih dari 2 jam dan baru berhasil naik feri. Ketika saya sampai di gerbang keberangkatan, lantainya penuh sesak dengan orang, kami tidak tahu gerbang mana yang harus kami tuju dan tidak ada papan atau tanda sebelum kami sampai. Orang-orang akhirnya berada di antrean yang salah dan baru tahu di menit-menit terakhir - jadi bayangkan harus bergerak melintasi aula yang ramai untuk naik feri yang sudah terlambat? Orang-orang saling mendorong, berdesak-desakan, dan berteriak satu sama lain. Satu hal yang baik adalah staf berusaha sebaik mungkin, mereka membagikan air dan kipas kertas. Tetapi hanya yang kuat dan tinggi yang mendapatkannya. Yang tua, pendek, dan lemah tidak punya kesempatan. Jadi untuk feri cepat Batam, pastikan Anda mengantre di gerbang A jika tempatnya sangat ramai sehingga Anda tidak bisa melihat apa pun. Datang lebih awal agar Anda tidak perlu panik. Setelah mengatakan semua hal di atas, ini adalah pertama kalinya saya di Batam dan menggunakan feri. Mungkin karena ini Tahun Baru Imlek? Tapi setelah pengalaman ini, saya tidak akan pernah lagi menyajikan makanan di sini. Diterjemahkan oleh Google ・ Lihat versi asli (Inggris)",False,True,2026-10-08 20:49:46
Batam Centre,Batam Centre Point International Ferry Terminal,zyda azyan,5,7 tahun lalu,"Pelabuhan Batam Centre terhubung ke pusat perbelanjaan Mega baru di Batam Centre Point melalui jembatan layang. Ini adalah tempat yang strategis dan objek wisata sebagai cara untuk menghabiskan waktu sambil menunggu feri berangkat. Pusat perbelanjaan ini cukup mengesankan dan terlihat baru. Variasi barang dagangan di sini fantastis dan sebagian besar adalah barang imitasi premium. Ada beberapa toko suvenir yang menjual magnet kulkas, pernak-pernik, dan barang-barang kreatif Indonesia. Kami hanya punya waktu satu jam di sini, jadi sebenarnya hanya sedikit yang kami lihat. Diterjemahkan oleh Google ・ Lihat versi asli (Inggris)",False,True,2026-10-08 20:49:46
Batam Centre,Batam Centre Point International Ferry Terminal,어메이징,2,7 tahun lalu,"Di akhir pekan saja, proses imigrasi memakan waktu satu jam. Anda tidak bisa menggunakan Grab, dan sopir taksi akan menipu Anda. ^^ Kartu SIM yang Anda tukarkan di sini kualitasnya buruk, dan mereka mengenakan biaya 10.000 won untuk 6GB data yang tidak berguna. Orang-orang yang menjualnya tidak memiliki rasa pelayanan yang baik. ^^ Situasinya juga kacau saat meninggalkan negara ini, jadi berhati-hatilah dan pastikan Anda melewati gerbang dengan aman. Diterjemahkan oleh Google ・ Lihat versi asli (Korea)",False,True,2026-10-08 20:49:46
Batam Centre,Batam Centre Point International Ferry Terminal,Lime,5,setahun lalu,Tersedia VISA baru khusus liburan pada 25 Januari 2025 (mungkin sementara) / Visa 7 hari (Hanya untuk Liburan) - Rp. 253.000 (Tunai) / Rp. 258.500 (Kartu Kredit) Diterjemahkan oleh Google ・ Lihat versi asli (Inggris),True,True,2026-10-08 20:49:46
Batam Centre,Batam Centre Point International Ferry Terminal,J L91,5,4 tahun lalu,"Terminal feri yang sangat nyaman untuk kedatangan di Singapura. Jembatan penghubung menuju Mega Mall untuk berbelanja seperti kartu SIM Indonesia dan kebutuhan pribadi, atau menikmati kopi Starbucks yang enak lalu naik Grab ke hotel Anda. Saat keberangkatan, terminal itu sendiri memiliki banyak makanan Indonesia untuk memuaskan keinginan Anda sambil menunggu feri kembali ke Singapura. Diterjemahkan oleh Google ・ Lihat versi asli (Inggris)",False,False,2026-10-08 20:49:46
Batam Centre,Batam Centre Point International Ferry Terminal,XXX,1,2 tahun lalu,"Terminal Feri Batam Centre - Saya mengalami cedera di terminal ini sebagai penumpang. Operator feri mengabaikan saya dan tidak memberikan semua bantuan yang dibutuhkan. Pria yang mereka suruh saya hubungi di terminal ini malah memaki saya, menggunakan bahasa yang kasar, dan menutup telepon. Siapa pemilik terminal ini... Apakah pemiliknya sama dengan Terminal Feri Singapura???????????????? Diterjemahkan oleh Google ・ Lihat versi asli (Inggris)",False,True,2026-10-08 20:49:46
Batam Centre,Batam Centre Point International Ferry Terminal,Muhammad Nurhaikal,3,Diedit 6 tahun lalu,"Tempat yang lumayan. Bisa sangat ramai di akhir pekan dan kemungkinan besar Anda harus mengantre selama satu jam atau lebih untuk melewati imigrasi. Untungnya, korupsi merajalela di sini. Anda bisa membayar sejumlah uang kepada beberapa petugas untuk mendapatkan 'pass ekspres'. Saya sendiri pernah melihat hal ini terjadi. Sungguh memalukan. Terminal feri itu sendiri terhubung ke MegaMall melalui jembatan penghubung. Praktis. Oh ya, kendaraan Grab atau GoJek tidak diizinkan masuk. Jadi jangan repot-repot memesannya, kecuali Anda ingin melihat pengemudi dipukuli oleh 'mafia' taksi. Diterjemahkan oleh Google ・ Lihat versi asli (Inggris)",False,True,2026-10-08 20:49:46
Batam Centre,Batam Centre Point International Ferry Terminal,Dan Summer,5,3 tahun lalu,"Fasilitas modern yang sangat kondusif sebagai pusat terminal feri untuk rute internasional. Bangunan sangat bersih dan aman dengan informasi terkait perjalanan internasional yang berlimpah. Loket informasi, loket penanganan bagasi, dan loket tiket tersedia di dalam kompleks ini. Diterjemahkan oleh Google ・ Lihat versi asli (Inggris)",False,True,2026-10-08 20:49:46
Batam Centre,Batam Centre Point International Ferry Terminal,Ronald Lee,4,Diedit 3 tahun lalu,"Area keberangkatan berada di lantai dua, yang mungkin membingungkan bagi mereka yang baru pertama kali datang. Interior terminal telah banyak berubah selama bertahun-tahun. Terakhir kali saya ke sana, KFC masih dalam renovasi dan saya harap sekarang sudah buka karena ada kekurangan tempat makan cepat saji. Diterjemahkan oleh Google ・ Lihat versi asli (Inggris)",False,True,2026-10-08 20:49:46
Batam Centre,Batam Centre Point International Ferry Terminal,Win Myat Thu,4,9 tahun lalu,"Ini adalah terminal feri. Kami kembali ke Singapura pada hari Senin jadi tidak terlalu ramai. Kami pergi ke Batam melalui agen perjalanan jadi kami tidak perlu pusing karena harus terburu-buru dan mengantri untuk boarding pass. Jika Anda tiba di sini terlalu awal sebelum keberangkatan, Anda tidak perlu khawatir karena ada jembatan penyeberangan di lantai 3 yang terhubung ke Mega Mall Batam Center. Kami menghabiskan sekitar 1,5 jam di mal untuk makan dan berkeliling. Malnya besar dan banyak restoran serta toko di dalamnya. Lebih baik makan di sini (lebih murah) daripada di Batam Center. Saya menemukan toko bebas bea tidak memiliki banyak pilihan barang. Satu-satunya kekurangan adalah pos pemeriksaan imigrasi terlalu kecil dan AC-nya buruk. Saya tidak bisa membayangkan bagaimana orang-orang yang mengantri di sana akan merasa panas dan bau selama periode puncak seperti akhir pekan. Diterjemahkan oleh Google ・ Lihat versi asli (Inggris)",False,True,2026-10-08 20:49:46
Batam Centre,Batam Centre Point International Ferry Terminal,고윈ᄐugly,5,4 tahun lalu,"Sangat-sangat tidak menghormati petugas paspor asing (VOA), mereka sangat meremehkan. Sengaja memperlambat proses. Mohon hormati dan perlakukan semua orang secara setara. Petugas VOA yang mengunjungi negara Anda memberikan kesan yang baik. Pengalaman imigrasi pertama saya sangat buruk di terminal feri Batam. Semoga Bali tidak seperti itu. Diterjemahkan oleh Google ・ Lihat versi asli (Inggris)",False,True,2026-10-08 20:49:46
Batam Centre,Batam Centre Point International Ferry Terminal,Q K,3,2 tahun lalu,"Proses imigrasi berjalan lancar. Layanan taksi terlalu mahal dan pengemudinya bisa memaksa dan menyebalkan, tetapi tidak ada pilihan lain karena titik penjemputan Grab dan Gojek jauh. Diterjemahkan oleh Google ・ Lihat versi asli (Inggris)",False,True,2026-10-08 20:49:46
Batam Centre,Batam Centre Point International Ferry Terminal,Enur Aeni,3,2 tahun lalu,"Terminal terburuk yang pernah saya datangi Kenapa orang tidak bisa masuk??????? Ya ampun, buang-buang waktu dan uang Diterjemahkan oleh Google ・ Lihat versi asli (Inggris)",True,True,2026-10-08 20:49:46
Batam Centre,Batam Centre Point International Ferry Terminal,Ali Ghufaily,4,10 tahun lalu,"Ini adalah gerbang imigrasi ke Indonesia dari Singapura. Dari feri, langsung saja beli stempel visa ($35) lalu ke loket paspor. Prosesnya sekitar 20 menit. Tarif taksi ke hotel mana pun di Batam cukup terjangkau (IDR 70.000). Desember 2014 Diterjemahkan oleh Google ・ Lihat versi asli (Inggris)",False,True,2026-10-08 20:49:46
Batam Centre,Batam Centre Point International Ferry Terminal,Canazian /Azian Gypsy,4,7 tahun lalu,"Saya tiba di sini dari Johor Bahru, Malaysia. Bandara ini tertata seperti mal dengan banyak layanan yang ditawarkan; restoran, tur, toko bebas bea, kafe, taksi, penukaran mata uang, dan kartu SIM. Imigrasi dan bea cukai berjalan sederhana dan cepat. Bandara ini terhubung dengan Megamall yang juga nyaman jika Anda ingin menghabiskan waktu atau berbelanja. Begitu Anda keluar dari terminal, semua orang menawarkan tumpangan, baik taksi bertanda maupun tidak bertanda, yang bisa membingungkan. Grab tidak diizinkan di area ini, yang sangat disayangkan. Diterjemahkan oleh Google ・ Lihat versi asli (Inggris)",False,True,2026-10-08 20:49:46
Batam Centre,Batam Centre Point International Ferry Terminal,Denny Tan,4,9 tahun lalu,"Fasilitasnya lengkap. Meja informasi, area penjualan tiket, restoran, toko suvenir, penukaran uang, layanan taksi, toko bebas bea. Meja informasi: 7/10 Area penjualan tiket: 10/10 (desain baru dan tempat baru) Restoran/kafe: 8/10 Penukaran uang: 7/10 Toilet: 6/10 Layanan taksi: 6/10 Layanan imigrasi: 8/10 Ruang tunggu: 9/10 Informasi boarding: 10/10 Dermaga: 9/10 Tempat parkir: 5/10 (saya sangat tidak menyukai tempat parkirnya. Ruang parkir telah ditempati oleh VIP (petugas), valet, dan taksi. Dan pengunjung memarkir mobil mereka di luar ruang yang ditentukan, kemudian tidak ada petugas parkir yang mengatur mobil tersebut) Diterjemahkan oleh Google ・ Lihat versi asli (Inggris)",False,True,2026-10-08 20:49:46
Batam Centre,Batam Centre Point International Ferry Terminal,Vijai Madhavakkannan,1,6 tahun lalu,"Imigrasi Batam Centre sangat korup! Mereka akan menahan Anda tanpa alasan dan secara verbal melecehkan serta menghina Anda dengan tuduhan liar agar mereka bisa memeras suap yang besar. Saya dipaksa membayar SGD 150 dan teman saya dipaksa membayar SGD 200. Meskipun semua dokumen kami lengkap, mereka menolak untuk mengizinkan kami masuk ke Indonesia atau mengirim kami kembali ke Singapura sampai kami membayar apa yang mereka minta. Saya mengalami mimpi buruk selama berhari-hari karena pengalaman mengerikan ini. Tidak akan pernah kembali ke Indonesia lagi. Silakan cari di Google ""Pengalaman Imigrasi Batam Centre"" jika Anda membutuhkan lebih banyak kisah mengerikan tentang penahanan tanpa alasan, pelecehan, dan penyuapan. Kejadian yang saya alami bukanlah insiden terisolasi. Diterjemahkan oleh Google ・ Lihat versi asli (Inggris)",False,True,2026-10-08 20:49:46
Batam Centre,Batam Centre Point International Ferry Terminal,zakir wills,1,8 tahun lalu,"Sangat kacau. Kami mengantre selama 2 jam dari pintu masuk hingga naik kapal. Di negara tetangga, prosesnya hanya memakan waktu 30 menit hingga 1 jam. Waktu dari pintu masuk hingga antrean saja sudah 1 jam. Kemudian setelah imigrasi, prosesnya memakan waktu 1 jam lagi, dan semua orang berdiri di ruangan yang panas; pendingin udaranya tidak efektif. Batam adalah kota wisata yang bagus. Dan memiliki potensi yang besar. Saya pikir pemerintah Indonesia perlu mulai memikirkan untuk merenovasi ketiga area lobi: untuk masuk imigrasi, antrean imigrasi, dan boarding. Semua orang mengantre seperti di hutan sekarang. Diterjemahkan oleh Google ・ Lihat versi asli (Inggris)",False,False,2026-10-08 20:49:46
Batam Centre,Batam Centre Point International Ferry Terminal,Eng Hin,2,4 tahun lalu,"Saya punya pengalaman mengerikan. Bayangkan saja, saat saya mampir ke Woodsland, Singapura, saya ditipu oleh sopir taksi. Saya bilang ke sopir bahwa saya ingin naik kapal ke Batam. Dan sopir itu malah mengantar saya ke Harbour Point, tempat layanan kapal feri sudah tidak aktif lagi. Artinya, sopir taksi itu tidak tahu bahwa layanan feri ke Batam telah dipindahkan ke Tanah Merah? Sopir berikutnya yang saya tumpangi bahkan lebih konyol. Perjalanan terakhir di terminal feri adalah pukul 5 sore. Saat saya sampai di Harbour Point, sudah pukul 6 sore. Ketika saya menanyakan kepadanya bahwa saya telah ditipu, dia bilang taksi putih tidak bisa dipercaya. Hanya taksi biru yang lebih jujur. Sekarang pertanyaannya, dia juga tidak tahu bahwa kapal terakhir pukul 5 sore, ya? Tetap saja mengantar saya ke terminal. Kami sampai di sana sekitar pukul 8 malam! Sungguh lelucon. Jadi, kami tidak punya pilihan selain naik taksinya kembali ke Bedok, yang katanya terdekat. Diterjemahkan oleh Google ・ Lihat versi asli (Inggris)",False,True,2026-10-08 20:49:46
Batam Centre,Batam Centre Point International Ferry Terminal,Heilmi Mohamed,1,8 bulan lalu,Jangan gunakan feri Pistas Kalimantan. Pelayanannya sangat buruk. Feri selalu terlambat lebih dari satu jam. Diterjemahkan oleh Google ・ Lihat versi asli (Inggris),False,True,2026-10-08 20:49:46
Batam Centre,Batam Centre Point International Ferry Terminal,오르시아,3,7 tahun lalu,"Saat melakukan perjalanan dari Singapura ke Batam, Anda akan menggunakan pelabuhan ini. Pelabuhan ini sangat ramai dan padat. Tentu saja, fasilitasnya jauh lebih buruk daripada di Singapura... tetapi untuk Batam, fasilitas ini cukup layak. Serius. Haha;; Diterjemahkan oleh Google ・ Lihat versi asli (Korea)",False,True,2026-10-08 20:49:46
Batam Centre,Batam Centre Point International Ferry Terminal,Ong Ting Yong,3,7 tahun lalu,"Terminal feri kecil, tetapi mungkin yang terbesar di Batam dengan semua penyedia feri berbeda berada di satu tempat. Ada pusat perbelanjaan besar di sebelahnya, jadi semuanya bagus. Mereka sangat santai dengan pemeriksaan keamanan mereka dan sistem komputer mereka masih menggunakan Windows XP yang kadang-kadang macet dan harus di-restart. Harapkan keterlambatan. Diterjemahkan oleh Google ・ Lihat versi asli (Inggris)",False,True,2026-10-08 20:49:46
Batam Centre,Batam Centre Point International Ferry Terminal,Shabbir w,5,7 tahun lalu,"Biaya perjalanan di sini 65.000 IND per orang, harus dibayar di loket tiket untuk mendapatkan boarding pass. Ada banyak penukar uang di sini, tetapi kursnya tidak cukup bagus. Saya menerima 65.000 IND untuk 21 RM. Kedatangan di lantai pertama dan keberangkatan di lantai dua. Sebelum masuk, mampir ke loket tiket untuk mengambil boarding pass. Saya menyelesaikan semua proses itu hanya dalam 15 menit. Saya tiba di terminal pukul pagi dan naik feri pukul pagi. Diterjemahkan oleh Google ・ Lihat versi asli (Inggris)",False,True,2026-10-08 20:49:46
Batam Centre,Batam Centre Point International Ferry Terminal,Roshan N,3,5 tahun lalu,"Terminal ini kecil dan tidak dapat menampung banyak orang. Pelayanannya juga kurang baik. Pilihan makanan juga sangat terbatas, tetapi terdapat banyak pusat penukaran mata uang dan jembatan penyeberangan menuju Matri Mall. Proses imigrasi agak lambat. Saya mengunjungi Batam pada akhir pekan dan mengantre lebih dari 3 jam untuk mendapatkan cap masuk. Diterjemahkan oleh Google ・ Lihat versi asli (Inggris)",False,True,2026-10-08 20:49:46
Batam Centre,Batam Centre Point International Ferry Terminal,L L,1,7 tahun lalu,"Hati-hati dengan mafia taksi. Mereka kasar dan berbahaya. Jika Anda menolak mereka, mereka mungkin akan mengikuti, menguntit, dan mengganggu Anda karena mereka membenci Grab dan Gojek dan ingin memastikan Anda tidak mencoba menyelinap dan menggunakan layanan mereka. Mereka juga akan memblokir semua taksi Blue Bird dan Silver Bird dan membuat mereka merasa terancam. Hati-hati! Diterjemahkan oleh Google ・ Lihat versi asli (Inggris)",False,True,2026-10-08 20:49:46
Batam Centre,Batam Centre Point International Ferry Terminal,Muhammad Hata Suleiman,5,2 bulan lalu,Staf imigrasi sangat ramah. Diterjemahkan oleh Google ・ Lihat versi asli (Inggris),False,True,2026-10-08 20:49:46
Batam Centre,Batam Centre Point International Ferry Terminal,Macy see toh,1,8 tahun lalu,"Terminal feri Batam Centre yang terhormat Mohon bersikap lebih profesional saat waktu berbuka puasa. Kami memahami bahwa semua orang lapar dan lelah selama waktu ini, tetapi orang-orang juga bergegas pulang atau pergi ke tempat lain untuk berbuka puasa atau berkumpul dengan orang-orang terkasih. Anda tidak melihat seluruh bandara atau terminal tutup/menghentikan layanan saat waktu berbuka puasa di mana pun di dunia ini. Meskipun Anda ingin menutup konter, harap BERITAHU penumpang yang bepergian selama waktu tersebut terlebih dahulu, karena tidak semua orang tahu tentang aturan dan peraturan yang terus Anda ubah setiap hari ini. Secara keseluruhan, tempat ini sangat bagus dan bersih. Hanya saja terkadang orang-orang di sana kurang profesional... Saya harap ini dapat membantu penumpang lain untuk memperhatikan periode waktu ini. Diterjemahkan oleh Google ・ Lihat versi asli (Inggris)",False,True,2026-10-08 20:49:46
Batam Centre,Batam Centre Point International Ferry Terminal,jenilda melyana,4,7 tahun lalu,"Ini adalah pelabuhan utama dari 4 terminal feri di Batam. Tiga berada di Harbour Bay, Sekupang, dan Nongsa. Pelabuhan Batam Centre memiliki jadwal feri terbanyak ke Singapura atau Malaysia dengan berbagai penyedia feri dengan kisaran harga yang serupa (hanya sedikit perbedaan). Pelabuhan ini terhubung dengan Mega Mall melalui jembatan layang, yang merupakan hal yang baik. Namun, tempat parkir sangat terbatas. Perlu datang lebih awal untuk mendapatkan tempat parkir. Berdasarkan pengalaman saya, saya membayar kurang dari Rp10.000 untuk satu hari. Diterjemahkan oleh Google ・ Lihat versi asli (Inggris)",False,True,2026-10-08 20:49:46
Batam Centre,Batam Centre Point International Ferry Terminal,Christoph Rippler,4,7 tahun lalu,Perjalanan dari Singapura ke Batam Center sangat menyenangkan dengan pemandangan indah Singapura dan Batam bagian utara. Tersedia feri setiap jam dari berbagai perusahaan yang beroperasi ke kedua arah. Semuanya memiliki waktu tempuh dan kenyamanan yang hampir sama. Diterjemahkan oleh Google ・ Lihat versi asli (Inggris),False,True,2026-10-08 20:49:46
Batam Centre,Batam Centre Point International Ferry Terminal,Crystal SG local guide,5,8 tahun lalu,Masuk ke Batam cepat dan tepat waktu. Loket imigrasi tersedia untuk membantu antrean di jam sibuk. Ruang tunggu ber-AC. Rp70.000 untuk taksi ke daerah Sukajadi Diterjemahkan oleh Google ・ Lihat versi asli (Inggris),False,True,2026-10-08 20:49:46
Batam Centre,Batam Centre Point International Ferry Terminal,iYuta,5,6 tahun lalu,Terhubung dengan pusat perbelanjaan besar di Batam Center. Diterjemahkan oleh Google ・ Lihat versi asli (Inggris),True,True,2026-10-08 20:49:46
Batam Centre,Batam Centre Point International Ferry Terminal,Chloe Tess Tan,5,5 tahun lalu,"Suasananya tenang dan tidak ramai karena pembatasan Covid-19. Tes PCR saat kedatangan dikenakan biaya Rp 900.000 tunai. Jangan khawatir jika Anda tidak memiliki uang tunai saat kedatangan, ada staf penukaran uang. Semua staf dari bagian medis dan imigrasi sangat membantu. Diterjemahkan oleh Google ・ Lihat versi asli (Inggris)",False,True,2026-10-08 20:49:46
Batam Centre,Batam Centre Point International Ferry Terminal,Davina T,1,8 tahun lalu,"Jangan pernah datang ke sini untuk masuk ke Batam. Keterlambatannya sangat parah dan staf bahkan tidak berusaha membantu ketika Anda mengantre untuk masuk ke Batam hanya agar Anda bisa KELUAR dari Batam (saya menghabiskan sepanjang hari di Pelabuhan karena keterlambatan). Mereka memprioritaskan ""turis"" yang jelas-jelas ada di sana, tetapi membiarkan saya ketinggalan feri kembali ke Singapura. Diterjemahkan oleh Google ・ Lihat versi asli (Inggris)",False,True,2026-10-08 20:49:46
Batam Centre,Batam Centre Point International Ferry Terminal,Diah Setianingsih,5,8 tahun lalu,"Tempatnya luas, toiletnya bersih, pos pemeriksaan imigrasi cukup cepat (tidak banyak antrian meskipun di akhir pekan). Diterjemahkan oleh Google ・ Lihat versi asli (Inggris)",False,True,2026-10-08 20:49:46
Batam Centre,Batam Centre Point International Ferry Terminal,G L L,4,9 tahun lalu,"Ini kunjungan kedua saya di sini. Meja informasinya bagus. Kartu SIM telepon tersedia. Toko-toko, jalan setapak menuju mal. Ruang VIP 50 ribu. Sangat sepadan. Teh, ruang merokok tersedia. Wi-Fi gratis. Diterjemahkan oleh Google ・ Lihat versi asli (Inggris)",False,True,2026-10-08 20:49:46
Batam Centre,Batam Centre Point International Ferry Terminal,Sean Miller,5,6 tahun lalu,"Saya tiba di sini sekitar pukul 9 pagi pada hari Minggu dan berangkat malam itu sekitar pukul 7 malam, dan kedua kalinya semuanya berjalan sangat cepat & efisien, termasuk pembelian tiket, check-in, dan imigrasi. Tersedia kamar mandi yang bersih di area tunggu. Diterjemahkan oleh Google ・ Lihat versi asli (Inggris)",False,True,2026-10-08 20:49:46
Batam Centre,Batam Centre Point International Ferry Terminal,Wee Swee Imm Selena Geraldine (SJI),1,2 tahun lalu,Kami berlabuh di terminal tetapi mereka tidak mengizinkan kami turun dari feri dan membuat kami menunggu lebih dari 30 menit. Terminal Nongsa jauh lebih baik. Diterjemahkan oleh Google ・ Lihat versi asli (Inggris),False,False,2026-10-08 20:49:46
Batam Centre,Batam Centre Point International Ferry Terminal,Euglim Hp,2,3 tahun lalu,Toilet pria berbau tidak sedap dan kotor. Tempat parkir kecil dan tidak cukup. Mengecewakan karena tempat ini seharusnya menjadi terminal feri internasional Batam. Diterjemahkan oleh Google ・ Lihat versi asli (Inggris),False,True,2026-10-08 20:49:46
Batam Centre,Batam Centre Point International Ferry Terminal,Ben Lee,5,3 tahun lalu,"Terletak di Batam Center, di sebelah Harriss Hotel dan One Residential. Jika Anda menginap di sana, dalam jarak berjalan kaki, terdapat halte keberangkatan di lantai dua, yang terpisah untuk keberangkatan dari Singapura dan Johor. Tempatnya bersih dan nyaman. Diterjemahkan oleh Google ・ Lihat versi asli (Inggris)",True,True,2026-10-08 20:49:46
Batam Centre,Batam Centre Point International Ferry Terminal,Suley Suley,4,3 tahun lalu,"Terminal yang bagus, bersih, dan tertata rapi. Diterjemahkan oleh Google ・ Lihat versi asli (Inggris)",True,True,2026-10-08 20:49:46
Batam Centre,Batam Centre Point International Ferry Terminal,Sanjay Sharma,3,2 bulan lalu,Oke. Jaringan di Indonesia sangat buruk. Diterjemahkan oleh Google ・ Lihat versi asli (Inggris),False,True,2026-10-08 20:49:46
Batam Centre,Batam Centre Point International Ferry Terminal,Alex Lim,5,3 tahun lalu,Hampir kosong pada Sabtu malam 🙃 terima kasih atas kenangannya! Akan kembali suatu hari nanti! 👍🏻 Diterjemahkan oleh Google ・ Lihat versi asli (Inggris),True,True,2026-10-08 20:49:46
Batam Centre,Batam Centre Point International Ferry Terminal,Aswathy Elizebeth Mathai,1,7 tahun lalu,"Proses pemeriksaannya cepat. Namun tempatnya ramai dan kacau. Tempat ini terhubung dengan pusat perbelanjaan Mega, jika Anda tiba lebih awal di terminal feri. Diterjemahkan oleh Google ・ Lihat versi asli (Inggris)",False,True,2026-10-08 20:49:46
Batam Centre,Batam Centre Point International Ferry Terminal,Eric Chandra,1,setahun lalu,"Petugas itu sangat kasar kepada orang yang datang. Stafnya seorang pria tua yang ketinggalan zaman, tidak ramah. Diterjemahkan oleh Google ・ Lihat versi asli (Inggris)",False,False,2026-10-08 20:49:46
Batam Centre,Batam Centre Point International Ferry Terminal,Saijo Nishi,4,4 tahun lalu,Pelabuhan Internasional Batam Center Point Salah satu pelabuhan Malaysia dan Singapura di Pulau Batam. Terletak di area Batam Center. Pelabuhan Internasional Batam Center Point Salah satu pelabuhan Malaysia dan Singapura di Pulau Batam. Terletak di area Batam Center. Pelabuhan Internasional Batam Center Point. Ini adalah salah satu pelabuhan Malaysia dan Singapura di Pulau Batam. Terletak di area Batam Center. Diterjemahkan oleh Google ・ Lihat versi asli (Jepang),False,True,2026-10-08 20:49:46
Batam Centre,Batam Centre Point International Ferry Terminal,Mark Lee,4,8 tahun lalu,Terminal feri penumpang tersibuk di Batam. Memiliki jembatan penghubung ke pusat perbelanjaan besar. Terminal ini memiliki cukup banyak pilihan makanan dan beberapa toko serba ada. Diterjemahkan oleh Google ・ Lihat versi asli (Inggris),False,True,2026-10-08 20:49:46
Batam Centre,Batam Centre Point International Ferry Terminal,Jack Lim,4,10 tahun lalu,"Salah satu dari 5 pintu masuk ke Batam, Indonesia dengan koneksi feri ke/dari Singapura (Harbour Front) dan Malaysia (Stulang Laut). Baru saja direnovasi baru-baru ini dan sekarang jauh lebih bersih dan tertata lebih baik. Diterjemahkan oleh Google ・ Lihat versi asli (Inggris)",False,True,2026-10-08 20:49:46
Batam Centre,Batam Centre Point International Ferry Terminal,Royen Lock,3,4 tahun lalu,Toiletnya sangat kotor... Diterjemahkan oleh Google ・ Lihat versi asli (Tionghoa),True,True,2026-10-08 20:49:46
Batam Centre,Batam Centre Point International Ferry Terminal,Goh CS,4,7 tahun lalu,Small memiliki sebagian besar kebutuhan dasar bagi para pelancong. Bisa menemukan kopi yang enak. Tidak terlalu buruk. Semua staf di sana ramah. Diterjemahkan oleh Google ・ Lihat versi asli (Inggris),True,True,2026-10-08 20:49:46
Batam Centre,Batam Centre Point International Ferry Terminal,Kazuhiko K,3,6 tahun lalu,"Terminal feri menuju Singapura. Di dalam, seperti yang Anda harapkan dari terminal feri, terdapat toko makanan ringan, toko minuman, dan toko suvenir. Karena ini adalah pelabuhan internasional, ada prosedur imigrasi dan bea cukai, tetapi secara mengejutkan prosedurnya cukup santai. Diterjemahkan oleh Google ・ Lihat versi asli (Jepang)",True,True,2026-10-08 20:49:46
Batam Centre,Batam Centre Point International Ferry Terminal,JOSEPH LIM,5,2 tahun lalu,"Bersih, terorganisir, dan proses imigrasi cepat (tersedia saat keberangkatan) hanya pada periode di luar jam sibuk. Diterjemahkan oleh Google ・ Lihat versi asli (Inggris)",False,True,2026-10-08 20:49:46
Batam Centre,Batam Centre Point International Ferry Terminal,Wong PT Christopher,5,4 bulan lalu,Terlalu kecil dan selalu bermahkota Diterjemahkan oleh Google ・ Lihat versi asli (Inggris),False,True,2026-10-08 20:49:46
Batam Centre,Batam Centre Point International Ferry Terminal,Siddhi Mehta,3,3 tahun lalu,Tempat yang bagus untuk bersantai dan menikmati indahnya matahari terbit dan terbenam. Orang-orang di sekitar ramah. Akhir pekan sudah cukup untuk menjelajahi tempat ini. Diterjemahkan oleh Google ・ Lihat versi asli (Inggris),False,True,2026-10-08 20:49:46
Batam Centre,Batam Centre Point International Ferry Terminal,Edy Milala,4,2 tahun lalu,Pelabuhan yang cukup besar Bersih Diterjemahkan oleh Google ・ Lihat versi asli (Inggris),True,True,2026-10-08 20:49:46
Batam Centre,Batam Centre Point International Ferry Terminal,Fadlun Maros,4,8 tahun lalu,Salah satu cara mudah untuk pergi ke Singapura dari Batam. Rp 280.000 untuk tiket pulang pergi. Kenapa tidak? Diterjemahkan oleh Google ・ Lihat versi asli (Inggris),True,True,2026-10-08 20:49:46
Batam Centre,Batam Centre Point International Ferry Terminal,D4 D A N I,4,3 bulan lalu,,True,True,2026-10-08 20:49:46
Batam Centre,Batam Centre Point International Ferry Terminal,- ciChad - (JalanJalan-JajanNgopi),4,8 tahun lalu,Terminal Feri Dekat Bandara dan Mal Sebenarnya......👍🏽👍🏽👍🏽 Diterjemahkan oleh Google ・ Lihat versi asli (Inggris),True,True,2026-10-08 20:49:46
Batam Centre,Batam Centre Point International Ferry Terminal,Sam Lowry,4,8 tahun lalu,"Taksi harganya dua kali lipat lebih mahal daripada Uber, tetapi Uber tidak diizinkan masuk. Sekitar US$6-10 per perjalanan maksimal. Diterjemahkan oleh Google ・ Lihat versi asli (Inggris)",False,True,2026-10-08 20:49:46
Batam Centre,Batam Centre Point International Ferry Terminal,Lieya Abdul Jalil,5,8 tahun lalu,"Saya sudah pernah ke sini dua kali, jadi sepertinya banyak orang yang datang ke sini untuk transit. Diterjemahkan oleh Google ・ Lihat versi asli (Inggris)",True,True,2026-10-08 20:49:46
Batam Centre,Batam Centre Point International Ferry Terminal,johan kwok,5,sebulan lalu,Terminal yang penuh sesak di Batam Diterjemahkan oleh Google ・ Lihat versi asli (Inggris),False,True,2026-10-08 20:49:46
Batam Centre,Batam Centre Point International Ferry Terminal,Ken D.,2,9 tahun lalu,Sayang sekali monitor di terminal feri menampilkan iklan tanpa informasi keberangkatan atau informasi . Pengeras suara untuk pengumuman terlalu keras dan tidak jelas. Sikap pelayanan buruk. Diterjemahkan oleh Google ・ Lihat versi asli (Inggris),False,True,2026-10-08 20:49:46
Batam Centre,Batam Centre Point International Ferry Terminal,Muhammad Ridho,5,6 tahun lalu,Salah satu pelabuhan feri tersibuk di Batam dan terletak di pusat pemerintahan administratif Batam. Pelabuhan ini juga terhubung dengan Mega Mall Batam Center. Diterjemahkan oleh Google ・ Lihat versi asli (Inggris),False,True,2026-10-08 20:49:46
Batam Centre,Batam Centre Point International Ferry Terminal,Jen Smirnova,1,8 tahun lalu,"Seandainya saya bisa memberi nol bintang atau peringkat negatif, saya pasti akan melakukannya. Benar-benar kacau, jalur/stan check-in terlalu ramai, tidak ada konsep antrean sama sekali. Diterjemahkan oleh Google ・ Lihat versi asli (Inggris)",False,False,2026-10-08 20:49:46
Batam Centre,Batam Centre Point International Ferry Terminal,Aldo Hu,3,9 tahun lalu,"Jika Anda ingin menggunakan transportasi online, masuklah ke dalam MegaMall dan mintalah sopir transportasi untuk datang ke sisi lain lobi mal, jangan memintanya untuk datang ke gerbang di seberang Batam Center, karena sopir transportasi konvensional akan mengusir mereka. Diterjemahkan oleh Google ・ Lihat versi asli (Inggris)",False,True,2026-10-08 20:49:46
Batam Centre,Batam Centre Point International Ferry Terminal,Arhab Sadeed,5,7 tahun lalu,"Terawat dengan baik dan mudah dinavigasi. Pelayanan juga bagus dengan area parkir yang luas, bagi mereka yang mengendarai kendaraan. Diterjemahkan oleh Google ・ Lihat versi asli (Inggris)",False,True,2026-10-08 20:49:46
Batam Centre,Batam Centre Point International Ferry Terminal,Balazs Kadar,3,7 tahun lalu,"Pusat feri kecil, ramai, Diterjemahkan oleh Google ・ Lihat versi asli (Inggris)",True,True,2026-10-08 20:49:46
Batam Centre,Batam Centre Point International Ferry Terminal,Arshad Md Ariffin,3,7 tahun lalu,Salah satu terminal feri di Batam. Terdapat beberapa toko yang menjual berbagai macam barang. Tapi tidak banyak. Agak ramai. Lebih baik naik taksi untuk sampai ke tujuan Anda. Diterjemahkan oleh Google ・ Lihat versi asli (Inggris),False,True,2026-10-08 20:49:46
Batam Centre,Batam Centre Point International Ferry Terminal,Kumara,5,4 tahun lalu,Tempat yang bagus untuk keluar masuk Indonesia. Ada mal besar di depan terminal. Diterjemahkan oleh Google ・ Lihat versi asli (Inggris),False,True,2026-10-08 20:49:46
Batam Centre,Batam Centre Point International Ferry Terminal,Anurag Gawande,4,9 tahun lalu,Anda bisa naik feri ke Singapura. Diterjemahkan oleh Google ・ Lihat versi asli (Inggris),True,True,2026-10-08 20:49:46
Batam Centre,Batam Centre Point International Ferry Terminal,Muhammad Ridhaus Sholihin,3,Diedit 10 tahun lalu,Akan lebih baik jika bagian imigrasi memiliki lebih banyak loket. Toko-toko yang tersedia di sekitar area ini terbatas. Kebanyakan menjual makanan. Diterjemahkan oleh Google ・ Lihat versi asli (Inggris),False,True,2026-10-08 20:49:46
Batam Centre,Batam Centre Point International Ferry Terminal,黄龙强Ng Leong Keong,3,9 tahun lalu,"Tempat kecil dengan beberapa toko dan tempat makan di area publik, tempat besar terdekat untuk berbelanja adalah Mega Mall yang buka mulai menjelang siang. Diterjemahkan oleh Google ・ Lihat versi asli (Inggris)",False,True,2026-10-08 20:49:46
Batam Centre,Batam Centre Point International Ferry Terminal,Ammar Saifullah,4,7 tahun lalu,Loket imigrasi yang sangat efisien! Para staf berhasil mengelola keramaian dengan baik selama akhir pekan. Kerja bagus! Diterjemahkan oleh Google ・ Lihat versi asli (Inggris),False,True,2026-10-08 20:49:46
Batam Centre,Batam Centre Point International Ferry Terminal,low chee kong,1,2 tahun lalu,Dibatalkan tanpa pemberitahuan. Menunggu selama dua setengah jam untuk feri berikutnya. Diterjemahkan oleh Google ・ Lihat versi asli (Inggris),False,True,2026-10-08 20:49:46
Batam Centre,Batam Centre Point International Ferry Terminal,Carl Vitense,1,8 tahun lalu,Sudah satu jam menunggu di imigrasi... Meja-meja kosong dan orang-orang mengobrol. Saya tidak akan datang ke sini lagi dan saya belum keluar dari pelabuhan hahaha. Diterjemahkan oleh Google ・ Lihat versi asli (Inggris),False,True,2026-10-08 20:49:46
Batam Centre,Batam Centre Point International Ferry Terminal,Naomi Chrysantia,3,9 tahun lalu,"Tempat yang ramai, padat, namun nyaman untuk menyeberang ke Singapura menggunakan feri. Diterjemahkan oleh Google ・ Lihat versi asli (Inggris)",False,True,2026-10-08 20:49:46
Batam Centre,Batam Centre Point International Ferry Terminal,Irfan Kurniawan Danuwidjaja,4,10 tahun lalu,"Setelah renovasi, tempat itu menjadi lebih rapi dan bersih. Salah satu kekurangannya adalah tempat parkirnya, terlalu kecil, perlu dibangun yang baru. Diterjemahkan oleh Google ・ Lihat versi asli (Inggris)",False,True,2026-10-08 20:49:46
Batam Centre,Batam Centre Point International Ferry Terminal,Umagon Meru,4,Diedit 7 tahun lalu,👌👍,True,True,2026-10-08 20:49:46
Batam Centre,Batam Centre Point International Ferry Terminal,Ivar Nabilatul Akbar,5,9 tahun lalu,Sungguh menyenangkan bahwa berlibur ke Singapura tidak harus mahal. Diterjemahkan oleh Google ・ Lihat versi asli (Melayu),False,True,2026-10-08 20:49:46
Batam Centre,Batam Centre Point International Ferry Terminal,Sachin M,4,4 tahun lalu,Senang sekali bisa mengunjungi Batam setelah lebih dari 2 tahun!! Makan siangnya enak sekali setibanya di sana :D Diterjemahkan oleh Google ・ Lihat versi asli (Inggris),True,True,2026-10-08 20:49:46
Batam Centre,Batam Centre Point International Ferry Terminal,Jo Indrawan,5,7 tahun lalu,"Layanan bersih dan cepat untuk menaiki feri ke Harbour Front, Singapura. Diterjemahkan oleh Google ・ Lihat versi asli (Inggris)",False,True,2026-10-08 20:49:46
Batam Centre,Batam Centre Point International Ferry Terminal,Hillary,3,9 tahun lalu,Pelabuhannya tidak terlalu bersih. Siapkan uang tunai dolar AS untuk membayar biaya masuk. Diterjemahkan oleh Google ・ Lihat versi asli (Inggris),False,True,2026-10-08 20:49:46
Batam Centre,Batam Centre Point International Ferry Terminal,Leonardo Tommy Dacu,5,10 tahun lalu,Terminal feri terpadat di Batam menuju Singapura dan Malaysia Diterjemahkan oleh Google ・ Lihat versi asli (Inggris),False,True,2026-10-08 20:49:46
Batam Centre,Batam Centre Point International Ferry Terminal,Heny Meii,4,5 bulan lalu,Bagus Diterjemahkan oleh Google ・ Lihat versi asli (Inggris),False,False,2026-10-08 20:49:46
Batam Centre,Batam Centre Point International Ferry Terminal,Adiputra TV,1,8 tahun lalu,"Lebih buruk daripada Harbour Bay. Sikap buruk, taksi dengan harga terlalu mahal, monopoli di daerah tersebut. Diterjemahkan oleh Google ・ Lihat versi asli (Inggris)",False,False,2026-10-08 20:49:46
Batam Centre,Batam Centre Point International Ferry Terminal,Elias Yusoff,4,6 tahun lalu,tempat yang ramai terminal feri. naik feri ke Johor Baru Diterjemahkan oleh Google ・ Lihat versi asli (Melayu),False,True,2026-10-08 20:49:46
Batam Centre,Batam Centre Point International Ferry Terminal,Tony Bartlett,4,10 tahun lalu,Jauh lebih baik daripada beberapa waktu lalu. Area tersebut juga jauh lebih baik. Diterjemahkan oleh Google ・ Lihat versi asli (Inggris),False,False,2026-10-08 20:49:46
Batam Centre,Batam Centre Point International Ferry Terminal,Laurelycia Angelica,5,7 tahun lalu,"Tempatnya bagus dan cukup bersih, dan yang terbaik dari semuanya, stafnya berusaha sebaik mungkin. Diterjemahkan oleh Google ・ Lihat versi asli (Inggris)",False,False,2026-10-08 20:49:46
Batam Centre,Batam Centre Point International Ferry Terminal,Rad (Daru),4,9 tahun lalu,Akses mudah Diterjemahkan oleh Google ・ Lihat versi asli (Inggris),True,True,2026-10-08 20:49:46
Batam Centre,Batam Centre Point International Ferry Terminal,Hendy Sugiarto,5,Diedit 9 tahun lalu,feri ke Singapura dan Johor Diterjemahkan oleh Google ・ Lihat versi asli (Inggris),True,True,2026-10-08 20:49:46
Batam Centre,Batam Centre Point International Ferry Terminal,Jungmin Son,5,sebulan lalu,Selalu menjadi tempat yang nyaman. Diterjemahkan oleh Google ・ Lihat versi asli (Korea),False,True,2026-10-08 20:49:46
Batam Centre,Batam Centre Point International Ferry Terminal,Astanov Ben,5,7 tahun lalu,"Saya akan berangkat ke Singapura pagi-pagi sekali, dan masih belum dapat tempat parkir... wow. Diterjemahkan oleh Google ・ Lihat versi asli (Inggris)",False,True,2026-10-08 20:49:46
Batam Centre,Batam Centre Point International Ferry Terminal,Gi Alviz,5,9 tahun lalu,Tempat yang bagus untuk membeli oleh-oleh (pasalubong) di menit-menit terakhir. Diterjemahkan oleh Google ・ Lihat versi asli (Inggris),False,True,2026-10-08 20:49:46
Batam Centre,Batam Centre Point International Ferry Terminal,Chiun How Teng,5,3 tahun lalu,"Mal yang bagus, tepat di sebelah terminal feri. Diterjemahkan oleh Google ・ Lihat versi asli (Inggris)",False,True,2026-10-08 20:49:46
Batam Centre,Batam Centre Point International Ferry Terminal,Rony “RoGuKa” Kalfarisi,5,setahun lalu,Tempat yang bagus dan terminal yang tertata rapi. Diterjemahkan oleh Google ・ Lihat versi asli (Inggris),False,True,2026-10-08 20:49:46
Batam Centre,Batam Centre Point International Ferry Terminal,AGALIVIR Asotnes,4,9 tahun lalu,Bersih dan rapi Diterjemahkan oleh Google ・ Lihat versi asli (Inggris),True,True,2026-10-08 20:49:46
Batam Centre,Batam Centre Point International Ferry Terminal,Danny Koh,4,7 tahun lalu,Pengelolaan kerumunan bagus dan proses pembersihan cepat. 👍 Diterjemahkan oleh Google ・ Lihat versi asli (Inggris),False,True,2026-10-08 20:49:46
Batam Centre,Batam Centre Point International Ferry Terminal,Linda,1,7 tahun lalu,Pengap. Pengap... AC tidak berfungsi... tidak mampu menampung keramaian. Diterjemahkan oleh Google ・ Lihat versi asli (Inggris),False,True,2026-10-08 20:49:46
Batam Centre,Batam Centre Point International Ferry Terminal,Nishant Luthra,4,7 tahun lalu,"Tempat yang bagus dan ramai, dekat dengan terminal feri. Diterjemahkan oleh Google ・ Lihat versi asli (Inggris)",False,True,2026-10-08 20:49:46
Batam Centre,Batam Centre Point International Ferry Terminal,Muhamad Iqbal S,3,9 tahun lalu,"""Tempat ini jauh lebih baik sejak direnovasi."" Diterjemahkan oleh Google ・ Lihat versi asli (Inggris)",False,True,2026-10-08 20:49:46
Batam Centre,Batam Centre Point International Ferry Terminal,Carbo Kuo (BYVoid),3,Diedit 8 tahun lalu,Pelabuhan sederhana yang melayani feri ke Singapura. Diterjemahkan oleh Google ・ Lihat versi asli (Inggris),False,True,2026-10-08 20:49:46
Batam Centre,Batam Centre Point International Ferry Terminal,27 Furniture,1,2 tahun lalu,Petugas imigrasi Cardini sangat kasar. Diterjemahkan oleh Google ・ Lihat versi asli (Inggris),False,False,2026-10-08 20:49:46
Batam Centre,Batam Centre Point International Ferry Terminal,Jay CY,5,7 tahun lalu,,True,True,2026-10-08 20:49:46
Batam Centre,Batam Centre Point International Ferry Terminal,firman sasongko,4,4 tahun lalu,"Terminal feri di kota ini menuju Singapura, Malaysia, dan perjalanan domestik. Diterjemahkan oleh Google ・ Lihat versi asli (Inggris)",False,True,2026-10-08 20:49:46
Batam Centre,Batam Centre Point International Ferry Terminal,Febrianto Budimulyono,5,6 tahun lalu,Pelabuhan yang bagus di Batam Diterjemahkan oleh Google ・ Lihat versi asli (Inggris),True,True,2026-10-08 20:49:46
Batam Centre,Batam Centre Point International Ferry Terminal,有難demo,4,9 tahun lalu,Koneksi ke Harbour Front (Singapura) sekitar 45 menit. Diterjemahkan oleh Google ・ Lihat versi asli (Inggris),False,True,2026-10-08 20:49:46
Batam Centre,Batam Centre Point International Ferry Terminal,Mahammad Rasheed Mundole,1,7 tahun lalu,"Ini seperti neraka. Tidak ada AC, tidak ada antrean yang layak. Diterjemahkan oleh Google ・ Lihat versi asli (Inggris)",False,False,2026-10-08 20:49:46
Batam Centre,Batam Centre Point International Ferry Terminal,Aung Myint Myat,5,6 tahun lalu,Stafnya sangat ramah dan baik. Batam yang hebat 👍🏼 Diterjemahkan oleh Google ・ Lihat versi asli (Inggris),False,False,2026-10-08 20:49:46
Batam Centre,Batam Centre Point International Ferry Terminal,Muthu Senthil Kumar,4,3 tahun lalu,,True,True,2026-10-08 20:49:46
Batam Centre,Batam Centre Point International Ferry Terminal,KIJIN SEONG,1,6 tahun lalu,"Proses imigrasi memakan waktu lama, gunakan pelabuhan lain jika memungkinkan. Diterjemahkan oleh Google ・ Lihat versi asli (Korea)",False,True,2026-10-08 20:49:46
Batam Centre,Batam Centre Point International Ferry Terminal,han howkee,5,7 tahun lalu,"KOPI TIAM, makanan lokal terjangkau yang rasanya seperti masakan Singapura tapi lebih enak 👍👍👍👍👍👍👍👍👍👍👍👍👍👍👍👍👍👍👍👍👍👍👍👍👍👍👍👍👍👍👍👍👍 Diterjemahkan oleh Google ・ Lihat versi asli (Inggris)",False,True,2026-10-08 20:49:46
Batam Centre,Batam Centre Point International Ferry Terminal,Jinho Choo,3,8 tahun lalu,Proses masuknya lambat. Tapi itu normal. Diterjemahkan oleh Google ・ Lihat versi asli (Inggris),False,True,2026-10-08 20:49:46
Batam Centre,Batam Centre Point International Ferry Terminal,Fu Dai,5,setahun lalu,sangat bagus Diterjemahkan oleh Google ・ Lihat versi asli (Tionghoa),False,True,2026-10-08 20:49:46
Batam Centre,Batam Centre Point International Ferry Terminal,Yuda L,5,10 tahun lalu,Jauh lebih bersih sejak direnovasi. Diterjemahkan oleh Google ・ Lihat versi asli (Inggris),False,True,2026-10-08 20:49:46
Batam Centre,Batam Centre Point International Ferry Terminal,Jeff Hahn,4,8 tahun lalu,Pelabuhan yang bagus... Penempatan yang bagus. Diterjemahkan oleh Google ・ Lihat versi asli (Inggris),False,True,2026-10-08 20:49:46
Batam Centre,Batam Centre Point International Ferry Terminal,Pradana Putra,5,7 bulan lalu,,True,False,2026-10-08 20:49:46
Batam Centre,Batam Centre Point International Ferry Terminal,Medan City,4,6 tahun lalu,Oke Diterjemahkan oleh Google ・ Lihat versi asli (Inggris),True,True,2026-10-08 20:49:46
Batam Centre,Batam Centre Point International Ferry Terminal,Hamidon Hamdi,5,4 tahun lalu,,True,True,2026-10-08 20:49:46
Batam Centre,Batam Centre Point International Ferry Terminal,Dwi Priyanta,3,9 tahun lalu,Lokasi terintegrasi Diterjemahkan oleh Google ・ Lihat versi asli (Inggris),True,True,2026-10-08 20:49:46
Batam Centre,Batam Centre Point International Ferry Terminal,LK Khoo,3,10 tahun lalu,"Pelabuhan yang sangat ramai setiap hari, banyak orang. Diterjemahkan oleh Google ・ Lihat versi asli (Inggris)",False,True,2026-10-08 20:49:46
Batam Centre,Batam Centre Point International Ferry Terminal,Roy Tan,4,10 tahun lalu,Tempat ini jauh lebih baik sejak direnovasi. Diterjemahkan oleh Google ・ Lihat versi asli (Inggris),False,True,2026-10-08 20:49:46
Batam Centre,Batam Centre Point International Ferry Terminal,Yenty Hot&Spicy,1,8 tahun lalu,Taksi terlalu kasar dan mahal. Diterjemahkan oleh Google ・ Lihat versi asli (Inggris),False,True,2026-10-08 20:49:46
Batam Centre,Batam Centre Point International Ferry Terminal,Brian Park,3,7 tahun lalu,Terminal feri Gibbon untuk memasuki Batam Diterjemahkan oleh Google ・ Lihat versi asli (Korea),True,True,2026-10-08 20:49:46
Batam Centre,Batam Centre Point International Ferry Terminal,Nicholas Chua,4,10 tahun lalu,Kue lapis yang enak...untuk dibeli. Diterjemahkan oleh Google ・ Lihat versi asli (Inggris),False,True,2026-10-08 20:49:46
Batam Centre,Batam Centre Point International Ferry Terminal,marjin B.L.T,5,10 tahun lalu,pria baru Diterjemahkan oleh Google ・ Lihat versi asli (Swedia),False,False,2026-10-08 20:49:46
Batam Centre,Batam Centre Point International Ferry Terminal,桃櫻,4,3 tahun lalu,,True,True,2026-10-08 20:49:46
Batam Centre,Batam Centre Point International Ferry Terminal,thoms studio,5,4 tahun lalu,Salah satu pelabuhan di Batam. Dekat dengan pusat kota. Diterjemahkan oleh Google ・ Lihat versi asli (Inggris),False,True,2026-10-08 20:49:46
Batam Centre,Batam Centre Point International Ferry Terminal,Rajitha Wijenayake,4,Diedit 7 tahun lalu,Tempat yang bagus Diterjemahkan oleh Google ・ Lihat versi asli (Inggris),True,True,2026-10-08 20:49:46
Batam Centre,Batam Centre Point International Ferry Terminal,John,3,6 tahun lalu,Ramai. Sistem antrian yang lebih baik diperlukan. Diterjemahkan oleh Google ・ Lihat versi asli (Inggris),False,True,2026-10-08 20:49:46
Batam Centre,Batam Centre Point International Ferry Terminal,Wong Giim Ming,5,11 tahun lalu,Pelayanan yang baik...pertahankan terus. Diterjemahkan oleh Google ・ Lihat versi asli (Inggris),False,False,2026-10-08 20:49:46
Batam Centre,Batam Centre Point International Ferry Terminal,D Nofrita V W,5,9 tahun lalu,Terdapat jembatan menuju Mega Mall Batam Centre. Diterjemahkan oleh Google ・ Lihat versi asli (Inggris),False,True,2026-10-08 20:49:46
Batam Centre,Batam Centre Point International Ferry Terminal,seah kim chong,4,8 tahun lalu,Ini adalah Hotel Harris. Diterjemahkan oleh Google ・ Lihat versi asli (Tionghoa),False,True,2026-10-08 20:49:46
Batam Centre,Batam Centre Point International Ferry Terminal,Tee Ken Hong,4,7 tahun lalu,,True,True,2026-10-08 20:49:46
Batam Centre,Batam Centre Point International Ferry Terminal,KuliBank Cell,4,9 tahun lalu,,True,True,2026-10-08 20:49:46
Batam Centre,Batam Centre Point International Ferry Terminal,Eric Tan,4,3 tahun lalu,Tidak buruk Diterjemahkan oleh Google ・ Lihat versi asli (Inggris),False,True,2026-10-08 20:49:46
Batam Centre,Batam Centre Point International Ferry Terminal,ariful anwar,4,2 tahun lalu,,True,True,2026-10-08 20:49:46
Batam Centre,Batam Centre Point International Ferry Terminal,SONDA NETT,4,4 tahun lalu,,True,True,2026-10-08 20:49:46
Batam Centre,Batam Centre Point International Ferry Terminal,Miftah Nor,5,3 tahun lalu,,True,True,2026-10-08 20:49:46
Batam Centre,Batam Centre Point International Ferry Terminal,pou yang gan,1,8 tahun lalu,Layanan dan sistem yang sangat buruk. Diterjemahkan oleh Google ・ Lihat versi asli (Inggris),False,False,2026-10-08 20:49:46
Batam Centre,Batam Centre Point International Ferry Terminal,Murugesan Murali,5,Diedit 10 tahun lalu,Tempat seperti kota asal kita Diterjemahkan oleh Google ・ Lihat versi asli (Tamil),False,True,2026-10-08 20:49:46
Batam Centre,Batam Centre Point International Ferry Terminal,Aswandy Raden Ahmad,5,8 tahun lalu,Terminal feri yang bagus. Diterjemahkan oleh Google ・ Lihat versi asli (Inggris),False,True,2026-10-08 20:49:46
Batam Centre,Batam Centre Point International Ferry Terminal,Tokai Teio,3,6 tahun lalu,Hanya terminal feri biasa. Diterjemahkan oleh Google ・ Lihat versi asli (Inggris),False,False,2026-10-08 20:49:46
Batam Centre,Batam Centre Point International Ferry Terminal,Fang Wei Chung,4,11 tahun lalu,Bersih dan rapi! Diterjemahkan oleh Google ・ Lihat versi asli (Inggris),False,False,2026-10-08 20:49:46
Batam Centre,Batam Centre Point International Ferry Terminal,awesome life,3,6 tahun lalu,,True,True,2026-10-08 20:49:46
Batam Centre,Batam Centre Point International Ferry Terminal,Eko Rudiawan Jamzuri,5,7 tahun lalu,,True,True,2026-10-08 20:49:46
Batam Centre,Batam Centre Point International Ferry Terminal,Agus Rivai,4,2 tahun lalu,Masih perlu perbaikan Diterjemahkan oleh Google ・ Lihat versi asli (Inggris),False,True,2026-10-08 20:49:46
Batam Centre,Batam Centre Point International Ferry Terminal,Hans Wang,3,9 tahun lalu,Feri ke SG atau JB Diterjemahkan oleh Google ・ Lihat versi asli (Inggris),False,True,2026-10-08 20:49:46
Batam Centre,Batam Centre Point International Ferry Terminal,Fazal Khan,4,3 tahun lalu,Pengalaman yang sangat bagus 💞 Diterjemahkan oleh Google ・ Lihat versi asli (Inggris),False,True,2026-10-08 20:49:46
Batam Centre,Batam Centre Point International Ferry Terminal,AsiaCloud Solutions Pte Ltd,4,10 tahun lalu,Terima kasih Diterjemahkan oleh Google ・ Lihat versi asli (Inggris),False,False,2026-10-08 20:49:46
Batam Centre,Batam Centre Point International Ferry Terminal,Ellen Abrigo,5,7 tahun lalu,Pelabuhan yang dekat dengan Batam Centre. Diterjemahkan oleh Google ・ Lihat versi asli (Inggris),False,True,2026-10-08 20:49:46
Batam Centre,Batam Centre Point International Ferry Terminal,lokman karabulut,5,4 tahun lalu,Terima kasih banyak kepada orang-orang baik. Diterjemahkan oleh Google ・ Lihat versi asli (Inggris),False,True,2026-10-08 20:49:46
Batam Centre,Batam Centre Point International Ferry Terminal,En Xian Lee,5,7 tahun lalu,Imigrasi berlangsung cepat. Diterjemahkan oleh Google ・ Lihat versi asli (Inggris),False,True,2026-10-08 20:49:46
Batam Centre,Batam Centre Point International Ferry Terminal,Md Easir Rahman,3,5 tahun lalu,Bagus . Diterjemahkan oleh Google ・ Lihat versi asli (Inggris),False,True,2026-10-08 20:49:46
Batam Centre,Batam Centre Point International Ferry Terminal,Abdullah Al-dukhayel,5,2 tahun lalu,Itu menyenangkan dan sederhana. Diterjemahkan oleh Google ・ Lihat versi asli (Inggris),False,True,2026-10-08 20:49:46
Batam Centre,Batam Centre Point International Ferry Terminal,Junn juliana,3,6 tahun lalu,Nyaman Diterjemahkan oleh Google ・ Lihat versi asli (Melayu),False,True,2026-10-08 20:49:46
Batam Centre,Batam Centre Point International Ferry Terminal,alvin hui,5,6 tahun lalu,Tepat waktu Diterjemahkan oleh Google ・ Lihat versi asli (Inggris),False,True,2026-10-08 20:49:46
Batam Centre,Batam Centre Point International Ferry Terminal,Fuada Khakim,4,8 tahun lalu,Bangun Diterjemahkan oleh Google ・ Lihat versi asli (Inggris),False,True,2026-10-08 20:49:46
Batam Centre,Batam Centre Point International Ferry Terminal,Om Pathak,4,3 tahun lalu,👍🏻,False,True,2026-10-08 20:49:46
Batam Centre,Batam Centre Point International Ferry Terminal,Fieza Ahmad,4,9 tahun lalu,Naik pesawat kembali ke Singapura Diterjemahkan oleh Google ・ Lihat versi asli (Inggris),False,True,2026-10-08 20:49:46
Batam Centre,Batam Centre Point International Ferry Terminal,Rabbil AR,3,4 tahun lalu,Terminalnya sangat kecil. Diterjemahkan oleh Google ・ Lihat versi asli (Inggris),False,True,2026-10-08 20:49:46
Batam Centre,Batam Centre Point International Ferry Terminal,Ade Halim,5,3 tahun lalu,Terkenal Diterjemahkan oleh Google ・ Lihat versi asli (Inggris),False,True,2026-10-08 20:49:46
Batam Centre,Batam Centre Point International Ferry Terminal,Emde,4,4 tahun lalu,Bagus Diterjemahkan oleh Google ・ Lihat versi asli (Inggris),False,True,2026-10-08 20:49:46
Harbour Bay,Pelabuhan Harbour Bay,Bang Barat (Bang gar),5,7 bulan lalu,"Dengan fasilitas transportasi Taxi bluebrid, terasa nyaman dan aman sampai ke tujuan,bisa membawa kita jalan ke seluruh kota batam Drivernya ramah dan berasa seperti teman lama",False,True,2026-10-08 20:49:46
Harbour Bay,Pelabuhan Harbour Bay,Mila Maulinda,5,setahun lalu,"Tempatnya bersih dan sangat nyaman. Penataan rapi, tidak terkesan sumpek. Ada beberapa toko oleh2 dan souvenir. Mengantri pembelian tiket tidak terlalu lama, ruang tunggu tidak penuh jadi bisa duduk. Sejauh ini mungkin pelabuhan Indo ternyaman untuk menunggu.",True,True,2026-10-08 20:49:46
Harbour Bay,Pelabuhan Harbour Bay,Khalfian Rhapsody,5,Diedit setahun lalu,Pelabuhan ini melayani pelayaran rute domestik dan internasional. Kondisi pelabuhan terbilang baik dan nyaman. Lingkungan sekitar juga terlihat hidup.,True,True,2026-10-08 20:49:46
Harbour Bay,Pelabuhan Harbour Bay,Trisnanto Yuono,4,3 tahun lalu,"Pertama kali ke Singapura lewat jalur laut. Cukup nyaman pelabuhannya, banyak spot makan, cafe, lengkap pilihannya. Layanan penyebrangan bagus lah..T.O.P",True,True,2026-10-08 20:49:46
Harbour Bay,Pelabuhan Harbour Bay,Siska Febriani,1,11 bulan lalu,"Orang imigrasi nya gak jelas, di jawab dengan data dan fakta malah gak nyambung. Di bentak² kayak orang gak permah keluar negri. Beda jauh sama pelayanan imigrasi batam center dan sekupang. Mending gak usah lewat harbour bay lah, pertama dan terakhir",False,True,2026-10-08 20:49:46
Harbour Bay,Pelabuhan Harbour Bay,محمد Gugun Ramadhan,5,2 bulan lalu,macam singapore,True,True,2026-10-08 20:49:46
Harbour Bay,Pelabuhan Harbour Bay,Ferdi Syahputra,1,setahun lalu,"susah&ribet nya mau nyebrang lewat hamburbay batam kemalaysia buat jalan"" ke tempat kk kandung aj gak bisa petugas imigrasi nya minta sogoan sejuta 500 k baru bisa di bantu masuk dan di cap, itu pun disuruh beli tiket PP 595 k klok gak masuk tiket di balikkan jadi setengah harga kan merugikan",False,False,2026-10-08 20:49:46
Harbour Bay,Pelabuhan Harbour Bay,Arie Safrizal,5,5 tahun lalu,"Bagus, bersih, fasilitas lengkap, petugas pemeriksaan dokumen juga ramah2",True,True,2026-10-08 20:49:46
Harbour Bay,Pelabuhan Harbour Bay,Wahyu Nugraha,5,3 bulan lalu,"Bagus, bersih & fasilitasnya seperti bandara",False,True,2026-10-08 20:49:46
Harbour Bay,Pelabuhan Harbour Bay,chee long Soo,3,setahun lalu,Org imigrasinya gak jelas dah di kasi barcorde dibuat hari ini malah suruh buat ulang gak jelas keluarga saya aja bisa,False,False,2026-10-08 20:49:46
Harbour Bay,Pelabuhan Harbour Bay,Samuel Harmoko,5,6 tahun lalu,Kapal ferry yg besar dan murah nyebrang ke bintan,True,True,2026-10-08 20:49:46
Harbour Bay,Pelabuhan Harbour Bay,Widi Ramdani,5,8 bulan lalu,"kapal nya nyaman, cuma AC nya terlalu dingin 🥶",False,True,2026-10-08 20:49:46
Harbour Bay,Pelabuhan Harbour Bay,Siti Nurshahidah,2,setahun lalu,"staf imigrasi yg cuek,saya berdiri lama krna scan muka tidak berhasil”,tetapi staf sama sekali tk ada yg menawarkan bantuan.",False,False,2026-10-08 20:49:46
Harbour Bay,Pelabuhan Harbour Bay,samsuniar arifin,5,2 tahun lalu,Pelabuhan Kapal Ferry di Batam yg Elite dan Nyaman,True,True,2026-10-08 20:49:46
Harbour Bay,Pelabuhan Harbour Bay,Miralza Diza,5,7 tahun lalu,Lebih enak karena imigrasi nya sepi....😀,True,True,2026-10-08 20:49:46
Harbour Bay,Pelabuhan Harbour Bay,Rico Saputra,1,setahun lalu,Kalo mau ke luar negeri mending lewat batam centre aja soal nya di pelabuhan sini ribet di persulit karna mereka mau uang,False,False,2026-10-08 20:49:46
Harbour Bay,Pelabuhan Harbour Bay,Indrika Roxaane,1,setahun lalu,"EH kacau kali harbour bay terminal ferry abis marah² kenapa naik grab , maxim , gojek tak boleh masuk lobby ? Lah tak bisa jemput Ada apa memang ?",False,False,2026-10-08 20:49:46
Harbour Bay,Pelabuhan Harbour Bay,JM Official,5,5 tahun lalu,"Waktu itu saya kesini bulan Februari 2019, HBF Terminal ini sangat nyaman sekali, toiletnya bagus rajin, kemudian pelayanannya sangat bagus dan cekatan sekali.",False,True,2026-10-08 20:49:46
Harbour Bay,Pelabuhan Harbour Bay,Rani Syahfitri,3,setahun lalu,Hallo min apa ada no wa yg bisa di hubungi untuk menanyakan harga tiket batam-dumai?,False,False,2026-10-08 20:49:46
Harbour Bay,Pelabuhan Harbour Bay,Little RF Family,5,6 tahun lalu,"Pelabuhan ferry untuk tujuan ke singapura & malaysia, lebih nyaman berangkat dr sini dari pada dr pelabuhan ... lebih teratur dan lenggang",False,True,2026-10-08 20:49:46
Harbour Bay,Pelabuhan Harbour Bay,Jutono Dewa Kelana,4,5 tahun lalu,Banyak bangunan mewah tp msh sepi pengunjung kecuali hari libur banyak orang bersepeda di pagi dan sore hari,False,True,2026-10-08 20:49:46
Harbour Bay,Pelabuhan Harbour Bay,Batam Komunika Konsultan,5,7 tahun lalu,"Tempat strategis Ada banyak pikihan restoran sea food, hotel, mall Dan deket dengan Pusat bison is Jodoh dan Nagoya",False,True,2026-10-08 20:49:46
Harbour Bay,Pelabuhan Harbour Bay,atmojo dwi handoko,4,6 tahun lalu,"Anda bisa k tanjung balai karimun atau singapore lewat sini, protokol kesehatan diterapkan selama masa pandemi covid",False,True,2026-10-08 20:49:46
Harbour Bay,Pelabuhan Harbour Bay,jacobus william tengkar,5,7 tahun lalu,Salah satu pelabuhan internasional dan domestik terbaik di Batam. Layanan yang cepat dan tempat yang bersih. Pelayaran yang selalu tepat waktu.,False,True,2026-10-08 20:49:46
Harbour Bay,Pelabuhan Harbour Bay,Nukula Nukula,5,6 tahun lalu,Pelabuhan satu satunya dibatam yang lengkap dengan perhotelan dan pusat perbelanjaan pokoknya mantap deh,False,False,2026-10-08 20:49:46
Harbour Bay,Pelabuhan Harbour Bay,Yusrizal Rizal,5,5 tahun lalu,"Sangat nyaman, bersih tpi sepi tempat penjualan",False,True,2026-10-08 20:49:46
Harbour Bay,Pelabuhan Harbour Bay,Zaki,5,3 tahun lalu,Bagus,True,True,2026-10-08 20:49:46
Harbour Bay,Pelabuhan Harbour Bay,Lasnita Lasmaria Butar butar,4,4 bulan lalu,Ramah,False,True,2026-10-08 20:49:46
Harbour Bay,Pelabuhan Harbour Bay,delli gunarsa,4,6 tahun lalu,SalahPelabuhan penyeberangan di pulau Batam yg dekat dengan kota,False,True,2026-10-08 20:49:46
Harbour Bay,Pelabuhan Harbour Bay,mr desa,5,6 tahun lalu,Indah,True,False,2026-10-08 20:49:46
Harbour Bay,Pelabuhan Harbour Bay,Nurcahyo90,5,setahun lalu,"perjalanan laut,,",False,True,2026-10-08 20:49:46
Harbour Bay,Pelabuhan Harbour Bay,Afin Isbah,5,5 tahun lalu,Pelabuhan favorit menuju dan dari batam atau tbk,False,True,2026-10-08 20:49:46
Harbour Bay,Pelabuhan Harbour Bay,Raja Firman Subrata,5,Diedit 3 bulan lalu,Pelabuhan andalan,False,True,2026-10-08 20:49:46
Harbour Bay,Pelabuhan Harbour Bay,Aris Nike,5,setahun lalu,Sangat indah dan ramah,False,False,2026-10-08 20:49:46
Harbour Bay,Pelabuhan Harbour Bay,KATA POPEYE Si PELAUT,5,5 tahun lalu,Nampak dari laut terang dimalam hari,False,True,2026-10-08 20:49:46
Harbour Bay,Pelabuhan Harbour Bay,Samsung A14,5,3 tahun lalu,Bagus sekali,False,False,2026-10-08 20:49:46
Harbour Bay,Pelabuhan Harbour Bay,Jay Cole,4,4 tahun lalu,"Bagus, tetapi masih sepi",False,True,2026-10-08 20:49:46
Harbour Bay,Pelabuhan Harbour Bay,Doan official,4,6 tahun lalu,Susana masih sepi,False,True,2026-10-08 20:49:46
Harbour Bay,Pelabuhan Harbour Bay,adi pradana,5,6 tahun lalu,👍👍👍,False,True,2026-10-08 20:49:46
Harbour Bay,Pelabuhan Harbour Bay,bungaran siregar,4,6 tahun lalu,mantap,False,True,2026-10-08 20:49:46
Harbour Bay,Pelabuhan Harbour Bay,sukamto kamto,5,6 tahun lalu,Brangkat ke malaysia,False,False,2026-10-08 20:49:46
Harbour Bay,Pelabuhan Harbour Bay,Jimmy Ng,5,3 bulan lalu,"Terminal Feri Harbour Bay, yang terletak di kawasan Batu Ampar yang ramai di Batam, merupakan gerbang ultra-modern utama bagi para pelancong internasional yang melakukan perjalanan antara Singapura dan Kepulauan Riau. Dengan proses bea cukai yang sangat lancar dan efisien, pusat maritim terpadu ini menyediakan jalur transit tercepat dan ternyaman ke HarbourFront Centre Singapura, dengan perjalanan feri yang lancar kurang dari satu jam. Fasilitas terminal ini sepenuhnya beralih dari depot transportasi standar dan fungsional di masa lalu. Sebaliknya, terminal ini berfungsi sebagai pusat gaya hidup dan komersial yang ramai, terintegrasi langsung dengan hotel-hotel kelas atas seperti Batam Marriott dan promenade makan tepi laut yang luas. Penumpang yang tiba dapat langsung keluar ke oasis kuliner yang ramai yang terkenal dengan restoran makanan laut premium, kafe-kafe yang apik, dan lounge terbuka yang meriah dengan pemandangan Selat Singapura. Di dalam, terminal ini memiliki ruang tunggu yang bersih dan ber-AC yang dilengkapi dengan toko-toko ritel yang nyaman, penukaran uang, dan ruang tunggu yang nyaman. Karena dengan mudah memadukan efisiensi logistik mutakhir dengan fasilitas perhotelan dan gaya hidup kelas atas, Harbour Bay tetap menjadi pilihan utama bagi para eksekutif bisnis, wisatawan akhir pekan, dan para komuter yang sering bepergian dan mencari pengalaman perjalanan premium tanpa stres. Diterjemahkan oleh Google ・ Lihat versi asli (Inggris)",True,True,2026-10-08 20:49:46
Harbour Bay,Pelabuhan Harbour Bay,The Traveling Cow,5,9 bulan lalu,"Salah satu pelabuhan feri di Batam, favorit saya dibandingkan yang lain. Ada toko-toko dan food court juga. Hanya ada 1 operator feri ke Singapura, ada satu untuk rute Malaysia dan satu lagi untuk rute domestik/lokal ke Balai Karimun. Diterjemahkan oleh Google ・ Lihat versi asli (Inggris)",True,True,2026-10-08 20:49:46
Harbour Bay,Pelabuhan Harbour Bay,Sinta Lucia,5,4 tahun lalu,"Saya senang menyeberang ke Singapura melalui Harbour Bay. Lebih praktis, nyaman, efisien, ruang tunggu bersih, cepat dan mudah. Layanan imigrasinya juga bagus. Di sekitar kompleks, ada banyak akomodasi, tinggal pilih sesuai anggaran pribadi. Banyak juga restoran sehingga waktu menunggu menjadi lebih mudah ditoleransi. Diterjemahkan oleh Google ・ Lihat versi asli (Inggris)",True,True,2026-10-08 20:49:46
Harbour Bay,Pelabuhan Harbour Bay,Hung Nguyen Manh,4,2 tahun lalu,Terminal feri ini melayani rute dari Singapura ke Indonesia. Feri ini cukup cepat. Area tunggu luas dan dilengkapi dengan pusat perbelanjaan. Diterjemahkan oleh Google ・ Lihat versi asli (Vietnam),True,True,2026-10-08 20:49:46
Harbour Bay,Pelabuhan Harbour Bay,TETSUYA ABU,5,3 bulan lalu,Indah di malam hari. Tidak terlalu ramai. Diterjemahkan oleh Google ・ Lihat versi asli (Inggris),True,True,2026-10-08 20:49:46
Harbour Bay,Pelabuhan Harbour Bay,Junjie Teo,5,2 tahun lalu,"Di dermaga, setelah turun dari kapal dan melewati bea cukai, Anda bisa mendapatkan kartu SIM di pintu keluar. Terdapat juga banyak toko dan restoran di dekatnya. Taksi mudah ditemukan. Diterjemahkan oleh Google ・ Lihat versi asli (Tionghoa)",True,True,2026-10-08 20:49:46
Harbour Bay,Pelabuhan Harbour Bay,Flo Y.,3,3 tahun lalu,"Otoritas pelabuhan Batam cukup baik. Sistemnya berfungsi, meskipun tidak sepenuhnya sempurna – tetapi tetap berfungsi. Saat berangkat dari Batam ke Singapura, cobalah berangkat sedikit lebih awal, karena antrean yang tidak terstruktur mungkin membutuhkan waktu untuk terurai. Tanyakan kepada orang sekitar untuk memastikan Anda berada di antrean yang tepat, terutama ketika ada beberapa feri yang berangkat hampir bersamaan. Diterjemahkan oleh Google ・ Lihat versi asli (Inggris)",True,False,2026-10-08 20:49:46
Harbour Bay,Pelabuhan Harbour Bay,KHAN,4,5 bulan lalu,Terminal feri untuk perjalanan antara Singapura dan Batam. Diterjemahkan oleh Google ・ Lihat versi asli (Inggris),True,True,2026-10-08 20:49:46
Harbour Bay,Pelabuhan Harbour Bay,Neru Neru,1,setahun lalu,"🇮🇩 Penukaran Mata Uang Batam Setelah tiba di Batam, lewati pemeriksaan bagasi dan menuju ke pintu keluar. Anda akan menemukan dua kantor penukaran mata uang di sebelah kanan Anda. Nilai tukarnya sangat buruk, jadi tukarkan uang Anda di tempat keberangkatan Anda. Diterjemahkan oleh Google ・ Lihat versi asli (Jepang)",True,True,2026-10-08 20:49:46
Harbour Bay,Pelabuhan Harbour Bay,Ms Natt,5,6 tahun lalu,Saya suka ikan kukus... segar... Semua hidangan itu... untuk kami bertiga... Harganya sekitar $40 ke atas. Diterjemahkan oleh Google ・ Lihat versi asli (Inggris),True,True,2026-10-08 20:49:46
Harbour Bay,Pelabuhan Harbour Bay,Din Neo,5,5 bulan lalu,Terminal Feri Harbour Bay. Diterjemahkan oleh Google ・ Lihat versi asli (Inggris),True,True,2026-10-08 20:49:46
Harbour Bay,Pelabuhan Harbour Bay,Johny,5,setahun lalu,Para staf memperlakukan kami dengan ramah dan penuh perhatian. Diterjemahkan oleh Google ・ Lihat versi asli (Inggris),True,True,2026-10-08 20:49:46
Harbour Bay,Pelabuhan Harbour Bay,Daniel Moi,1,7 bulan lalu,Titik penjemputan Grab berada jauh dari area tempat berteduh. Sungguh pengalaman yang mengerikan saat hujan deras.... Diterjemahkan oleh Google ・ Lihat versi asli (Inggris),False,False,2026-10-08 20:49:46
Harbour Bay,Pelabuhan Harbour Bay,洪鼎睿,1,2 tahun lalu,Imigrasi dan bea cukai sangat kotor; mereka mempersulit pengurusan visa kami dan kemudian memeras 100 dolar Singapura sebelum mengizinkan kami masuk. Area tunggu keberangkatan dipenuhi bau rokok yang menyengat; tidak ada tempat untuk bersembunyi. Buruk! Diterjemahkan oleh Google ・ Lihat versi asli (Tionghoa),False,True,2026-10-08 20:49:46
Harbour Bay,Pelabuhan Harbour Bay,Ana Westy,4,6 tahun lalu,Cara mudah dan menyenangkan untuk pergi ke Singapura dari Batam. Diterjemahkan oleh Google ・ Lihat versi asli (Inggris),True,True,2026-10-08 20:49:46
Harbour Bay,Pelabuhan Harbour Bay,Timmy Chan,5,2 tahun lalu,Terminal feri yang bagus dan bersih dengan area perbelanjaan kecil di 2 lantai. Toilet bersih dan selalu ada petugas kebersihan di sekitar. Tersedia beberapa restoran dan banyak kue lapis yang dijual. Diterjemahkan oleh Google ・ Lihat versi asli (Inggris),False,True,2026-10-08 20:49:46
Harbour Bay,Pelabuhan Harbour Bay,Brilliant Asmit,5,setahun lalu,Terminal ini bersih dan terawat dengan sangat baik. Diterjemahkan oleh Google ・ Lihat versi asli (Inggris),True,True,2026-10-08 20:49:46
Harbour Bay,Pelabuhan Harbour Bay,JonXu,2,7 tahun lalu,"Jangan berharap terlalu banyak dari terminal feri ini sebagai pusat perbelanjaan. Saya pernah ke sana sejak 10 tahun lalu dan tidak banyak yang berubah hingga tahun 2019. Hanya segelintir toko dan restoran di area kedatangan, dan itu saja. Sebagian besar ruang toko kosong. Diterjemahkan oleh Google ・ Lihat versi asli (Inggris)",False,True,2026-10-08 20:49:46
Harbour Bay,Pelabuhan Harbour Bay,Otak “PriyoW” Usil,3,3 tahun lalu,"Keunggulan: 1. Dekat dengan Kota Batam Lama (wilayah Nagoya) 2. Area terpadu dengan food court, toko suvenir, dan penukaran uang. Kekurangan: 1. Loket tiket sedikit. 2. Kecil Diterjemahkan oleh Google ・ Lihat versi asli (Inggris)",False,True,2026-10-08 20:49:46
Harbour Bay,Pelabuhan Harbour Bay,MF MS,4,2 tahun lalu,Saya suka tempat baru ini. Jaraknya dekat dengan Hotel Marriot dan semua tempat wisata menarik. Mudah diakses dan tertata dengan baik. Diterjemahkan oleh Google ・ Lihat versi asli (Inggris),False,True,2026-10-08 20:49:46
Harbour Bay,Pelabuhan Harbour Bay,Leon Rocca,5,2 tahun lalu,Pelabuhan ini bersih dan tertata dengan baik dibandingkan dengan yang pernah saya lihat di Indonesia. Saya merekomendasikan untuk menggunakan pelabuhan ini. Diterjemahkan oleh Google ・ Lihat versi asli (Inggris),False,True,2026-10-08 20:49:46
Harbour Bay,Pelabuhan Harbour Bay,Nick Doggett,5,6 tahun lalu,Titik embarkasi/disembarkasi yang efisien untuk memasuki Batam. Terdapat banyak toko yang bermanfaat di dalam kompleks. Diterjemahkan oleh Google ・ Lihat versi asli (Inggris),False,True,2026-10-08 20:49:46
Harbour Bay,Pelabuhan Harbour Bay,Teresia,5,3 bulan lalu,Sudah pernah ke sini sekali 🤍 Diterjemahkan oleh Google ・ Lihat versi asli (Inggris),False,True,2026-10-08 20:49:46
Harbour Bay,Pelabuhan Harbour Bay,Shaun Dixon,5,7 tahun lalu,"Efisien. Ada rencana untuk memastikan Anda bisa naik feri dan feri berangkat tepat waktu. Semua orang bekerja keras untuk itu. Mulai dari staf, imigrasi, hingga awak feri. 😀 Diterjemahkan oleh Google ・ Lihat versi asli (Inggris)",False,True,2026-10-08 20:49:46
Harbour Bay,Pelabuhan Harbour Bay,Quoc vinh,5,3 tahun lalu,"Bersih, luas, cepat. Diterjemahkan oleh Google ・ Lihat versi asli (Inggris)",True,True,2026-10-08 20:49:46
Harbour Bay,Pelabuhan Harbour Bay,Sham Ali,5,7 tahun lalu,Terminal feri di Batam dikelola dengan baik dan aman. Staf sangat membantu dan sopan. Diterjemahkan oleh Google ・ Lihat versi asli (Inggris),False,True,2026-10-08 20:49:46
Harbour Bay,Pelabuhan Harbour Bay,そら,3,3 tahun lalu,"Saya melewatinya saat memasuki negara ini. Harganya murah, jadi saya merekomendasikannya. Diterjemahkan oleh Google ・ Lihat versi asli (Jepang)",False,True,2026-10-08 20:49:46
Harbour Bay,Pelabuhan Harbour Bay,Aida Subarjah,5,setahun lalu,Saya senang Horizons datang ke Singapura Diterjemahkan oleh Google ・ Lihat versi asli (Inggris),False,False,2026-10-08 20:49:46
Harbour Bay,Pelabuhan Harbour Bay,Heilmi Mohamed,1,2 tahun lalu,Feri ke Stulang mengalami penundaan lebih dari 1 jam. Diterjemahkan oleh Google ・ Lihat versi asli (Inggris),False,True,2026-10-08 20:49:46
Harbour Bay,Pelabuhan Harbour Bay,Agit Nurmawati,4,6 tahun lalu,"Agak membingungkan, karena tidak ada penanda yang menunjukkan letak gerbangnya, terutama bagi Anda yang belum pernah melewatinya. Diterjemahkan oleh Google ・ Lihat versi asli (Inggris)",False,True,2026-10-08 20:49:46
Harbour Bay,Pelabuhan Harbour Bay,Annisakih,5,7 tahun lalu,,True,True,2026-10-08 20:49:46
Harbour Bay,Pelabuhan Harbour Bay,Jeny Sonia,5,6 tahun lalu,👍🏻,True,True,2026-10-08 20:49:46
Harbour Bay,Pelabuhan Harbour Bay,Nguyen Tien Dung,4,7 tahun lalu,Teluk pelabuhan yang indah dan banyak restoran. Diterjemahkan oleh Google ・ Lihat versi asli (Inggris),False,True,2026-10-08 20:49:46
Harbour Bay,Pelabuhan Harbour Bay,Rad (Daru),4,setahun lalu,Tembak dari laut Diterjemahkan oleh Google ・ Lihat versi asli (Inggris),True,True,2026-10-08 20:49:46
Harbour Bay,Pelabuhan Harbour Bay,Aldin Setiawan,5,setahun lalu,,True,True,2026-10-08 20:49:46
Harbour Bay,Pelabuhan Harbour Bay,Tuyên Nguyễn,3,setahun lalu,Bagus Diterjemahkan oleh Google ・ Lihat versi asli (Melayu),False,True,2026-10-08 20:49:46
Harbour Bay,Pelabuhan Harbour Bay,Surtam A Amin,4,7 tahun lalu,,True,True,2026-10-08 20:49:46
Harbour Bay,Pelabuhan Harbour Bay,Pamboedi Sleman,5,setahun lalu,,True,True,2026-10-08 20:49:46
Harbour Bay,Pelabuhan Harbour Bay,Desy Alyogaby,5,5 tahun lalu,Pelabuhan yang bagus Diterjemahkan oleh Google ・ Lihat versi asli (Inggris),True,True,2026-10-08 20:49:46
Harbour Bay,Pelabuhan Harbour Bay,AGALIVIR Asotnes,3,5 tahun lalu,Sudah lama tidak bertemu Diterjemahkan oleh Google ・ Lihat versi asli (Inggris),False,True,2026-10-08 20:49:46
Harbour Bay,Pelabuhan Harbour Bay,Ahmad Kihf,5,6 tahun lalu,Bagus Diterjemahkan oleh Google ・ Lihat versi asli (Inggris),False,True,2026-10-08 20:49:46
Harbour Bay,Pelabuhan Harbour Bay,Aby,5,7 tahun lalu,Besar Diterjemahkan oleh Google ・ Lihat versi asli (Inggris),False,True,2026-10-08 20:49:46
Harbour Bay,Pelabuhan Harbour Bay,Willy Setyadi,5,7 tahun lalu,Pelabuhan yang bagus Diterjemahkan oleh Google ・ Lihat versi asli (Inggris),False,True,2026-10-08 20:49:46
Harbour Bay,Pelabuhan Harbour Bay,Wyn,4,4 hari lalu,"Bersih, nyaman, banyak kios dan tempat makan, ada juga makanan cepat saji dan kedai kopi. Food court-nya memiliki beberapa hidangan yang sangat lezat dan harganya juga cukup murah... mudah untuk memesan makanan melalui Grab dan layanan transportasi online . Bagi yang ingin berbelanja di menit terakhir untuk ole², ada banyak pilihan yang tersedia. Namun, pengendalian kerumunan saat naik pesawat bisa ditingkatkan. Diterjemahkan oleh Google ・ Lihat versi asli (Inggris)",True,True,2026-10-08 20:49:46
Harbour Bay,Pelabuhan Harbour Bay,Ricky Bernardo,5,3 minggu lalu,BARU,False,False,2026-10-08 20:49:46
Harbour Bay,Pelabuhan Harbour Bay,Popo Junior,5,2 bulan lalu,,False,False,2026-10-08 20:49:46
Harbour Bay,Pelabuhan Harbour Bay,userrr genz,5,3 bulan lalu,,False,False,2026-10-08 20:49:46
Harbour Bay,Pelabuhan Harbour Bay,Friska Agustina,5,5 bulan lalu,,False,True,2026-10-08 20:49:46
Harbour Bay,Pelabuhan Harbour Bay,Q Hasian,1,11 bulan lalu,,False,False,2026-10-08 20:49:46
Harbour Bay,Pelabuhan Harbour Bay,City Foo,5,setahun lalu,,False,True,2026-10-08 20:49:46
Harbour Bay,Pelabuhan Harbour Bay,nabilla anjani,5,setahun lalu,,False,False,2026-10-08 20:49:46
Harbour Bay,Pelabuhan Harbour Bay,Refia Amelia Azzahra idzani,4,setahun lalu,,False,False,2026-10-08 20:49:46
Harbour Bay,Pelabuhan Harbour Bay,Purwanto,5,setahun lalu,,False,False,2026-10-08 20:49:46
Harbour Bay,Pelabuhan Harbour Bay,Husni Tamrin,5,setahun lalu,,False,False,2026-10-08 20:49:46
Harbour Bay,Pelabuhan Harbour Bay,Viraabyy,5,2 tahun lalu,,False,True,2026-10-08 20:49:46
Harbour Bay,Pelabuhan Harbour Bay,Sopyan,5,2 tahun lalu,,False,True,2026-10-08 20:49:46
Harbour Bay,Pelabuhan Harbour Bay,Aries tari,3,2 tahun lalu,,False,True,2026-10-08 20:49:46
Harbour Bay,Pelabuhan Harbour Bay,Zainurin Md Dom,5,2 tahun lalu,,False,True,2026-10-08 20:49:46
Harbour Bay,Pelabuhan Harbour Bay,Liza Yani,1,2 tahun lalu,,False,False,2026-10-08 20:49:46
Harbour Bay,Pelabuhan Harbour Bay,Nadzi Tea,4,3 tahun lalu,,False,True,2026-10-08 20:49:46
Harbour Bay,Pelabuhan Harbour Bay,Sherwin,5,3 tahun lalu,,False,True,2026-10-08 20:49:46
Harbour Bay,Pelabuhan Harbour Bay,Gunawan Gusnaini,5,4 tahun lalu,,False,False,2026-10-08 20:49:46
Harbour Bay,Pelabuhan Harbour Bay,Aciok Cia,4,5 tahun lalu,,False,True,2026-10-08 20:49:46
Harbour Bay,Pelabuhan Harbour Bay,Entah Entah,5,5 tahun lalu,,False,True,2026-10-08 20:49:46
Harbour Bay,Pelabuhan Harbour Bay,Gusti Hidayat,5,5 tahun lalu,,False,True,2026-10-08 20:49:46
Harbour Bay,Pelabuhan Harbour Bay,M Lufie Y M,5,5 tahun lalu,,False,True,2026-10-08 20:49:46
Harbour Bay,Pelabuhan Harbour Bay,M Imam Wiranata,4,5 tahun lalu,,False,True,2026-10-08 20:49:46
Harbour Bay,Pelabuhan Harbour Bay,Ismet Rialdi,3,5 tahun lalu,,False,False,2026-10-08 20:49:46
Harbour Bay,Pelabuhan Harbour Bay,Meme小洁,5,5 tahun lalu,,False,False,2026-10-08 20:49:46
Harbour Bay,Pelabuhan Harbour Bay,Suaidi Yakob,4,6 tahun lalu,,False,True,2026-10-08 20:49:46
Harbour Bay,Pelabuhan Harbour Bay,Dzakiy Naofal,4,6 tahun lalu,,False,False,2026-10-08 20:49:46
Harbour Bay,Pelabuhan Harbour Bay,Ruly Armando Rumahorbo,4,6 tahun lalu,,False,True,2026-10-08 20:49:46
Harbour Bay,Pelabuhan Harbour Bay,Yedid (Neki),4,6 tahun lalu,,False,True,2026-10-08 20:49:46
Harbour Bay,Pelabuhan Harbour Bay,Sarjan Sarjan,2,6 tahun lalu,,False,True,2026-10-08 20:49:46
Harbour Bay,Pelabuhan Harbour Bay,Maya Wijaya,5,6 tahun lalu,,False,True,2026-10-08 20:49:46
Harbour Bay,Pelabuhan Harbour Bay,widya firdawati,4,6 tahun lalu,,False,True,2026-10-08 20:49:46
Harbour Bay,Pelabuhan Harbour Bay,dedy Susanto,4,6 tahun lalu,,False,False,2026-10-08 20:49:46
Harbour Bay,Pelabuhan Harbour Bay,Bayu Sugeng Aryanto,5,6 tahun lalu,,False,True,2026-10-08 20:49:46
Harbour Bay,Pelabuhan Harbour Bay,Jeremiah,3,6 tahun lalu,,False,True,2026-10-08 20:49:46
Harbour Bay,Pelabuhan Harbour Bay,Lili Sudjana,4,6 tahun lalu,,False,True,2026-10-08 20:49:46
Harbour Bay,Pelabuhan Harbour Bay,Alionx lee,5,6 tahun lalu,,False,True,2026-10-08 20:49:46
Harbour Bay,Pelabuhan Harbour Bay,Low Giap Peng,3,6 tahun lalu,,False,True,2026-10-08 20:49:46
Harbour Bay,Pelabuhan Harbour Bay,Mohamed Ali Hamid,3,6 tahun lalu,,False,True,2026-10-08 20:49:46
Harbour Bay,Pelabuhan Harbour Bay,Stanley Tan Y H,4,6 tahun lalu,,False,True,2026-10-08 20:49:46
Harbour Bay,Pelabuhan Harbour Bay,Rensi Nurmadhani,5,6 tahun lalu,,False,True,2026-10-08 20:49:46
Harbour Bay,Pelabuhan Harbour Bay,Eep Saepulloh,5,6 tahun lalu,,False,True,2026-10-08 20:49:46
Harbour Bay,Pelabuhan Harbour Bay,Oki Widyatmoko,5,7 tahun lalu,,False,True,2026-10-08 20:49:46
Harbour Bay,Pelabuhan Harbour Bay,Suwanto Siaw,4,7 tahun lalu,,False,True,2026-10-08 20:49:46
Harbour Bay,Pelabuhan Harbour Bay,Kurniawan Sp,4,7 tahun lalu,,False,True,2026-10-08 20:49:46
Harbour Bay,Harbour Bay Ferry,Agung Juliansyah,5,6 tahun lalu,"Salah satu pelabuhan ferry internasional terbaik saat ini di Batam, Port ini sudah menerapkan Auto Gate seperti di Singapura. Tempatnya dekat dengan banyak hotel di area Harbour bay. Didalamnya juga ada tempat nongkrong Starbucks dan Morning bakery",True,True,2026-10-08 20:49:46
Harbour Bay,Harbour Bay Ferry,Zayn Al Basil,5,3 tahun lalu,"Pelabuhan yang mantap sih, gak bosan juga, karna ada Starbuck, Indomaret,circle K, KFC box, ala Kampoeng",True,True,2026-10-08 20:49:46
Harbour Bay,Harbour Bay Ferry,imawan dedy,5,4 tahun lalu,"Harbour bay ferry merupakan terminal penyeberangan transportasi ferry yang berada di pusat kota Batam. Didaerah ini juga banyak pusat perbelanjaan kota Batam maupun banyak tempat kuliner dan tempat nongkrong. Tempat cukup nyaman dan bersih, pelayanan baik.",True,True,2026-10-08 20:49:46
Harbour Bay,Harbour Bay Ferry,Siti Zulyanti,1,6 bulan lalu,"Pelayanannya kurang. Tgl 9 Maret 2025, pukul 12.30 tujuan tanjung balai Karimun. Saya ada minta tolong kepada petugas penjaga X-ray untuk angkut koper saya, karena keadaan saya lagi hamil dan koper saya berat. Tapi responnya malah menyuruh saya tarok hp. Maksudnya gimana? Kan tas kecil pun udah masuk ke X-Ray, baju atau celana saya ga ada koceknya. Misal saya tarok hp pun, apakah saya bisa angkut koper saya yg lumayan berat itu untuk di X-RAY?. Padahal petugasnya laki2. Apa karena saya hamil muda dan perut saya ga keliatan besar? Atau karena petugas, bukan tukang angkut? Karena masnya, saya lemes dan mau jatuh saat masuk kapal. Untuk crew kapalnya baik mau bantuin saya. Buat masnya semoga nanti istrimu diperlakukan hal yang serupa di transportasi umum yaa 😊",False,False,2026-10-08 20:49:46
Harbour Bay,Harbour Bay Ferry,Mohd Andy,5,Diedit 11 bulan lalu,Punya pemandangan yg indah dan warung makanan yg banyak. Pelabuhan yg diminati ramai.,True,True,2026-10-08 20:49:46
Harbour Bay,Harbour Bay Ferry,cynthia wulandari,5,3 tahun lalu,"Pertama kalinya saya ke pelabuhan ini, saat akan berpergian ke kabupaten Karimun Kepri, pelabuhan nya bagus bersih",True,True,2026-10-08 20:49:46
Harbour Bay,Harbour Bay Ferry,Nando Lim,3,4 bulan lalu,"Toilet nya bau, semoga di mengerti lagi",False,False,2026-10-08 20:49:46
Harbour Bay,Harbour Bay Ferry,Selvino Rumanti,5,3 tahun lalu,Pelabuhan sekaligus tempat belanja oleh2 Ngga perlu keliling mall u cari souvenir Pelayanan di harbour bay ferry juga ramah,True,False,2026-10-08 20:49:46
Harbour Bay,Harbour Bay Ferry,Andi M. Fadjr,5,setahun lalu,Tempatnya bagus. sayang sampah masih banyak dilaut,True,True,2026-10-08 20:49:46
Harbour Bay,Harbour Bay Ferry,marthameliasb,5,3 bulan lalu,Pelabuhan fave se-Batam.,True,True,2026-10-08 20:49:46
Harbour Bay,Harbour Bay Ferry,hidayatullah muhammad,5,5 tahun lalu,Kawasan Bisnis dan Pelabuhan yg terlengkap di Batam. + Bersih + Arsitektur Modern + Fasilitas Lengkap + Aman dan Nyaman + Pemandangan laut yg bagus + Setiap sudut bisa menjadi spot foto yg menarik dan indah.,True,True,2026-10-08 20:49:46
Harbour Bay,Harbour Bay Ferry,Dedy Irawan,1,setahun lalu,"T Peraturan imigrasi ribet, padahal sudah beli tiket pulang pergi melalui pelabuhan harborbay. Karena ktp medan.tidak dizin kan masuk, dan anehnya lagi , karena baru pertama kali lewat harbourbay,",False,False,2026-10-08 20:49:46
Harbour Bay,Harbour Bay Ferry,Agus Widjiantoro,5,8 tahun lalu,"pelabuhan internasional di batam,tepatnya dekat pelabuhan batu ampar.",True,True,2026-10-08 20:49:46
Harbour Bay,Harbour Bay Ferry,Heri Purwanto,2,7 tahun lalu,"Di dalam lumayan rapi dan adem di luar ga lebih baik dari terminal bis, semrawut, penunjuk arah kurang. 🙈",True,True,2026-10-08 20:49:46
Harbour Bay,Harbour Bay Ferry,hengki prastiyo,5,6 tahun lalu,"Kebetulan pas nyari pelabuhan paling dekat dari bandara ,langsung mampir di Harbourbay..",True,True,2026-10-08 20:49:46
Harbour Bay,Harbour Bay Ferry,evn aja,3,2 tahun lalu,"Terminal & pelayanan ok. Sayangnya penjaga box parkir songong² gaya nya, tak ada ramah² nya walau disapa dan saya bilang terima kasih malah buang muka. Itu perlu diperbaiki karena ini pelabuhan internasional, walau mungkin turis² tidak berinteraksi langsung dgn penjaga box parkir.",False,True,2026-10-08 20:49:46
Harbour Bay,Harbour Bay Ferry,SUNARTO PEK,3,setahun lalu,Tempat tunggu penumpang sebelum masuk ke ruang keberangkatan terlalu sedikit. Kasihan yg bw org tua dan anak2 gak dpt duduk.,False,False,2026-10-08 20:49:46
Harbour Bay,Harbour Bay Ferry,Ayah Kareem EL ULIMY,5,4 tahun lalu,"Ada beberapa ferry di tempat ini, sebelum covid digunakan untuk menyeberang ke SG.",True,True,2026-10-08 20:49:46
Harbour Bay,Harbour Bay Ferry,giovanni basanta,3,9 tahun lalu,Tempat pelabuhan ferry ke tanjung balai dan singapore serta malaysis.byk makanan di sini,True,True,2026-10-08 20:49:46
Harbour Bay,Harbour Bay Ferry,Suryanti Agustina,5,4 tahun lalu,"Ramai lagi harbour bay ferry setelah covid reda, alhamdulillah",True,True,2026-10-08 20:49:46
Harbour Bay,Harbour Bay Ferry,Redho Ferdian Akmal,5,6 tahun lalu,Bisa lihat sunset di sini,True,True,2026-10-08 20:49:46
Harbour Bay,Harbour Bay Ferry,samsuniar arifin,5,2 tahun lalu,Pelabuhan yg mewah,True,True,2026-10-08 20:49:46
Harbour Bay,Harbour Bay Ferry,Sir'an efendi Efendi,5,3 tahun lalu,"Senang berada di tempat ini, tempatnya sangat bagus",True,False,2026-10-08 20:49:46
Harbour Bay,Harbour Bay Ferry,dedi sumardi,5,9 tahun lalu,"PELABUHAN HARBOUR BAYJika berkunjung ke Pulau Batam, tidak afdol rasanya jika tidak berkunjung ke Pelabuhan Harbour Bay. Pelabuhan Harbour Bay tidaklah seperti pelabuhanbiasanya terlebih pemandangannya di malam hari. Dari sini, kita bisa melihat lampu – lampu negara Singapura yang begitu indah. Wajar saja, banyak restoran bertarif mahal berjejer di wilayah pelabuhan Harbour Bay. Kini Pelabuhan Harbour Bay telah menjadi salah satu destinasi wisata di pulau Batam.",False,True,2026-10-08 20:49:46
Harbour Bay,Harbour Bay Ferry,Syafril Midiyato,3,2 tahun lalu,Jadwal kapal yang teratur sedikit saran mungkin kursi di ruang tunggu harus selalu di periksa kebersihannya.,False,True,2026-10-08 20:49:46
Harbour Bay,Harbour Bay Ferry,Pehankayyah Abdul,1,7 tahun lalu,"- Tempat check in sharus nya pas masuk area terminal area keberangkatan , bukan di lantai 2 supaya penumpang tidak bolak balik - Sebaiknya VIP lounges bisa digunakan at least 1 jam 30 menit sebelum keberangkatan , bukan 30 menit sebelum nya baru d perbolehkan masuk ke VIP room nya - Pengalaman saya sejauh ini di berbagai tempat yg pernah saya kunjungi, selalu di sedia in tempat buat Tas Tangan biar tidak kotor ato rusak saat melewati x-ray checking, sayang nya di sini tidak tersedia - luggage buat VIP class, seharus nya priority , jd gk harus nggu sampe smua penumpang lain habis baru laguge VIP class muncul, dan ini selalu terjadi di sini - Ini smua pendapat saya saja, kurang lebih mohon maaf",False,False,2026-10-08 20:49:46
Harbour Bay,Harbour Bay Ferry,Hanif Kharisma Trashasri Amiseno (HAKHATA),5,5 tahun lalu,Salam satu pelabuhan ferry yg nyaman dan bersih. Sudah serasa berada diluar negeri karena lingkungan nyan tertata dan bersih juga nyaman sekali. Di sore hari tempat ini bisa dijadikan tempat bersantai dan juga berolahraga untuk masyarakat sekitar. Bisa jadi tempat pilihan juga menghabiskanian waktu. Dan dapat melihat pemandangan Singapura dari sini. Tempat yg indah dan nyaman sekali,True,True,2026-10-08 20:49:46
Harbour Bay,Harbour Bay Ferry,Master Clear,4,5 tahun lalu,tertata rapi.. tetapi sangat sepi,True,False,2026-10-08 20:49:46
Harbour Bay,Harbour Bay Ferry,Sagi Gurl,4,3 tahun lalu,"Tongkrongan baru favorite nya anak Batam. Saya lebih suka kesini saat malam, Karna Kalau sore masih panas cuacanya",False,True,2026-10-08 20:49:46
Harbour Bay,Harbour Bay Ferry,Noval Reza,3,5 tahun lalu,"Salah satu pelabuhan penyeberangan utama di Batam selain pelabuhan Sekupang. Sebelum pandemi, pelabuhan ini sangat ramai baik oleh penumpang maupu oleh aktivitas bisnis dan wisata. Namun setelah pandemi, layanan pelabuhan ini sepeti kolaps, servis tetap berjalan namun sangat minim. Penerangan kurang, eskalator mati (mgkin utk penghematan) and the worse is toilet, jorok, rusak & tidak ada petugas yg membersihkan (yes, the 3 star is for the toilet). Oh ya..selama pandemi jadwal penyeberangan ke TBK menjadi 3 kali sehari yaitu jam 09.00, 15.00 dan 17.00.",False,True,2026-10-08 20:49:46
Harbour Bay,Harbour Bay Ferry,Awan Cerah,5,5 tahun lalu,Ongkos ramah dikantong 😁,True,True,2026-10-08 20:49:46
Harbour Bay,Harbour Bay Ferry,Budi Setiawan,5,7 tahun lalu,Pelabuhan dgn aktifitas lumayan sibuk dengan melayani rute ke domestik dan international. Saya sendiri melakukan perjalanan dari Tanjungbalai Karimun ke Batam lanjut menggunakan pesawat ke Jakarta dan Semarang.,False,True,2026-10-08 20:49:46
Harbour Bay,Harbour Bay Ferry,Fitrah Ariadi,3,setahun lalu,Tolong beri Sign diluar atau dibawah marriot biar mudah cari tempatnya!,False,False,2026-10-08 20:49:46
Harbour Bay,Harbour Bay Ferry,ikan hiu,5,6 tahun lalu,"Salah satu pelabuhan internasional terbaik yang dimiliki oleh Batam ini. tempat sangat bersih, parkiran juga sangat luas, serta terdapat banyak sekali tempat kuliner,oleh oleh ataupun tempat bersantai minum kopi sejenak sebelum berangkat atau pergi dan tempat pelabuhan ini tidaklah padat pengunjung keluar masuk, boleh dibilang terkadang sepi. untuk kekurangannya saya berharap lebih baik dan baik lagi, baik segi pelayanan ataupun yang , leboh ditingkatkan. hehehe",False,True,2026-10-08 20:49:46
Harbour Bay,Harbour Bay Ferry,INSPIRASI ALAM,3,6 tahun lalu,"Tempatnya santai, ditepi laut",True,True,2026-10-08 20:49:46
Harbour Bay,Harbour Bay Ferry,Aang Gunawan,4,7 tahun lalu,Pelabuhan penumpang yang maau ke singapura,True,True,2026-10-08 20:49:46
Harbour Bay,Harbour Bay Ferry,Kivlan Zein,1,8 tahun lalu,Tempat ini ojek pangkalannya tdk ramah dgn penumpang aplagi dgn penumpang yg memakai jasa angkutan online...kalau kasi harga seenaknya...mahalnya selangit tlong di tertibkan opangnya,False,False,2026-10-08 20:49:46
Harbour Bay,Harbour Bay Ferry,Hey its MA,1,5 tahun lalu,"Bagus tapi petugas covid nya nyolot nauzubillah saat saya menanyakan surat edaran yang menyatakan anak di bawah umur 10 tahun wajib melampirkan surat kesehatan. Petugas menjawab; menanyakan surat edaran biar apa? Biar pintar ?. Disuruh ke agen tiket minta surat kesehatan untuk ponakan umur 9 tahun. Sudah ke agen tiket berkali kali tapi agen tiket nya menginformasi bahwa itu tidak benar, anak di atas 10 tahun baru wajib surat kesehatan. Sebelumnya keluar masuk batam dalam waktu dekat tidak ada masalah kecuali hari ini. Lucu nya petugas covid tidak bisa menjawab dan semakin nyolot kalo tidak ada surat tidak boleh keluar Batam naik ferry sampe manggil security untuk handle kita padahal saya cuma menanyakan surat edaran & menyampaikan informasi dari agen tiket. Security menyarankan ikutin saja perintah petugas covid. Agen tiket terpaksa menuliskan data ponakan saya tanpa cek tensi untuk mengeluarkan surat kesehatan demi mempercepat keadaan karena takut di tinggal kapal. Saya lupa nama petugas nya siapa. Tapi 2 perempuan yang satu pake kacamata yang paling nyolot yang bertugas hari ini tanggal 26/04/21 pukul siang. Buat yang berpergian dengan anak di bawah 10 tahun, saya sarankan untuk mengumpulkan bukti edaran yang menyatakan anak di bawah 10 tahun wajib surat kesehatan saat hendak keluar area pulau batam. Jika suatu saat terjadi atau bertemu dengan petugas covid yang sama, bisa sebagai bukti.",False,True,2026-10-08 20:49:46
Harbour Bay,Harbour Bay Ferry,Bibin Manalu,5,Diedit 5 tahun lalu,"Keren tempat nya bagus, cuman mall nya dah mati dan juga jauh kalau mau ambil grab atau gojek dari pelabuhan",False,True,2026-10-08 20:49:46
Harbour Bay,Harbour Bay Ferry,Andhika Utama,5,5 tahun lalu,Melayani kapal dengan rute batam - tg balai karimun. Akses ke kota yang dekat dan berada di komplek yg super lengkap,False,True,2026-10-08 20:49:46
Harbour Bay,Harbour Bay Ferry,Everdineone Kambey,4,9 tahun lalu,"Beda banget dengan keteraturan di Spore,.. disiplin, teratur, kebersihan,.. blom bgt bagus Pelayanan wheelchair baik orang nya",True,True,2026-10-08 20:49:46
Harbour Bay,Harbour Bay Ferry,Fyntia Warouw,4,8 tahun lalu,"Lumayan bersih dan besar. Bagian depannya jg mulai ditata bagus. Cari taxi gampang, hotel bisa lsg jalan kaki.",False,True,2026-10-08 20:49:46
Harbour Bay,Harbour Bay Ferry,Muhammad Frederiyk,5,5 tahun lalu,Suka view seberang nya,True,True,2026-10-08 20:49:46
Harbour Bay,Harbour Bay Ferry,Yaakesanakesini.,5,2 tahun lalu,Beli tiketnya mudah. Tempat nunggunya juga nyaman. Masuk ke kapalnya juga ga rebutan.,False,True,2026-10-08 20:49:46
Harbour Bay,Harbour Bay Ferry,The Baking Republic,4,8 tahun lalu,"Paling enak nyebrang ke SG lewat Harbour Bay, parkiran luas dan gak rebutan. Lebih nyaman dan gak pake antrian mengular yang sangat lama.",False,True,2026-10-08 20:49:46
Harbour Bay,Harbour Bay Ferry,Irmantoni Piliang,5,3 tahun lalu,Pelabuhan ferry habourbay melayani tujuan : Singapore Tanjung balai karimun Tembilahan,False,True,2026-10-08 20:49:46
Harbour Bay,Harbour Bay Ferry,Azis Aemo,5,3 tahun lalu,Salah satu pelabuhan ferry terbaik dikota batam yang bersih & tertata rapi.,False,True,2026-10-08 20:49:46
Harbour Bay,Harbour Bay Ferry,Syarif Hidayat,1,6 tahun lalu,"TOLOL,,,, pelabuhan tapi gak ada kapal laut buat nyebrang. Mending ke Sekupang",False,True,2026-10-08 20:49:46
Harbour Bay,Harbour Bay Ferry,Roy M G,4,5 tahun lalu,Karena covid dan penyebrangan ke Malaysia dan Singapura ditutup jadi sepi,False,True,2026-10-08 20:49:46
Harbour Bay,Harbour Bay Ferry,Agus Sapitra,1,4 tahun lalu,Pelabuhannya elegan,True,True,2026-10-08 20:49:46
Harbour Bay,Harbour Bay Ferry,Yosi Charly,3,8 tahun lalu,Penumpang ga diizinin masuk keruang tunggu sampe kapalnya udah nyandar di pelabuhan,False,True,2026-10-08 20:49:46
Harbour Bay,Harbour Bay Ferry,ros daeli,5,8 tahun lalu,"Lumayan bagus, bersih, dan banyak jajanan oleh2 gitu. Kesini bisa pake taksi atau transBatam",False,True,2026-10-08 20:49:46
Harbour Bay,Harbour Bay Ferry,Bettan Kiyai Padang,5,3 tahun lalu,Pelabuhan utk menyeberang ke Singapore dan Malaysia sert ke Karimun,False,True,2026-10-08 20:49:46
Harbour Bay,Harbour Bay Ferry,ᄅ ᄐ ᄂ ᄆ,5,5 tahun lalu,Sayang taksi online tak bisa jemput penumpang didalam lokasi,False,True,2026-10-08 20:49:46
Harbour Bay,Harbour Bay Ferry,Kristi Yono,5,5 tahun lalu,Mau ke Tanjung Balai Jarimun..masih teringat ama harbour bay,False,False,2026-10-08 20:49:46
Harbour Bay,Harbour Bay Ferry,Dilla fadilla,4,Diedit 8 tahun lalu,Ruang tunggu di dalam lebih bagus. Petunjuk arah kurang jd adikiy agak bingung bagivyg prtma kali,True,True,2026-10-08 20:49:46
Harbour Bay,Harbour Bay Ferry,yudhi wiratama,4,5 tahun lalu,Representatif dan menu makanan seafoodnya cukup lengkap,False,True,2026-10-08 20:49:46
Harbour Bay,Harbour Bay Ferry,Shiro Gaming,4,7 tahun lalu,Tempat bgus.. Cma belum sempurna.. Ad sebagian bangunan blm selesai,False,True,2026-10-08 20:49:46
Harbour Bay,Harbour Bay Ferry,Team 168 body conversion solo,5,5 tahun lalu,Tempatnya bagus dan ramah tamah penduduknya,False,True,2026-10-08 20:49:46
Harbour Bay,Harbour Bay Ferry,muhamad athar,5,3 tahun lalu,Pelabuhannya bagus sekali kayk di singapur,False,False,2026-10-08 20:49:46
Harbour Bay,Harbour Bay Ferry,puput handayani,1,setahun lalu,Lantai 2 nya panas,False,False,2026-10-08 20:49:46
Harbour Bay,Harbour Bay Ferry,Listy Wijono,4,8 tahun lalu,Sangat menyenangkan kalau mau menyeberang ke pulau pulau di sekitar Pulau Batam,False,True,2026-10-08 20:49:46
Harbour Bay,Harbour Bay Ferry,MAS TRIMBLE Channel,5,7 tahun lalu,Pelabuhan domestik dibatam yang banyak digunakan oleh turis lokal dan luar negeri,False,True,2026-10-08 20:49:46
Harbour Bay,Harbour Bay Ferry,Fardhan Aqib,5,2 tahun lalu,Cepat dan nyaman,True,True,2026-10-08 20:49:46
Harbour Bay,Harbour Bay Ferry,Kamila Gemstone,5,7 tahun lalu,Sore hari suasanya lebih adem.. dengan pemandangan lampu2 restoran juga hotel..,False,True,2026-10-08 20:49:46
Harbour Bay,Harbour Bay Ferry,thoms studio,5,5 tahun lalu,Pelabuhan yang bagus. Rapih. Nyaman,False,True,2026-10-08 20:49:46
Harbour Bay,Harbour Bay Ferry,Hendro Sairin,5,5 tahun lalu,"View bagus, makanan enak",False,True,2026-10-08 20:49:46
Harbour Bay,Harbour Bay Ferry,MAS SUY,5,2 tahun lalu,Kereen bersih mewah tertib,False,True,2026-10-08 20:49:46
Harbour Bay,Harbour Bay Ferry,Jusak Hartono,3,9 tahun lalu,ok lah....cuma bingungin untuk yg pertama tentang pake ferry.,False,True,2026-10-08 20:49:46
Harbour Bay,Harbour Bay Ferry,Yanto Overseas,4,7 tahun lalu,Pelabuhan laut yg nyaman dan mudah dijangkau,False,True,2026-10-08 20:49:46
Harbour Bay,Harbour Bay Ferry,Fitria Apriyani,5,setahun lalu,Bagus. Akses dekat,False,True,2026-10-08 20:49:46
Harbour Bay,Harbour Bay Ferry,arsip garden,4,Diedit 8 tahun lalu,Pelabuhan ferry yang cukup besar tetapi sepi.,False,True,2026-10-08 20:49:46
Harbour Bay,Harbour Bay Ferry,Dafit Yansen,5,2 tahun lalu,Tempat asri dan bersih,False,True,2026-10-08 20:49:46
Harbour Bay,Harbour Bay Ferry,Ferri Aguswan,4,8 tahun lalu,Pelabuhannya sudah tertata dengan baik.,False,True,2026-10-08 20:49:46
Harbour Bay,Harbour Bay Ferry,I Made Kasa Astawa,5,3 tahun lalu,Banyak restaurant dan hotel di area ini,False,True,2026-10-08 20:49:46
Harbour Bay,Harbour Bay Ferry,Afidzman,5,5 tahun lalu,Sudah sangat baik dari sebelumnya,False,True,2026-10-08 20:49:46
Harbour Bay,Harbour Bay Ferry,kenzy ferdano,5,setahun lalu,Mall nya megah,False,False,2026-10-08 20:49:46
Harbour Bay,Harbour Bay Ferry,Andi Yusuf Patrix,5,7 tahun lalu,"Bersih, banyak pilihan untuk kulinernya.",False,True,2026-10-08 20:49:46
Harbour Bay,Harbour Bay Ferry,Aulia Achmad,4,3 tahun lalu,Siip,True,True,2026-10-08 20:49:46
Harbour Bay,Harbour Bay Ferry,Sony Rusli,5,5 tahun lalu,Keren banget deket ama Singapur,False,True,2026-10-08 20:49:46
Harbour Bay,Harbour Bay Ferry,Al Fajri,5,4 tahun lalu,pelabuah international dekat dengan hotel,False,True,2026-10-08 20:49:46
Harbour Bay,Harbour Bay Ferry,Ira Sutanti,5,setahun lalu,Suasananya nyaman,False,True,2026-10-08 20:49:46
Harbour Bay,Harbour Bay Ferry,faris fadia,4,8 tahun lalu,"Pintu gerbang Indonesia,cukup baik dan indonesia bangeett..",False,True,2026-10-08 20:49:46
Harbour Bay,Harbour Bay Ferry,Arif Petualang,4,7 tahun lalu,Pintu masuk keluar pulau Batam ke Singapura,False,True,2026-10-08 20:49:46
Harbour Bay,Harbour Bay Ferry,Sumarno 23,5,4 tahun lalu,👍,False,True,2026-10-08 20:49:46
Harbour Bay,Harbour Bay Ferry,Wiwid Widodo,5,4 tahun lalu,Mak nyuss,False,True,2026-10-08 20:49:46
Harbour Bay,Harbour Bay Ferry,Devi Tinambunan,5,4 tahun lalu,"Keren, elite, bersih",False,True,2026-10-08 20:49:46
Harbour Bay,Harbour Bay Ferry,Didan Wahid,5,setahun lalu,Bagus,False,False,2026-10-08 20:49:46
Harbour Bay,Harbour Bay Ferry,Sunni May,5,4 tahun lalu,Tempatnya cantik,False,True,2026-10-08 20:49:46
Harbour Bay,Harbour Bay Ferry,Yaser Aser,5,3 tahun lalu,👍👍👍,False,True,2026-10-08 20:49:46
Harbour Bay,Harbour Bay Ferry,EKO ADI SAPUTRO,3,4 tahun lalu,Sepi sejak pandemi,False,True,2026-10-08 20:49:46
Harbour Bay,Harbour Bay Ferry,maulani yulian,5,6 tahun lalu,"nyaman, bersih",False,True,2026-10-08 20:49:46
Harbour Bay,Harbour Bay Ferry,Guntur,5,5 tahun lalu,Cukup nyaman,False,False,2026-10-08 20:49:46
Harbour Bay,Harbour Bay Ferry,Rudi Malinta,4,3 tahun lalu,Pelabuhan internasional,False,False,2026-10-08 20:49:46
Harbour Bay,Harbour Bay Ferry,Alifa Safira,4,4 tahun lalu,Tugas pam lebaran,False,False,2026-10-08 20:49:46
Harbour Bay,Harbour Bay Ferry,Zulin Muflihah,3,6 tahun lalu,Nyaman,False,True,2026-10-08 20:49:46
Harbour Bay,Harbour Bay Ferry,uthemo grey,1,8 tahun lalu,Pelayanan kurang ramah,False,False,2026-10-08 20:49:46
Harbour Bay,Harbour Bay Ferry,Gerys Adhanisal,4,9 tahun lalu,Bersih dan Nyaman,False,True,2026-10-08 20:49:46
Harbour Bay,Harbour Bay Ferry,Nurpin Purba,4,7 tahun lalu,"Bagus, dekat dengan mall",False,True,2026-10-08 20:49:46
Harbour Bay,Harbour Bay Ferry,Hendra Tamara,1,7 tahun lalu,Banyak maling di parkiran,False,True,2026-10-08 20:49:46
Harbour Bay,Harbour Bay Ferry,Burhan,5,8 tahun lalu,Pelayaran,False,True,2026-10-08 20:49:46
Harbour Bay,Harbour Bay Ferry,Rully Setyawan,5,8 tahun lalu,Tempat bersih,False,True,2026-10-08 20:49:46
Harbour Bay,Harbour Bay Ferry,Andri Walles Cius,5,8 tahun lalu,rapi dan bersih,False,True,2026-10-08 20:49:46
Harbour Bay,Harbour Bay Ferry,adril syah,1,7 tahun lalu,Transportasinya tidak bebas,False,True,2026-10-08 20:49:46
Harbour Bay,Harbour Bay Ferry,Suaidil Aidil (Aidil),5,3 tahun lalu,Padat,False,True,2026-10-08 20:49:46
Harbour Bay,Harbour Bay Ferry,Suhaibi,5,3 tahun lalu,Joging,False,True,2026-10-08 20:49:46
Harbour Bay,Harbour Bay Ferry,SCNS Family,5,8 tahun lalu,mantap,False,True,2026-10-08 20:49:46
Harbour Bay,Harbour Bay Ferry,PARSAULIAN,4,8 tahun lalu,Keren,False,True,2026-10-08 20:49:46
Harbour Bay,Harbour Bay Ferry,Denny Wingstond,5,8 tahun lalu,Keren dahh,False,True,2026-10-08 20:49:46
Harbour Bay,Harbour Bay Ferry,Edy Susanto,5,Diedit 7 tahun lalu,Batam,False,True,2026-10-08 20:49:46
Harbour Bay,Harbour Bay Ferry,Aries Susanto,5,sebulan lalu,Saya ingin ke pulau nirup. Lewat dari sini. Pelabuhannya lumayan ramai. Bisa juga kesingapore dan malaysia.,True,True,2026-10-08 20:49:46
Harbour Bay,Harbour Bay Ferry,The Wanderer Guy,5,7 bulan lalu,"Salah satu terminal feri yang bagus di Pulau Batam, berpenampilan modern dan terawat dengan baik, terhubung dengan banyak toko dan food court. Diterjemahkan oleh Google ・ Lihat versi asli (Inggris)",True,True,2026-10-08 20:49:46
Harbour Bay,Harbour Bay Ferry,K L CHUA,5,8 tahun lalu,"Tidak terlalu ramai. Saya sangat menyukai Roti'O di sana. Setelah keluar dari feri, ada banyak warung makan yang menjual berbagai macam makanan. Banyak hotel di dekatnya, banyak pilihan yang bisa dijangkau dengan berjalan kaki. Diterjemahkan oleh Google ・ Lihat versi asli (Inggris)",True,True,2026-10-08 20:49:46
Harbour Bay,Harbour Bay Ferry,Alona Kaunang,5,Diedit 3 tahun lalu,"Tempatnya bagus, bersih, dan rapi. Saya datang ke sini pagi-pagi sekitar jam 06.45, jadi tidak terlalu ramai. Diterjemahkan oleh Google ・ Lihat versi asli (Inggris)",True,True,2026-10-08 20:49:46
Harbour Bay,Harbour Bay Ferry,Fanny Tirta Sari,5,3 tahun lalu,"Terminal Feri Harbour Bay adalah salah satu pelabuhan Batam di seluruh pulau. Terletak di dalam mal dan di samping Hotel JW Marriot. Dari sini kita bisa pergi ke Singapura dan Malaysia, Puteri Harbour. Loket tiket terletak di lantai 2 di dalam mal, pastikan untuk mengikuti petunjuk dan rambu, Anda tidak akan tersesat. Untuk keberangkatan pertama di pagi hari, perlu menuju gerbang dekat Starbucks, karena gerbang utama mungkin belum dibuka. Diterjemahkan oleh Google ・ Lihat versi asli (Inggris)",True,True,2026-10-08 20:49:46
Harbour Bay,Harbour Bay Ferry,Roy SADO,5,5 tahun lalu,"Tempat yang bagus untuk singgah dari feri Jeety, karena di dalamnya ada kedai kopi untuk bersantai dan juga dekat dengan hotel.. dan jika Anda datang terlambat ke sini, Anda juga bisa makan di sebelahnya, ada nasi padang dan lain-lain... Diterjemahkan oleh Google ・ Lihat versi asli (Inggris)",True,True,2026-10-08 20:49:46
Harbour Bay,Harbour Bay Ferry,Janice Teo,5,8 tahun lalu,Terminal yang bersih dan dekat dengan pusat kota. Saya suka karena tidak terlalu ramai dan ber-AC dengan nyaman. Kartu SIM dapat ditemukan di terminal. Diterjemahkan oleh Google ・ Lihat versi asli (Inggris),True,True,2026-10-08 20:49:46
Harbour Bay,Harbour Bay Ferry,Noor HezAin,3,7 tahun lalu,"Ada Starbucks untuk menikmati kopi atau sepotong kue sambil menunggu feri Anda. Ada juga pilihan makanan . Di gedung yang sama, Hotel Marriott akan segera beroperasi. Diterjemahkan oleh Google ・ Lihat versi asli (Inggris)",True,True,2026-10-08 20:49:46
Harbour Bay,Harbour Bay Ferry,Willy W,1,8 bulan lalu,"Layanan taksi ini sangat buruk dan tidak dapat diterima. Saya diberi mobil dengan AC yang rusak, yang membuat perjalanan sangat tidak nyaman. Selain itu, pengemudi sama sekali tidak bisa berkomunikasi, sehingga tidak ada cara untuk menjelaskan atau menyelesaikan masalah dengan benar. Jaraknya hanya sedikit lebih jauh, namun pengemudi menaikkan tarif tanpa alasan yang jelas. Tidak ada penjelasan, tidak ada diskusi, tidak ada profesionalisme. Saya merasa dimanfaatkan dan sepenuhnya diabaikan sebagai pelanggan. Ini adalah pengalaman yang membuat frustrasi dan mengecewakan. Saya tidak akan menggunakan layanan ini lagi dan tidak merekomendasikannya kepada siapa pun yang mengharapkan standar layanan dasar dan harga yang jujur. Diterjemahkan oleh Google ・ Lihat versi asli (Inggris)",False,False,2026-10-08 20:49:46
Harbour Bay,Harbour Bay Ferry,Nurawr Oh,2,setahun lalu,"Penumpang yang tidak memiliki tiket kelas bisnis dapat masuk dan naik feri bersama kami. Tidak ada sistem untuk memeriksa tiket dengan benar - buang-buang uang jika Anda membeli tiket Kelas Bisnis untuk memprioritaskan naik feri. Stafnya berantakan dan tidak teratur. Salah satu staf memberi tahu kami (keluarga dengan bayi dan anak kecil) bahwa kami harus duduk di area umum terlebih dahulu, tidak perlu mengantre untuk masuk dulu dan mereka akan memanggil kami untuk memberi tahu kami bahwa kami dapat masuk. Tetapi pada akhirnya tidak ada yang melakukannya dan kami harus bergegas bergabung dengan antrean yang sudah terbentuk. Toko-toko di sana cukup memadai untuk mengisi waktu kami sambil menunggu proses naik feri dimulai. Diterjemahkan oleh Google ・ Lihat versi asli (Inggris)",False,True,2026-10-08 20:49:46
Harbour Bay,Harbour Bay Ferry,MD SUFFRI O,5,9 bulan lalu,Ini pilihan saya dibandingkan dengan terminal feri Batam Centre yang sangat ramai. Di sini lebih sepi dan transaksinya lancar. Diterjemahkan oleh Google ・ Lihat versi asli (Inggris),False,True,2026-10-08 20:49:46
Harbour Bay,Harbour Bay Ferry,Nuur Syafiqah,2,2 tahun lalu,"Ada banyak orang, tetapi tidak ada sistem yang memadai. Kamu yang pintar, tanyakan saja. Kita semua ketinggalan feri karena tidak ada pengumuman yang tepat. Diterjemahkan oleh Google ・ Lihat versi asli (Melayu)",True,True,2026-10-08 20:49:46
Harbour Bay,Harbour Bay Ferry,Tzu-lung Yang,3,8 tahun lalu,"Perjalanan singkat ke Batam (pijat, belanja, makan) dan naik feri kembali ke Singapura! Diterjemahkan oleh Google ・ Lihat versi asli (Tionghoa)",True,True,2026-10-08 20:49:46
Harbour Bay,Harbour Bay Ferry,Dzul Tee,4,8 bulan lalu,Banyak sekali tokonya! Seperti di bandara! Diterjemahkan oleh Google ・ Lihat versi asli (Inggris),True,True,2026-10-08 20:49:46
Harbour Bay,Harbour Bay Ferry,BIG J,4,Diedit 5 tahun lalu,"Bersih dan melihat area terbuka di sekitar, nyaman dengan ruang publik, toko makanan, tempat nongkrong yang bagus, bersepeda dan jogging juga. Diterjemahkan oleh Google ・ Lihat versi asli (Inggris)",True,True,2026-10-08 20:49:46
Harbour Bay,Harbour Bay Ferry,• Bby Rock •,5,Diedit 7 tahun lalu,Suasana nyaman.. banyak fasilitas tersedia di sini ☺️ Diterjemahkan oleh Google ・ Lihat versi asli (Melayu),True,True,2026-10-08 20:49:46
Harbour Bay,Harbour Bay Ferry,strawberryjamm,1,setahun lalu,"Korupsi 🐀 Saya membayar tambahan Rp80.000 untuk bagasi saya. Mereka bilang jika bagasi saya melebihi 20kg, saya harus membayar Rp50.000/kg, jadi saya membayar Rp100.000 dan baru menyadari saya hanya perlu membayar Rp20.000 💀 Hati-hati semuanya! Diterjemahkan oleh Google ・ Lihat versi asli (Inggris)",False,True,2026-10-08 20:49:46
Harbour Bay,Harbour Bay Ferry,Sigit Wahyudi,5,4 tahun lalu,"Tempat yang bagus, jalannya mudah dipahami dan tempat pembelian tiketnya juga mudah. Diterjemahkan oleh Google ・ Lihat versi asli (Inggris)",True,True,2026-10-08 20:49:46
Harbour Bay,Harbour Bay Ferry,Sindy Rahmadani,4,6 tahun lalu,Tempat yang bagus untuk melihat matahari terbenam ✨ Diterjemahkan oleh Google ・ Lihat versi asli (Inggris),True,True,2026-10-08 20:49:46
Harbour Bay,Harbour Bay Ferry,Anatoly Setia,2,setahun lalu,"Ruang tunggu terlalu kecil, tidak layak, dan tidak selalu buka. Layanan imigrasi tidak selalu tersedia. Desain ruang tunggu sangat buruk/bodoh karena mereka menempatkan ruang merokok di dalam ruang tunggu. Asap rokoknya sangat menyengat!! Diterjemahkan oleh Google ・ Lihat versi asli (Inggris)",False,True,2026-10-08 20:49:46
Harbour Bay,Harbour Bay Ferry,WSL,1,setahun lalu,"Penanganan Bea Cukai yang Buruk & Proses Naik Kapal yang Tidak Terorganisir Bea Cukai: Penumpang yang tiba dan berangkat menggunakan koridor luar yang sama tanpa pembatas, sehingga menimbulkan kebingungan. Petugas bea cukai mengelompokkan penumpang yang tiba dalam kelompok sekitar 10 orang untuk dua kali pemeriksaan anjing pelacak sebelum mengizinkan masuk ke imigrasi dalam ruangan. Proses ini terasa tidak efisien dan kurang terkelola dengan baik. Operator Terminal Feri: Area tunggu tidak memiliki layar TV untuk jadwal naik kapal, sehingga menyebabkan kelompok penumpang tercampur. Antrian naik kapal menghalangi penumpang yang sedang menunggu, memperlambat seluruh proses. Pengorganisasian yang buruk mengakibatkan penundaan dan kebingungan yang tidak perlu. Diperlukan manajemen kerumunan yang lebih baik dan tampilan informasi yang jelas. Diterjemahkan oleh Google ・ Lihat versi asli (Inggris)",False,False,2026-10-08 20:49:46
Harbour Bay,Harbour Bay Ferry,Wil,5,2 tahun lalu,"Imigrasi cukup efisien dan cepat. Titik penjemputan Grab agak jauh, terutama jika membawa koper. Saya sarankan belok kiri setelah keluar dari imigrasi dan bea cukai. Jalan kaki 30 detik dan Anda akan sampai di lobi basement hotel Marriott. Naik lift ke lantai 1, pesan Grab Anda, dan bersantai di ruangan ber-AC sambil menunggu penjemputan. Diterjemahkan oleh Google ・ Lihat versi asli (Inggris)",False,True,2026-10-08 20:49:46
Harbour Bay,Harbour Bay Ferry,Jackson Tan,3,3 tahun lalu,Tempat ini menarik. Ada tempat makan setelah prosedur bea cukai. Butuh waktu untuk memproses bagasi dari feri karena mesin pemindai yang sama digunakan untuk bagasi kabin. Ada tempat penukaran mata uang di sini. Pastikan untuk naik taksi keluar dari kompleks. Berjalan kaki keluar dari kompleks membutuhkan waktu cukup lama dan mengarah ke jalan utama yang berbahaya untuk diseberangi. Diterjemahkan oleh Google ・ Lihat versi asli (Inggris),False,True,2026-10-08 20:49:46
Harbour Bay,Harbour Bay Ferry,CHONG BOON KIONG,4,2 tahun lalu,"Salah satu terminal feri menuju Batam. Tidak terlalu berawan. Jadi tidak ada antrian panjang di hari kerja. Terminalnya terawat dengan baik.. banyak warung makan di sekitarnya, ada banyak warung yang menjual kek lapis favorit.. Diterjemahkan oleh Google ・ Lihat versi asli (Inggris)",False,True,2026-10-08 20:49:46
Harbour Bay,Harbour Bay Ferry,Kenrick Lam,4,7 tahun lalu,"Masih dalam tahap pembangunan sehingga beberapa fasilitas belum beroperasi. Cukup banyak pembangunan yang sedang berlangsung di area tersebut, sehingga sebagian besar mal dan hotel yang berada tepat di sebelah terminal belum mulai beroperasi. Lebih tenang daripada Batam Central, sehingga antrean tidak terlalu menjadi masalah. Diterjemahkan oleh Google ・ Lihat versi asli (Inggris)",False,False,2026-10-08 20:49:46
Harbour Bay,Harbour Bay Ferry,Thanh Do Chanel,5,6 tahun lalu,Tempat dengan layanan lengkap. Diterjemahkan oleh Google ・ Lihat versi asli (Vietnam),True,False,2026-10-08 20:49:46
Harbour Bay,Harbour Bay Ferry,Haryanto,3,2 tahun lalu,"Hanya ada 1 operator untuk rute Harbour Front (Singapura) ke Harbour Bay (Batam), jadi tidak terlalu fleksibel. Horizon Fast Ferry selalu mengalami keterlambatan waktu keberangkatan saat berada di Harbour Front (Singapura). Karena lokasinya yang strategis dan dekat dengan hotel tempat saya menginap, saya selalu kembali ke Harbour Bay. Diterjemahkan oleh Google ・ Lihat versi asli (Inggris)",False,True,2026-10-08 20:49:46
Harbour Bay,Harbour Bay Ferry,Abel Brata,5,6 tahun lalu,Pemandangan matahari terbenam yang indah dari area ini. Diterjemahkan oleh Google ・ Lihat versi asli (Inggris),True,True,2026-10-08 20:49:46
Harbour Bay,Harbour Bay Ferry,Eunkyung Son,5,8 tahun lalu,"Saya berkunjung ke sini untuk naik perahu ke Pulau Batam. Tempatnya sangat ramai, penuh dengan orang-orang yang ingin pergi ke Indonesia dan tempat lain. Namun, ada cukup banyak pilihan yang bisa Anda pilih, dengan lebih dari 4 perusahaan perahu yang mengirimkan perahu setiap 15 hingga 30 menit. Sebaiknya pesan tiket terlebih dahulu jika Anda perlu berangkat pagi atau tidak ingin mengantre. Diterjemahkan oleh Google ・ Lihat versi asli (Inggris)",False,True,2026-10-08 20:49:46
Harbour Bay,Harbour Bay Ferry,Hasbullah Ali,2,2 tahun lalu,"Saya terkejut Horizon Ferry tidak menyediakan opsi pembayaran kartu kredit/debit atau QRS. Hanya menerima uang tunai 😂. Saya terburu-buru membeli tiket dengan waktu tersisa 20 menit, jadi saya harus bergegas ke lantai pertama mencari mesin ATM. Untungnya, frekuensi feri mereka di pagi hari adalah setiap 30 menit hingga 1 jam, jadi jika Anda bangun terlambat dan terburu-buru kembali ke Singapura untuk bekerja di pagi hari, ini bisa menjadi pilihan. Tiket feri sekali jalan ke Singapura adalah IDR 515.000. Pembayaran hanya tunai. Diterjemahkan oleh Google ・ Lihat versi asli (Inggris)",False,True,2026-10-08 20:49:46
Harbour Bay,Harbour Bay Ferry,S Q,5,3 tahun lalu,"Saya lebih suka terminal ini daripada Batam Centre. Proses imigrasi modern, ada pusat perbelanjaan yang menjual banyak produk dan makanan lokal. Namun, layanan Grab tidak tersedia di sini. Diterjemahkan oleh Google ・ Lihat versi asli (Inggris)",False,True,2026-10-08 20:49:46
Harbour Bay,Harbour Bay Ferry,Samantha See,3,6 tahun lalu,"Sangat ramai saat akhir pekan. Antriannya terlalu panjang sampai pinggangku mau patah. Pos pemeriksaan imigrasi kecil. AC-nya tidak terlalu bagus. Untungnya musim hujan, jadi tidak terlalu panas. Diterjemahkan oleh Google ・ Lihat versi asli (Inggris)",True,True,2026-10-08 20:49:46
Harbour Bay,Harbour Bay Ferry,Cari Dairy,5,6 tahun lalu,"Ramai di akhir pekan, lebih baik pergi di hari kerja. Proses pemeriksaan cepat, perjalanan feri 30 menit ke Singapura. Terminal bersih dan besar, toko-toko masih mulai terisi. Diterjemahkan oleh Google ・ Lihat versi asli (Inggris)",False,True,2026-10-08 20:49:46
Harbour Bay,Harbour Bay Ferry,Song Hau Fung,5,Diedit 2 tahun lalu,Pengalaman yang luar biasa Diterjemahkan oleh Google ・ Lihat versi asli (Inggris),True,True,2026-10-08 20:49:46
Harbour Bay,Harbour Bay Ferry,Gobi Nath,1,2 tahun lalu,AC di lantai atas masih belum diperbaiki. Pelayanan buruk. Tidak sempat menikmati pemandangan perahu di lantai atas. Sama sekali tidak direkomendasikan. Diterjemahkan oleh Google ・ Lihat versi asli (Inggris),False,False,2026-10-08 20:49:46
Harbour Bay,Harbour Bay Ferry,Ervien Guo,5,2 tahun lalu,Terminal feri yang sangat bagus dan modern. Dapat naik feri dari batam ke depan pelabuhan dan ke stulang laut dan feri lumba-lumba pasir gudang Diterjemahkan oleh Google ・ Lihat versi asli (Inggris),False,True,2026-10-08 20:49:46
Harbour Bay,Harbour Bay Ferry,Dan Summer,5,3 tahun lalu,Pelabuhan feri yang bersih dan modern untuk fasilitas naik dan turun penumpang. Terdapat pusat perbelanjaan kecil. Diterjemahkan oleh Google ・ Lihat versi asli (Inggris),False,True,2026-10-08 20:49:46
Harbour Bay,Harbour Bay Ferry,Amanat Turrohmah,5,7 tahun lalu,"Beberapa bangunan masih dalam perbaikan, tetapi tetap cukup nyaman untuk berbelanja dan menikmati makanan sebelum meninggalkan Batam. Diterjemahkan oleh Google ・ Lihat versi asli (Inggris)",True,True,2026-10-08 20:49:46
Harbour Bay,Harbour Bay Ferry,Fonz Row,4,8 tahun lalu,"Terminal feri ini terlihat menjanjikan jika dibandingkan dengan terminal feri lain di Batam. Ada beberapa proyek yang sedang berlangsung di sini, selain beberapa apartemen dan hotel baru yang sedang dibangun, mereka juga memperluas gedung terminal dengan Starbucks baru dan beberapa toko di dalamnya. Diterjemahkan oleh Google ・ Lihat versi asli (Inggris)",False,True,2026-10-08 20:49:46
Harbour Bay,Harbour Bay Ferry,Shohel,3,3 tahun lalu,Oke Diterjemahkan oleh Google ・ Lihat versi asli (Inggris),True,True,2026-10-08 20:49:46
Harbour Bay,Harbour Bay Ferry,zenzora,5,Diedit 3 tahun lalu,"Tempatnya bagus dan ada mal serta hotel juga di dekatnya, dekat dengan makanan laut dan laut, jadi direkomendasikan untuk para pelancong. Diterjemahkan oleh Google ・ Lihat versi asli (Inggris)",False,True,2026-10-08 20:49:46
Harbour Bay,Harbour Bay Ferry,abu bakar mohd nor,4,3 tahun lalu,"Feri yang lumayan dengan staf yang ramah. Terminal feri di JB Stulang jelek, tapi bagus di Batam. Diterjemahkan oleh Google ・ Lihat versi asli (Inggris)",False,True,2026-10-08 20:49:46
Harbour Bay,Harbour Bay Ferry,D Muralee,4,7 tahun lalu,"New Harbour Bay dengan pusat perbelanjaan, tempat makan, dan akomodasi yang lengkap. Objek wisata baru dengan terminal feri baru pasti menjadi daya tarik utama bagi para pengunjung 😀 Diterjemahkan oleh Google ・ Lihat versi asli (Inggris)",False,True,2026-10-08 20:49:46
Harbour Bay,Harbour Bay Ferry,- AlvinWS -,5,4 tahun lalu,Terminal feri Harbour Bay mulai beroperasi kembali setelah 2 tahun... Diterjemahkan oleh Google ・ Lihat versi asli (Inggris),False,True,2026-10-08 20:49:46
Harbour Bay,Harbour Bay Ferry,Desy Agustina,3,7 tahun lalu,Kurangnya petunjuk. Diterjemahkan oleh Google ・ Lihat versi asli (Melayu),True,True,2026-10-08 20:49:46
Harbour Bay,Harbour Bay Ferry,Tomoyasu Nakamura,3,2 tahun lalu,dan nyaman. Proses boarding dimulai 30 menit sebelumnya. Diterjemahkan oleh Google ・ Lihat versi asli (Jepang),False,True,2026-10-08 20:49:46
Harbour Bay,Harbour Bay Ferry,francis ng,5,4 tahun lalu,"Saya sudah lama tidak ke sana karena COVID-19, tetapi tempat itu masih bagus. Diterjemahkan oleh Google ・ Lihat versi asli (Inggris)",False,True,2026-10-08 20:49:46
Harbour Bay,Harbour Bay Ferry,Ceds B,3,3 tahun lalu,Sedih melihat tempat yang bagus namun terbengkalai dan tidak terawat dengan baik... Diterjemahkan oleh Google ・ Lihat versi asli (Inggris),False,True,2026-10-08 20:49:46
Harbour Bay,Harbour Bay Ferry,Ang Anthony,5,setahun lalu,dapat menggunakan gerbang otomatis dan pelabuhan yang tidak terlalu ramai Diterjemahkan oleh Google ・ Lihat versi asli (Inggris),False,True,2026-10-08 20:49:46
Harbour Bay,Harbour Bay Ferry,Lianmeng Lim,4,8 tahun lalu,"Tempat yang bagus untuk duduk di sini, memandang air, bersantai, dan merasakan semilir angin. Suasana malamnya juga menakjubkan. Diterjemahkan oleh Google ・ Lihat versi asli (Inggris)",False,True,2026-10-08 20:49:46
Harbour Bay,Harbour Bay Ferry,Googly Adventurer,5,7 tahun lalu,"Terminal feri yang sangat bagus. Tampilannya sangat modern, bahkan lebih bagus daripada terminal feri di tepi pelabuhan. Diterjemahkan oleh Google ・ Lihat versi asli (Inggris)",False,True,2026-10-08 20:49:46
Harbour Bay,Harbour Bay Ferry,Kayathri,5,2 tahun lalu,"Perjalanan yang tak terlupakan, sangat ampuh menghilangkan stres, dan Swiss Belhotel bagus. Diterjemahkan oleh Google ・ Lihat versi asli (Inggris)",False,False,2026-10-08 20:49:46
Harbour Bay,Harbour Bay Ferry,Nuruzzaman,5,8 tahun lalu,Tempat yang indah dan mudah untuk berlibur beberapa hari ke tempat yang sejuk dan tenang seperti Batam... Diterjemahkan oleh Google ・ Lihat versi asli (Inggris),True,True,2026-10-08 20:49:46
Harbour Bay,Harbour Bay Ferry,Mahadi Capah,4,4 tahun lalu,"Pelabuhan yang sangat baik, terintegrasi dengan pusat perbelanjaan dan restoran Diterjemahkan oleh Google ・ Lihat versi asli (Inggris)",False,True,2026-10-08 20:49:46
Harbour Bay,Harbour Bay Ferry,A K,5,2 tahun lalu,Sangat praktis 🌹 Diterjemahkan oleh Google ・ Lihat versi asli (Inggris),True,True,2026-10-08 20:49:46
Harbour Bay,Harbour Bay Ferry,Helena Lim,5,11 bulan lalu,Semoga perjalanan Anda aman dan lancar! Diterjemahkan oleh Google ・ Lihat versi asli (Inggris),False,False,2026-10-08 20:49:46
Harbour Bay,Harbour Bay Ferry,Delly Iswandi,4,Diedit 5 tahun lalu,"Tempat yang bagus, bersih, higienis, dan nyaman. Diterjemahkan oleh Google ・ Lihat versi asli (Inggris)",False,True,2026-10-08 20:49:46
Harbour Bay,Harbour Bay Ferry,Emir Dini,5,2 tahun lalu,Sangat modern dan terjangkau untuk bepergian ⛵🚢 Diterjemahkan oleh Google ・ Lihat versi asli (Inggris),False,True,2026-10-08 20:49:46
Harbour Bay,Harbour Bay Ferry,Moe,4,8 tahun lalu,"Terminal feri yang nyaman, lebih sedikit kemacetan, lebih sedikit penumpang, dan perjalanan lebih cepat ke Singapura. Diterjemahkan oleh Google ・ Lihat versi asli (Inggris)",False,True,2026-10-08 20:49:46
Harbour Bay,Harbour Bay Ferry,love ling,5,setahun lalu,,True,True,2026-10-08 20:49:46
Harbour Bay,Harbour Bay Ferry,yume,1,3 tahun lalu,"Saya tidak memiliki rupee Indonesia di kartu VISA saya, jadi saya ditipu dengan menggunakan ringgit Indonesia. Diterjemahkan oleh Google ・ Lihat versi asli (Jepang)",False,True,2026-10-08 20:49:46
Harbour Bay,Harbour Bay Ferry,daniel lee,4,2 tahun lalu,"Hari ini sangat ramai, tetapi para petugas sangat ramah. Diterjemahkan oleh Google ・ Lihat versi asli (Inggris)",False,True,2026-10-08 20:49:46
Harbour Bay,Harbour Bay Ferry,Ayah Mie,5,4 tahun lalu,Ini adalah layanan feri dari Johor Baru ke Pulau Batam Diterjemahkan oleh Google ・ Lihat versi asli (Inggris),False,True,2026-10-08 20:49:46
Harbour Bay,Harbour Bay Ferry,Lkhamsuren Baatarkhuu,3,8 tahun lalu,Banyak area makan dan minum Diterjemahkan oleh Google ・ Lihat versi asli (Inggris),True,True,2026-10-08 20:49:46
Harbour Bay,Harbour Bay Ferry,Iskandar Faiz,4,setahun lalu,,True,True,2026-10-08 20:49:46
Harbour Bay,Harbour Bay Ferry,David Rueda,5,8 tahun lalu,Stasiun feri yang bagus dengan pusat perbelanjaan di dalamnya. Diterjemahkan oleh Google ・ Lihat versi asli (Katalan),False,True,2026-10-08 20:49:46
Harbour Bay,Harbour Bay Ferry,Antoni Qiu,4,8 tahun lalu,Berukuran kecil dengan tata letak yang sederhana dan pusat perbelanjaan di sebelahnya. Diterjemahkan oleh Google ・ Lihat versi asli (Inggris),False,True,2026-10-08 20:49:46
Harbour Bay,Harbour Bay Ferry,ritesh kumar,4,setahun lalu,,True,True,2026-10-08 20:49:46
Harbour Bay,Harbour Bay Ferry,웅스타,5,4 tahun lalu,Ada banyak hal menakjubkan. Diterjemahkan oleh Google ・ Lihat versi asli (Korea),False,True,2026-10-08 20:49:46
Harbour Bay,Harbour Bay Ferry,rosp,4,setahun lalu,Harganya terlalu mahal; tepat waktu itu positif. Diterjemahkan oleh Google ・ Lihat versi asli (Inggris),False,True,2026-10-08 20:49:46
Harbour Bay,Harbour Bay Ferry,Bryan Lee,5,7 tahun lalu,Tertata rapi. Stafnya sopan. Diterjemahkan oleh Google ・ Lihat versi asli (Inggris),False,True,2026-10-08 20:49:46
Harbour Bay,Harbour Bay Ferry,SC SC,5,2 tahun lalu,Bersih dan tidak terlalu ramai. Diterjemahkan oleh Google ・ Lihat versi asli (Inggris),False,True,2026-10-08 20:49:46
Harbour Bay,Harbour Bay Ferry,chinmcis,5,2 tahun lalu,Semakin banyak toko yang dibuka. Diterjemahkan oleh Google ・ Lihat versi asli (Tionghoa),False,True,2026-10-08 20:49:46
Harbour Bay,Harbour Bay Ferry,Pit Gardens,5,8 tahun lalu,Tempat yang bagus dan ada mal yang bagus di seberang jalan. Diterjemahkan oleh Google ・ Lihat versi asli (Inggris),False,True,2026-10-08 20:49:46
Harbour Bay,Harbour Bay Ferry,Gauthami Ramkanna,5,11 bulan lalu,,True,True,2026-10-08 20:49:46
Harbour Bay,Harbour Bay Ferry,Rin,3,8 tahun lalu,Toilet kotor Diterjemahkan oleh Google ・ Lihat versi asli (Inggris),True,True,2026-10-08 20:49:46
Harbour Bay,Harbour Bay Ferry,Hendry Kurniawan,5,4 tahun lalu,Merupakan pengalaman yang menyenangkan menginap di sini. Diterjemahkan oleh Google ・ Lihat versi asli (Inggris),False,True,2026-10-08 20:49:46
Harbour Bay,Harbour Bay Ferry,Novi Triandri,5,6 tahun lalu,"Pengalaman di Johor Bahru, Malaysia Diterjemahkan oleh Google ・ Lihat versi asli (Melayu)",False,True,2026-10-08 20:49:46
Harbour Bay,Harbour Bay Ferry,Iqbal Fauzan,4,8 tahun lalu,Tempat ini kekurangan fasilitas umum seperti toilet dan ruang sholat. Diterjemahkan oleh Google ・ Lihat versi asli (Inggris),False,True,2026-10-08 20:49:46
Harbour Bay,Harbour Bay Ferry,Midas,5,6 tahun lalu,salah satu pelabuhan untuk menuju Singapura Diterjemahkan oleh Google ・ Lihat versi asli (Inggris),False,True,2026-10-08 20:49:46
Harbour Bay,Harbour Bay Ferry,Nieza Hussin,4,3 tahun lalu,Tidak ada lift untuk orang tua Diterjemahkan oleh Google ・ Lihat versi asli (Inggris),False,True,2026-10-08 20:49:46
Harbour Bay,Harbour Bay Ferry,Mark Lee,4,7 tahun lalu,Akhirnya direnovasi setelah beberapa tahun Diterjemahkan oleh Google ・ Lihat versi asli (Inggris),False,True,2026-10-08 20:49:46
Harbour Bay,Harbour Bay Ferry,Al Gio,5,Diedit 3 tahun lalu,Sangat bagus Diterjemahkan oleh Google ・ Lihat versi asli (Inggris),False,True,2026-10-08 20:49:46
Harbour Bay,Harbour Bay Ferry,sity munawadri,5,11 bulan lalu,Bagus Diterjemahkan oleh Google ・ Lihat versi asli (Inggris),False,True,2026-10-08 20:49:46
Harbour Bay,Harbour Bay Ferry,sonny waseda,1,8 tahun lalu,"Orang-orang tampak bermusuhan di sekitar teluk, pemesanan taksi lokal di sekitar teluk kurang menyenangkan. Diterjemahkan oleh Google ・ Lihat versi asli (Inggris)",False,True,2026-10-08 20:49:46
Harbour Bay,Harbour Bay Ferry,Jatinderpal Singh,5,8 tahun lalu,Pengalaman luar biasa di laut menuju Indonesia Diterjemahkan oleh Google ・ Lihat versi asli (Inggris),False,True,2026-10-08 20:49:46
Harbour Bay,Harbour Bay Ferry,Akhung Berithel Ina,5,7 tahun lalu,Pelabuhan yang sangat nyaman di Singapura Diterjemahkan oleh Google ・ Lihat versi asli (Inggris),False,True,2026-10-08 20:49:46
Harbour Bay,Harbour Bay Ferry,Сзня,4,3 tahun lalu,Baja Diterjemahkan oleh Google ・ Lihat versi asli (Inggris),False,False,2026-10-08 20:49:46
Harbour Bay,Harbour Bay Ferry,Soul Kain,4,8 tahun lalu,Perlu lebih banyak tempat duduk di ruang keberangkatan. Diterjemahkan oleh Google ・ Lihat versi asli (Inggris),False,True,2026-10-08 20:49:46
Harbour Bay,Harbour Bay Ferry,billy kantu88,5,setahun lalu,Salju Diterjemahkan oleh Google ・ Lihat versi asli (Latin),False,True,2026-10-08 20:49:46
Harbour Bay,Harbour Bay Ferry,AGALIVIR Asotnes,4,9 tahun lalu,Sangat bersih dan nyaman Diterjemahkan oleh Google ・ Lihat versi asli (Inggris),False,True,2026-10-08 20:49:46
Harbour Bay,Harbour Bay Ferry,Moch Yoga Pradana,5,4 tahun lalu,Bagus Diterjemahkan oleh Google ・ Lihat versi asli (Inggris),False,True,2026-10-08 20:49:46
Harbour Bay,Harbour Bay Ferry,Wike Sulasty,5,8 tahun lalu,Tempat yang bagus untuk makan makanan laut. Diterjemahkan oleh Google ・ Lihat versi asli (Inggris),False,True,2026-10-08 20:49:46
Harbour Bay,Harbour Bay Ferry,Bachtiar Prada,5,4 tahun lalu,Mantabb,False,True,2026-10-08 20:49:46
Harbour Bay,Harbour Bay Ferry,Adiputra TV,1,8 tahun lalu,Monopoli taksi yang mengerikan dan terlalu mahal di pelabuhan. Diterjemahkan oleh Google ・ Lihat versi asli (Inggris),False,False,2026-10-08 20:49:46
Harbour Bay,Harbour Bay Ferry,Ken D.,4,5 tahun lalu,Pemandangan yang luar biasa! Diterjemahkan oleh Google ・ Lihat versi asli (Inggris),False,True,2026-10-08 20:49:46
Harbour Bay,Harbour Bay Ferry,Sarabjit Singh,5,7 tahun lalu,Pengalaman naik feri yang luar biasa di laut. Diterjemahkan oleh Google ・ Lihat versi asli (Inggris),False,True,2026-10-08 20:49:46
Harbour Bay,Harbour Bay Ferry,Mhd Syafrizal,5,4 tahun lalu,Oke Diterjemahkan oleh Google ・ Lihat versi asli (Inggris),False,True,2026-10-08 20:49:46
Harbour Bay,Harbour Bay Ferry,Ken Huang,4,3 tahun lalu,Makanan berlimpah... Diterjemahkan oleh Google ・ Lihat versi asli (Inggris),False,True,2026-10-08 20:49:46
Harbour Bay,Harbour Bay Ferry,Pak Cik,5,7 tahun lalu,Aku sangat menyukai tempat ini... Diterjemahkan oleh Google ・ Lihat versi asli (Inggris),False,True,2026-10-08 20:49:46
Harbour Bay,Harbour Bay Ferry,Hanzz,5,2 tahun lalu,,True,True,2026-10-08 20:49:46
Harbour Bay,Harbour Bay Ferry,Ben Chor,4,7 tahun lalu,"Tempat baru, tidak banyak orang. Diterjemahkan oleh Google ・ Lihat versi asli (Inggris)",False,True,2026-10-08 20:49:46
Harbour Bay,Harbour Bay Ferry,yunitadwp,5,6 tahun lalu,,True,True,2026-10-08 20:49:46
Harbour Bay,Harbour Bay Ferry,Johan Batam,5,7 tahun lalu,"Mal, hotel, dan terminal feri terintegrasi. Diterjemahkan oleh Google ・ Lihat versi asli (Inggris)",False,True,2026-10-08 20:49:46
Harbour Bay,Harbour Bay Ferry,jorch Ang,3,8 tahun lalu,Loket pelayanannya mudah ditemukan. Diterjemahkan oleh Google ・ Lihat versi asli (Inggris),False,True,2026-10-08 20:49:46
Harbour Bay,Harbour Bay Ferry,Jenny Loi,4,8 tahun lalu,Tempatnya cukup bagus. Diterjemahkan oleh Google ・ Lihat versi asli (Inggris),False,False,2026-10-08 20:49:46
Harbour Bay,Harbour Bay Ferry,Echa Nanang,5,5 tahun lalu,,True,False,2026-10-08 20:49:46
Harbour Bay,Harbour Bay Ferry,Halim Ishnan,5,2 tahun lalu,Cantik Diterjemahkan oleh Google ・ Lihat versi asli (Inggris),False,True,2026-10-08 20:49:46
Harbour Bay,Harbour Bay Ferry,Zainal Arifin,4,5 tahun lalu,Keluar untuk menyegarkan diri Diterjemahkan oleh Google ・ Lihat versi asli (Inggris),False,True,2026-10-08 20:49:46
Harbour Bay,Harbour Bay Ferry,Loganathank Logu,4,setahun lalu,Super,False,False,2026-10-08 20:49:46
Harbour Bay,Harbour Bay Ferry,Md Mohsin Khan,4,6 tahun lalu,Tempat yang sangat keren Diterjemahkan oleh Google ・ Lihat versi asli (Inggris),False,True,2026-10-08 20:49:46
Harbour Bay,Harbour Bay Ferry,SAFRI EFENDI,5,3 tahun lalu,Oh Diterjemahkan oleh Google ・ Lihat versi asli (Somalia),False,True,2026-10-08 20:49:46
Harbour Bay,Harbour Bay Ferry,teguh tyono,4,3 tahun lalu,,True,True,2026-10-08 20:49:46
Harbour Bay,Harbour Bay Ferry,Srinivasan V,5,3 tahun lalu,Besar Diterjemahkan oleh Google ・ Lihat versi asli (Inggris),False,True,2026-10-08 20:49:46
Harbour Bay,Harbour Bay Ferry,fathur rahman,5,3 tahun lalu,,True,False,2026-10-08 20:49:46
Harbour Bay,Harbour Bay Ferry,Budi Santosa,5,3 tahun lalu,Bagus Diterjemahkan oleh Google ・ Lihat versi asli (Inggris),False,True,2026-10-08 20:49:46
Harbour Bay,Harbour Bay Ferry,Moving Clouds,4,3 tahun lalu,Pilihan bagus Diterjemahkan oleh Google ・ Lihat versi asli (Inggris),False,True,2026-10-08 20:49:46
Harbour Bay,Harbour Bay Ferry,marno chen,4,4 tahun lalu,Bagus Diterjemahkan oleh Google ・ Lihat versi asli (Inggris),False,True,2026-10-08 20:49:46
Harbour Bay,Harbour Bay Ferry,pragnesh virani,4,8 tahun lalu,Secara keseluruhan bagus! Diterjemahkan oleh Google ・ Lihat versi asli (Inggris),False,True,2026-10-08 20:49:46
Harbour Bay,Harbour Bay Ferry,steve tjan,3,7 tahun lalu,Butuh lebih banyak daya tarik Diterjemahkan oleh Google ・ Lihat versi asli (Inggris),False,True,2026-10-08 20:49:46
Harbour Bay,Harbour Bay Ferry,Totok Pranoto,5,6 tahun lalu,,True,True,2026-10-08 20:49:46
Harbour Bay,Harbour Bay Ferry,afdal munarse,5,3 tahun lalu,Bagus Diterjemahkan oleh Google ・ Lihat versi asli (Inggris),False,True,2026-10-08 20:49:46
Harbour Bay,Harbour Bay Ferry,Yuza Muhammad,5,4 tahun lalu,Terminal Feri Internasional Diterjemahkan oleh Google ・ Lihat versi asli (Inggris),False,True,2026-10-08 20:49:46
Harbour Bay,Harbour Bay Ferry,07_kusrini,4,5 tahun lalu,,True,True,2026-10-08 20:49:46
Harbour Bay,Harbour Bay Ferry,Mela,4,6 tahun lalu,👍👍👍👍❤️,False,True,2026-10-08 20:49:46
Harbour Bay,Harbour Bay Ferry,riyan aprizal,5,4 tahun lalu,,True,True,2026-10-08 20:49:46
Harbour Bay,Harbour Bay Ferry,Syarfin Saragih,4,3 tahun lalu,Menyukai Diterjemahkan oleh Google ・ Lihat versi asli (Inggris),False,True,2026-10-08 20:49:46
Harbour Bay,Harbour Bay Ferry,West Point,4,3 tahun lalu,Bagus Diterjemahkan oleh Google ・ Lihat versi asli (Inggris),False,True,2026-10-08 20:49:46
Harbour Bay,Harbour Bay Ferry,Shebud Caem,5,9 tahun lalu,,True,True,2026-10-08 20:49:46
Harbour Bay,Harbour Bay Ferry,Jogi Oktavianus,5,setahun lalu,Besar Diterjemahkan oleh Google ・ Lihat versi asli (Inggris),False,False,2026-10-08 20:49:46
Harbour Bay,Harbour Bay Ferry,Jonson Tamba,4,6 tahun lalu,Oke Diterjemahkan oleh Google ・ Lihat versi asli (Inggris),False,True,2026-10-08 20:49:46
Harbour Bay,Harbour Bay Ferry,Christien Monica,5,8 tahun lalu,Terminal feri yang bagus Diterjemahkan oleh Google ・ Lihat versi asli (Inggris),False,True,2026-10-08 20:49:46
Harbour Bay,Harbour Bay Ferry,Steve DM G,3,7 tahun lalu,Bagus dan bersih Diterjemahkan oleh Google ・ Lihat versi asli (Inggris),False,True,2026-10-08 20:49:46
Harbour Bay,Harbour Bay Ferry,ellen little,4,Diedit 7 tahun lalu,Suka itu Diterjemahkan oleh Google ・ Lihat versi asli (Inggris),False,True,2026-10-08 20:49:46
Harbour Bay,Harbour Bay Ferry,THOMSON TAN,3,7 tahun lalu,Betapa indahnya pemandangan matahari terbenam! Diterjemahkan oleh Google ・ Lihat versi asli (Tionghoa),False,True,2026-10-08 20:49:46
Harbour Bay,Harbour Bay Ferry,Namdev Krishna,4,7 tahun lalu,Tempat yang indah Diterjemahkan oleh Google ・ Lihat versi asli (Inggris),False,True,2026-10-08 20:49:46
Harbour Bay,Harbour Bay Ferry,Singgih Eko (Singgih),5,8 tahun lalu,Pelabuhan kelas atas Diterjemahkan oleh Google ・ Lihat versi asli (Inggris),False,True,2026-10-08 20:49:46
Harbour Bay,Harbour Bay Ferry,K. Kumaresan,5,2 tahun lalu,Oke Diterjemahkan oleh Google ・ Lihat versi asli (Inggris),False,False,2026-10-08 20:49:46
Harbour Bay,Harbour Bay Ferry,Mahesh Kumar,5,8 tahun lalu,Tempat-tempat bagus Diterjemahkan oleh Google ・ Lihat versi asli (Inggris),False,True,2026-10-08 20:49:46
Harbour Bay,Harbour Bay Ferry,ariefbudiman uie,5,8 tahun lalu,Membersihkan Diterjemahkan oleh Google ・ Lihat versi asli (Inggris),True,True,2026-10-08 20:49:46
Harbour Bay,Harbour Bay Ferry,Riki Junianto,4,8 tahun lalu,berjalan berjalan Diterjemahkan oleh Google ・ Lihat versi asli (Melayu),False,True,2026-10-08 20:49:46
Harbour Bay,Harbour Bay Ferry,Rudy Prasatio,4,7 tahun lalu,Tempat yang bagus Diterjemahkan oleh Google ・ Lihat versi asli (Inggris),False,True,2026-10-08 20:49:46
Harbour Bay,Harbour Bay Ferry,JK,5,8 tahun lalu,Feri yang bagus Diterjemahkan oleh Google ・ Lihat versi asli (Inggris),False,True,2026-10-08 20:49:46
Harbour Bay,Harbour Bay Ferry,septian putra diana,5,8 tahun lalu,Aku suka 😍😍😍 Diterjemahkan oleh Google ・ Lihat versi asli (Inggris),False,True,2026-10-08 20:49:46
Harbour Bay,Harbour Bay Ferry,Fredy Chandra,5,3 tahun lalu,Bagus Diterjemahkan oleh Google ・ Lihat versi asli (Inggris),False,True,2026-10-08 20:49:46
Harbour Bay,Harbour Bay Ferry,Ahmad Zafrullah,5,8 tahun lalu,Terminal Feri Diterjemahkan oleh Google ・ Lihat versi asli (Inggris),False,True,2026-10-08 20:49:46
Harbour Bay,Harbour Bay Ferry,Mathias Todo Welan,5,8 tahun lalu,Bagus Diterjemahkan oleh Google ・ Lihat versi asli (Inggris),False,True,2026-10-08 20:49:46
Harbour Bay,Harbour Bay Ferry,Salwa Putri,4,8 tahun lalu,Tempat yang bagus Diterjemahkan oleh Google ・ Lihat versi asli (Inggris),False,False,2026-10-08 20:49:46
Harbour Bay,Harbour Bay Ferry,Tam,4,sebulan lalu,Oke pgdg🔁harbour bay lebih cepat Diterjemahkan oleh Google ・ Lihat versi asli (Inggris),True,True,2026-10-08 20:49:46
Harbour Bay,Harbour Bay Ferry,Whoop & Ugo__,5,sebulan lalu,,True,True,2026-10-08 20:49:46
Harbour Bay,Harbour Bay Ferry,D.S,5,2 bulan lalu,👍👍👍👍👍,False,True,2026-10-08 20:49:46
Harbour Bay,Harbour Bay Ferry,Cik Aan,4,2 bulan lalu,,False,True,2026-10-08 20:49:46
Harbour Bay,Harbour Bay Ferry,Muhammad Fadhli,4,2 bulan lalu,,False,True,2026-10-08 20:49:46
Harbour Bay,Harbour Bay Ferry,Satpal Singh,5,3 bulan lalu,,False,True,2026-10-08 20:49:46
Harbour Bay,Harbour Bay Ferry,SUTIKNO,5,3 bulan lalu,,False,True,2026-10-08 20:49:46
Harbour Bay,Harbour Bay Ferry,nengra,1,3 bulan lalu,,False,False,2026-10-08 20:49:46
Harbour Bay,Harbour Bay Ferry,Arwet Raffasya,4,4 bulan lalu,,False,True,2026-10-08 20:49:46
Harbour Bay,Harbour Bay Ferry,Yudhy Wawan,4,5 bulan lalu,,False,True,2026-10-08 20:49:46
Harbour Bay,Harbour Bay Ferry,Nic Lim,5,5 bulan lalu,,False,True,2026-10-08 20:49:46
Harbour Bay,Harbour Bay Ferry,Dani Ubaidillah,5,8 bulan lalu,,False,False,2026-10-08 20:49:46
Harbour Bay,Harbour Bay Ferry,Aura Amalia Saleh 210327,5,8 bulan lalu,,False,False,2026-10-08 20:49:46
Harbour Bay,Harbour Bay Ferry,Togarsianipar Sianipartogar,5,9 bulan lalu,,False,False,2026-10-08 20:49:46
Harbour Bay,Harbour Bay Ferry,Shahri Jumadi,5,9 bulan lalu,,False,True,2026-10-08 20:49:46
Harbour Bay,Harbour Bay Ferry,Fazlur Rahman,5,10 bulan lalu,,False,True,2026-10-08 20:49:46
Harbour Bay,Harbour Bay Ferry,Duan Wijaya,5,10 bulan lalu,,False,True,2026-10-08 20:49:46
Harbour Bay,Harbour Bay Ferry,Vloc bang deef Fredii,5,10 bulan lalu,,False,False,2026-10-08 20:49:46
Harbour Bay,Harbour Bay Ferry,wahyu sulistyo,4,setahun lalu,,False,False,2026-10-08 20:49:46
Harbour Bay,Harbour Bay Ferry,Bryan Liew,3,setahun lalu,,False,True,2026-10-08 20:49:46
Harbour Bay,Harbour Bay Ferry,bang hu,5,setahun lalu,,False,False,2026-10-08 20:49:46
Harbour Bay,Harbour Bay Ferry,Faisal Gazali,4,setahun lalu,,False,True,2026-10-08 20:49:46
Harbour Bay,Harbour Bay Ferry,Della Aprilia Balqista,5,setahun lalu,,False,False,2026-10-08 20:49:46
Harbour Bay,Harbour Bay Ferry,Raguram p,5,setahun lalu,,False,True,2026-10-08 20:49:46
Harbour Bay,Harbour Bay Ferry,Handy Ong,5,setahun lalu,,False,True,2026-10-08 20:49:46
Harbour Bay,Harbour Bay Ferry,Yovi Pratama,5,setahun lalu,,False,True,2026-10-08 20:49:46
Harbour Bay,Harbour Bay Ferry,Victor Koay,4,setahun lalu,,False,True,2026-10-08 20:49:46
Harbour Bay,Harbour Bay Ferry,zul adam,3,setahun lalu,,False,True,2026-10-08 20:49:46
Harbour Bay,Harbour Bay Ferry,thierry,5,setahun lalu,,False,True,2026-10-08 20:49:46
Harbour Bay,Harbour Bay Ferry,Agus Irawan,5,setahun lalu,,False,True,2026-10-08 20:49:46
Harbour Bay,Harbour Bay Ferry,Indra Kurniawan,5,setahun lalu,,False,False,2026-10-08 20:49:46
Harbour Bay,Harbour Bay Ferry,Leo Ade Putra,5,setahun lalu,,False,True,2026-10-08 20:49:46
Harbour Bay,Harbour Bay Ferry,Wahyu Priyambodo,5,setahun lalu,,False,True,2026-10-08 20:49:46
Harbour Bay,Harbour Bay Ferry,Kept Sulhan PZMTS,5,setahun lalu,,False,False,2026-10-08 20:49:46
Harbour Bay,Harbour Bay Ferry,Dedy Tan,4,setahun lalu,,False,True,2026-10-08 20:49:46
Harbour Bay,Harbour Bay Ferry,Sri Pratiwi,5,setahun lalu,,False,True,2026-10-08 20:49:46
Harbour Bay,Harbour Bay Ferry,Mohamad Luqmanulhakim Bin Mohamad Sanusi,5,setahun lalu,,False,True,2026-10-08 20:49:46
Harbour Bay,Harbour Bay Ferry,brema fernando,5,setahun lalu,,False,False,2026-10-08 20:49:46
Harbour Bay,Harbour Bay Ferry,Nazeri Yacob,5,setahun lalu,,False,True,2026-10-08 20:49:46
Harbour Bay,Harbour Bay Ferry,Mohd Ruzz,5,setahun lalu,,False,True,2026-10-08 20:49:46
Harbour Bay,Harbour Bay Ferry,Miftahul sudur Sudur,5,setahun lalu,,False,False,2026-10-08 20:49:46
Harbour Bay,Harbour Bay Ferry,budi yono,5,setahun lalu,,False,True,2026-10-08 20:49:46
Harbour Bay,Harbour Bay Ferry,Hanung Adittya Aristyatama,5,setahun lalu,,False,True,2026-10-08 20:49:46
Harbour Bay,Harbour Bay Ferry,Aruz Tom Cruzz,3,setahun lalu,,False,True,2026-10-08 20:49:46
Harbour Bay,Harbour Bay Ferry,Yadav,5,setahun lalu,,False,True,2026-10-08 20:49:46
Harbour Bay,Harbour Bay Ferry,MaiMai Hamzah,5,Diedit setahun lalu,,False,True,2026-10-08 20:49:46
Harbour Bay,Harbour Bay Ferry,Neo Dennis,5,setahun lalu,,False,True,2026-10-08 20:49:46
Harbour Bay,Harbour Bay Ferry,Chan Manda,5,2 tahun lalu,,False,True,2026-10-08 20:49:46
Harbour Bay,Harbour Bay Ferry,Kartika Dwi Wijayanti,4,2 tahun lalu,,False,False,2026-10-08 20:49:46
Harbour Bay,Harbour Bay Ferry,yogesh verma,4,2 tahun lalu,,False,True,2026-10-08 20:49:46
Harbour Bay,Harbour Bay Ferry,Cak Hadi Al-Faqiir,5,2 tahun lalu,,False,True,2026-10-08 20:49:46
Harbour Bay,Harbour Bay Ferry,bk ng,4,2 tahun lalu,,False,True,2026-10-08 20:49:46
Harbour Bay,Harbour Bay Ferry,Jusman Jusman,4,2 tahun lalu,,False,False,2026-10-08 20:49:46
Harbour Bay,Harbour Bay Ferry,Darmi Aryana,5,2 tahun lalu,,False,True,2026-10-08 20:49:46
Harbour Bay,Harbour Bay Ferry,Muhammad Zakky Azhari,4,2 tahun lalu,,False,True,2026-10-08 20:49:46
Harbour Bay,Harbour Bay Ferry,Aisyah Aini,5,2 tahun lalu,,False,False,2026-10-08 20:49:46
Harbour Bay,Harbour Bay Ferry,Talenta Tarigan,5,2 tahun lalu,,False,True,2026-10-08 20:49:46
Harbour Bay,Harbour Bay Ferry,Sudriyanta Wiwid,5,2 tahun lalu,,False,True,2026-10-08 20:49:46
Harbour Bay,Harbour Bay Ferry,Ramanathan Durai,5,2 tahun lalu,,False,True,2026-10-08 20:49:46
Harbour Bay,Harbour Bay Ferry,Fahmi Pratama,5,2 tahun lalu,,False,True,2026-10-08 20:49:46
Harbour Bay,Harbour Bay Ferry,yuni nadhifah,5,2 tahun lalu,,False,True,2026-10-08 20:49:46
Harbour Bay,Harbour Bay Ferry,Puji Astika,5,2 tahun lalu,,False,True,2026-10-08 20:49:46
Harbour Bay,Harbour Bay Ferry,Hendri,4,3 tahun lalu,,False,True,2026-10-08 20:49:46
Harbour Bay,Harbour Bay Ferry,Sadish Suresh,5,3 tahun lalu,,False,True,2026-10-08 20:49:46
Harbour Bay,Harbour Bay Ferry,Bobo Bobo,5,3 tahun lalu,,False,True,2026-10-08 20:49:46
Harbour Bay,Harbour Bay Ferry,Hao Yun Padoma,4,3 tahun lalu,,False,True,2026-10-08 20:49:46
Harbour Bay,Harbour Bay Ferry,Kelvin Lee,3,3 tahun lalu,,False,True,2026-10-08 20:49:46
Harbour Bay,Harbour Bay Ferry,Elti,5,3 tahun lalu,,False,False,2026-10-08 20:49:46
Harbour Bay,Harbour Bay Ferry,Rajesh Rajamanikam,4,3 tahun lalu,,False,True,2026-10-08 20:49:46
Harbour Bay,Harbour Bay Ferry,Hartati Tati,5,3 tahun lalu,,False,True,2026-10-08 20:49:46
Harbour Bay,Harbour Bay Ferry,Fernando Sitompul,5,3 tahun lalu,,False,True,2026-10-08 20:49:46
Harbour Bay,Harbour Bay Ferry,Man Jb My (Man Jb),5,3 tahun lalu,,False,True,2026-10-08 20:49:46
Harbour Bay,Harbour Bay Ferry,Selamat Mohamed,5,3 tahun lalu,,False,True,2026-10-08 20:49:46
Harbour Bay,Harbour Bay Ferry,Pujiati,5,3 tahun lalu,,False,False,2026-10-08 20:49:46
Harbour Bay,Harbour Bay Ferry,Edy Handoko,4,3 tahun lalu,,False,True,2026-10-08 20:49:46
Harbour Bay,Harbour Bay Ferry,Resa Anasto,4,3 tahun lalu,,False,True,2026-10-08 20:49:46
Harbour Bay,Harbour Bay Ferry,sabari deepak,5,3 tahun lalu,,False,False,2026-10-08 20:49:46
Harbour Bay,Harbour Bay Ferry,Iskandar Kandar,5,3 tahun lalu,,False,True,2026-10-08 20:49:46
Harbour Bay,Harbour Bay Ferry,A I,5,3 tahun lalu,,False,True,2026-10-08 20:49:46
Harbour Bay,Harbour Bay Ferry,andri wijaya,5,3 tahun lalu,,False,True,2026-10-08 20:49:46
Harbour Bay,Harbour Bay Ferry,jojok supojo,5,3 tahun lalu,,False,True,2026-10-08 20:49:46
Harbour Bay,Harbour Bay Ferry,Rahmat Akbar,5,3 tahun lalu,,False,True,2026-10-08 20:49:46
Harbour Bay,Harbour Bay Ferry,Sahrul Hayrul,5,3 tahun lalu,,False,False,2026-10-08 20:49:46
Harbour Bay,Harbour Bay Ferry,Aaron Choi,3,3 tahun lalu,,False,True,2026-10-08 20:49:46
Harbour Bay,Harbour Bay Ferry,Widi Ramdani,4,3 tahun lalu,,False,True,2026-10-08 20:49:46
Harbour Bay,Harbour Bay Ferry,MUHAMMAD AMIN,5,3 tahun lalu,,False,True,2026-10-08 20:49:46
Harbour Bay,Harbour Bay Ferry,Ben,4,3 tahun lalu,,False,True,2026-10-08 20:49:46
Harbour Bay,Harbour Bay Ferry,Abdi Irawan,5,3 tahun lalu,,False,False,2026-10-08 20:49:46
Harbour Bay,Harbour Bay Ferry,Indra Blitar,5,3 tahun lalu,,False,False,2026-10-08 20:49:46
Harbour Bay,Harbour Bay Ferry,أبو آية احمد بن محمد أبو طحال,5,3 tahun lalu,,False,True,2026-10-08 20:49:46
Harbour Bay,Harbour Bay Ferry,Mia Rti,5,3 tahun lalu,,False,True,2026-10-08 20:49:46
Harbour Bay,Harbour Bay Ferry,NONUZ LUTHIERIST,5,3 tahun lalu,,False,True,2026-10-08 20:49:46
Harbour Bay,Harbour Bay Ferry,Ria Siyampriyati,5,3 tahun lalu,,False,True,2026-10-08 20:49:46
Harbour Bay,Harbour Bay Ferry,Dedy Perdaus,4,3 tahun lalu,,False,True,2026-10-08 20:49:46
Harbour Bay,Harbour Bay Ferry,Didik Budisantoso,5,3 tahun lalu,,False,True,2026-10-08 20:49:46
Harbour Bay,Harbour Bay Ferry,Almalik Veen,5,3 tahun lalu,,False,True,2026-10-08 20:49:46
Harbour Bay,Harbour Bay Ferry,Handoko Bachdims,5,3 tahun lalu,,False,True,2026-10-08 20:49:46
Harbour Bay,Harbour Bay Ferry,Newbie TV,5,3 tahun lalu,,False,True,2026-10-08 20:49:46
Harbour Bay,Harbour Bay Ferry,Ramalingam S (Ram),5,3 tahun lalu,,False,True,2026-10-08 20:49:46
Harbour Bay,Harbour Bay Ferry,Mohammed Rizal Bin Rahmat,5,3 tahun lalu,,False,True,2026-10-08 20:49:46
Harbour Bay,Harbour Bay Ferry,Charmaine Ng,3,4 tahun lalu,,False,True,2026-10-08 20:49:46
Harbour Bay,Harbour Bay Ferry,Sati Rantau Batuah,5,4 tahun lalu,,False,True,2026-10-08 20:49:46
Harbour Bay,Harbour Bay Ferry,DEDI RUSTAMAN,4,4 tahun lalu,,False,True,2026-10-08 20:49:46
Harbour Bay,Harbour Bay Ferry,Murni Syahroini,5,4 tahun lalu,,False,False,2026-10-08 20:49:46
Harbour Bay,Harbour Bay Ferry,Budi Santoso Djaja,5,4 tahun lalu,,False,True,2026-10-08 20:49:46
Harbour Bay,Harbour Bay Ferry,Yusri Ismail,5,4 tahun lalu,,False,False,2026-10-08 20:49:46
Harbour Bay,Harbour Bay Ferry,Yohealyn,5,4 tahun lalu,,False,True,2026-10-08 20:49:46
Harbour Bay,Harbour Bay Ferry,Steven Famy,4,4 tahun lalu,,False,True,2026-10-08 20:49:46
Harbour Bay,Harbour Bay Ferry,adi wibowo,5,4 tahun lalu,,False,True,2026-10-08 20:49:46
Harbour Bay,Harbour Bay Ferry,deswantri deswantri,5,4 tahun lalu,,False,True,2026-10-08 20:49:46
Harbour Bay,Harbour Bay Ferry,achik spin,5,4 tahun lalu,,False,True,2026-10-08 20:49:46
Harbour Bay,Harbour Bay Ferry,Mohd Rofik Qomari,5,4 tahun lalu,,False,False,2026-10-08 20:49:46
Harbour Bay,Harbour Bay Ferry,Chia KH,4,4 tahun lalu,,False,True,2026-10-08 20:49:46
Harbour Bay,Harbour Bay Ferry,Hamidon Hamdi,5,4 tahun lalu,,False,True,2026-10-08 20:49:46
Harbour Bay,Harbour Bay Ferry,SA Record,5,4 tahun lalu,,False,True,2026-10-08 20:49:46
Harbour Bay,Harbour Bay Ferry,Alvin DN13,5,4 tahun lalu,,False,True,2026-10-08 20:49:46
Harbour Bay,Harbour Bay Ferry,Binggolis Channel,5,4 tahun lalu,,False,False,2026-10-08 20:49:46
Harbour Bay,Harbour Bay Ferry,Rizky Bachtiar Irwanto,5,4 tahun lalu,,False,True,2026-10-08 20:49:46
Harbour Bay,Harbour Bay Ferry,Eka Putra,5,4 tahun lalu,,False,True,2026-10-08 20:49:46
Harbour Bay,Harbour Bay Ferry,Shawal Sudin,5,4 tahun lalu,,False,True,2026-10-08 20:49:46
Harbour Bay,Harbour Bay Ferry,zulhafdy muchni,5,4 tahun lalu,,False,False,2026-10-08 20:49:46
Harbour Bay,Harbour Bay Ferry,just echo,5,4 tahun lalu,,False,True,2026-10-08 20:49:46
Harbour Bay,Harbour Bay Ferry,"Adythia Nusantara, SH",4,4 tahun lalu,,False,True,2026-10-08 20:49:46
Harbour Bay,Harbour Bay Ferry,tri pranowo kandiawan,5,4 tahun lalu,,False,True,2026-10-08 20:49:46
Harbour Bay,Harbour Bay Ferry,ESJ NG,5,4 tahun lalu,,False,True,2026-10-08 20:49:46
Harbour Bay,Harbour Bay Ferry,Nita Zhang,5,4 tahun lalu,,False,False,2026-10-08 20:49:46
Harbour Bay,Harbour Bay Ferry,Rony 0607,3,4 tahun lalu,,False,False,2026-10-08 20:49:46
Harbour Bay,Harbour Bay Ferry,Oscar Vinsensius,4,4 tahun lalu,,False,True,2026-10-08 20:49:46
Harbour Bay,Harbour Bay Ferry,Rosoecho,4,4 tahun lalu,,False,False,2026-10-08 20:49:46
Harbour Bay,Harbour Bay Ferry,Amei Chen,5,4 tahun lalu,,False,False,2026-10-08 20:49:46
Harbour Bay,Harbour Bay Ferry,Chan Hasiboean,5,4 tahun lalu,,False,True,2026-10-08 20:49:46
Harbour Bay,Harbour Bay Ferry,Fadli zainuddin,5,4 tahun lalu,,False,True,2026-10-08 20:49:46
Harbour Bay,Harbour Bay Ferry,Bebenz linkcay,5,4 tahun lalu,,False,False,2026-10-08 20:49:46
Harbour Bay,Harbour Bay Ferry,azmi ramadhan,5,4 tahun lalu,,False,True,2026-10-08 20:49:46
Harbour Bay,Harbour Bay Ferry,Qisthi Ermida,5,4 tahun lalu,,False,False,2026-10-08 20:49:46
Harbour Bay,Harbour Bay Ferry,sunly fang (Akira23),5,4 tahun lalu,,False,False,2026-10-08 20:49:46
Harbour Bay,Harbour Bay Ferry,F32 Channel,4,4 tahun lalu,,False,True,2026-10-08 20:49:46
Harbour Bay,Harbour Bay Ferry,Mamapeee,5,4 tahun lalu,,False,True,2026-10-08 20:49:46
Harbour Bay,Harbour Bay Ferry,Hari Setio Sukarno,3,5 tahun lalu,,False,False,2026-10-08 20:49:46
Harbour Bay,Harbour Bay Ferry,Abdoel Kariem,5,5 tahun lalu,,False,False,2026-10-08 20:49:46
Harbour Bay,Harbour Bay Ferry,Mauladi Karnaliansyah,5,5 tahun lalu,,False,True,2026-10-08 20:49:46
Harbour Bay,Harbour Bay Ferry,Ardi Prinata,5,5 tahun lalu,,False,True,2026-10-08 20:49:46
Harbour Bay,Harbour Bay Ferry,Yanto Kuok,5,5 tahun lalu,,False,True,2026-10-08 20:49:46
Harbour Bay,Harbour Bay Ferry,Amir Rostam Dokht,5,5 tahun lalu,,False,True,2026-10-08 20:49:46
Harbour Bay,Harbour Bay Ferry,ain kusnadi,4,5 tahun lalu,,False,False,2026-10-08 20:49:46
Harbour Bay,Harbour Bay Ferry,febriadi nurcahyo,4,5 tahun lalu,,False,False,2026-10-08 20:49:46
Harbour Bay,Harbour Bay Ferry,Sharfina Anisa,5,5 tahun lalu,,False,True,2026-10-08 20:49:46
Harbour Bay,Harbour Bay Ferry,azzam betta batam,5,5 tahun lalu,,False,True,2026-10-08 20:49:46
Harbour Bay,Harbour Bay Ferry,S.Ho,5,5 tahun lalu,,False,True,2026-10-08 20:49:46
Harbour Bay,Harbour Bay Ferry,anelda putri,4,5 tahun lalu,,False,True,2026-10-08 20:49:46
Harbour Bay,Harbour Bay Ferry,Jason Tan,5,5 tahun lalu,,False,False,2026-10-08 20:49:46
Harbour Bay,Harbour Bay Ferry,Yusa Jy Laksana,5,5 tahun lalu,,False,True,2026-10-08 20:49:46
Harbour Bay,Harbour Bay Ferry,Gagas Galang,5,5 tahun lalu,,False,True,2026-10-08 20:49:46
Harbour Bay,Harbour Bay Ferry,Briel Raditya,4,5 tahun lalu,,False,True,2026-10-08 20:49:46
Harbour Bay,Harbour Bay Ferry,Hartono _,4,5 tahun lalu,,False,True,2026-10-08 20:49:46
Harbour Bay,Harbour Bay Ferry,Waldi Isra,4,5 tahun lalu,,False,True,2026-10-08 20:49:46
Harbour Bay,Harbour Bay Ferry,Donny Akhmadi,5,5 tahun lalu,,False,True,2026-10-08 20:49:46
Harbour Bay,Harbour Bay Ferry,Dedy Heryadi,5,5 tahun lalu,,False,True,2026-10-08 20:49:46
Harbour Bay,Harbour Bay Ferry,AKHMAD AKBAR,5,5 tahun lalu,,False,True,2026-10-08 20:49:46
Harbour Bay,Harbour Bay Ferry,Brian Dananjaya,5,5 tahun lalu,,False,True,2026-10-08 20:49:46
Harbour Bay,Harbour Bay Ferry,Centy Bey,4,5 tahun lalu,,False,True,2026-10-08 20:49:46
Harbour Bay,Harbour Bay Ferry,ikhwan syah,5,Diedit 5 tahun lalu,,False,False,2026-10-08 20:49:46
Harbour Bay,Harbour Bay Ferry,Suci Rimasari,4,5 tahun lalu,,False,True,2026-10-08 20:49:46
Harbour Bay,Harbour Bay Ferry,ELDI HARDIANSAH,5,5 tahun lalu,,False,False,2026-10-08 20:49:46
Harbour Bay,Harbour Bay Ferry,helmiyanto ismoyo,5,6 tahun lalu,,False,True,2026-10-08 20:49:46
Harbour Bay,Harbour Bay Ferry,Yayan Sopian,4,6 tahun lalu,,False,True,2026-10-08 20:49:46
Harbour Bay,Harbour Bay Ferry,yuhyi grab,5,6 tahun lalu,,False,True,2026-10-08 20:49:46
Harbour Bay,Harbour Bay Ferry,Elsa Fajrianti,5,6 tahun lalu,,False,True,2026-10-08 20:49:46
Harbour Bay,Harbour Bay Ferry,edwin herdiana,5,6 tahun lalu,,False,True,2026-10-08 20:49:46
Harbour Bay,Harbour Bay Ferry,Pandu Pratama,5,6 tahun lalu,,False,True,2026-10-08 20:49:46
Harbour Bay,Harbour Bay Ferry,N. Jira,5,6 tahun lalu,,False,True,2026-10-08 20:49:46
Harbour Bay,Harbour Bay Ferry,Vikash Bavisetty,5,6 tahun lalu,,False,True,2026-10-08 20:49:46
Harbour Bay,Harbour Bay Ferry,Manope Jr,5,6 tahun lalu,,False,False,2026-10-08 20:49:46
Harbour Bay,Harbour Bay Ferry,Wasif Ahmad,3,6 tahun lalu,,False,True,2026-10-08 20:49:46
Harbour Bay,Harbour Bay Ferry,Abu Bakar,4,Diedit 6 tahun lalu,,False,True,2026-10-08 20:49:46
Harbour Bay,Harbour Bay Ferry,Nana ana,5,6 tahun lalu,,False,True,2026-10-08 20:49:46
Harbour Bay,Harbour Bay Ferry,Rizal Rahmat,4,6 tahun lalu,,False,True,2026-10-08 20:49:46
Harbour Bay,Harbour Bay Ferry,Dedi Ngoro,4,6 tahun lalu,,False,True,2026-10-08 20:49:46
Harbour Bay,Harbour Bay Ferry,shubham surve,3,6 tahun lalu,,False,True,2026-10-08 20:49:46
Harbour Bay,Harbour Bay Ferry,Tanveer Ahmed Sajib,5,6 tahun lalu,,False,True,2026-10-08 20:49:46
Harbour Bay,Harbour Bay Ferry,rita rahayu,4,6 tahun lalu,,False,False,2026-10-08 20:49:46
Harbour Bay,Harbour Bay Ferry,cs Wong,3,6 tahun lalu,,False,True,2026-10-08 20:49:46
Harbour Bay,Harbour Bay Ferry,Shwe M,5,6 tahun lalu,,False,True,2026-10-08 20:49:46
Harbour Bay,Harbour Bay Ferry,aran gaming,5,6 tahun lalu,,False,False,2026-10-08 20:49:46
Harbour Bay,Harbour Bay Ferry,Arsa,5,6 tahun lalu,,False,True,2026-10-08 20:49:46
Harbour Bay,Harbour Bay Ferry,Efrizal Ezhal,5,6 tahun lalu,,False,False,2026-10-08 20:49:46
Harbour Bay,Harbour Bay Ferry,Habib Satya Wiratama,5,6 tahun lalu,,False,True,2026-10-08 20:49:46
Harbour Bay,Harbour Bay Ferry,Maston Silalahi,5,6 tahun lalu,,False,True,2026-10-08 20:49:46
Harbour Bay,Harbour Bay Ferry,Norhidayah Nasruddin,4,6 tahun lalu,,False,True,2026-10-08 20:49:46
Harbour Bay,Harbour Bay Ferry,Shafiya,4,7 tahun lalu,,False,True,2026-10-08 20:49:46
Harbour Bay,Harbour Bay Ferry,Syaiful Lukman,5,7 tahun lalu,,False,True,2026-10-08 20:49:46
Harbour Bay,Harbour Bay Ferry,Sugianto Bilqis,5,7 tahun lalu,,False,False,2026-10-08 20:49:46
Harbour Bay,Harbour Bay Ferry,Masevan Evan,1,7 tahun lalu,,False,False,2026-10-08 20:49:46
Harbour Bay,Harbour Bay Ferry,Aulia Felisya,1,7 tahun lalu,,False,False,2026-10-08 20:49:46
Harbour Bay,Harbour Bay Ferry,Lenny Romauli,4,7 tahun lalu,,False,True,2026-10-08 20:49:46
Harbour Bay,Harbour Bay Ferry,Maryanto Cin,5,7 tahun lalu,,False,False,2026-10-08 20:49:46
Harbour Bay,Harbour Bay Ferry,Esti Dwi Yulianto,4,7 tahun lalu,,False,False,2026-10-08 20:49:46
Harbour Bay,Harbour Bay Ferry,Mukhlis Azis,5,7 tahun lalu,,False,True,2026-10-08 20:49:46
Harbour Bay,Harbour Bay Ferry,Jelly VK Larosa,5,7 tahun lalu,,False,True,2026-10-08 20:49:46
Harbour Bay,Harbour Bay Ferry,Khairuddin Siagian,4,7 tahun lalu,,False,False,2026-10-08 20:49:46
Harbour Bay,Harbour Bay Ferry,Hendri Santoso,5,7 tahun lalu,,False,False,2026-10-08 20:49:46
Harbour Bay,Harbour Bay Ferry,Kaoru Akimoto,5,7 tahun lalu,,False,False,2026-10-08 20:49:46
Harbour Bay,Harbour Bay Ferry,KuaWieChen Mr,5,7 tahun lalu,,False,True,2026-10-08 20:49:46
Harbour Bay,Harbour Bay Ferry,翔濱川,5,7 tahun lalu,,False,False,2026-10-08 20:49:46
Harbour Bay,Harbour Bay Ferry,Dian Novia,4,7 tahun lalu,,False,True,2026-10-08 20:49:46
Harbour Bay,Harbour Bay Ferry,CHINTIN Tan,4,7 tahun lalu,,False,True,2026-10-08 20:49:46
Harbour Bay,Harbour Bay Ferry,Dodi Jatikusuma,3,7 tahun lalu,,False,True,2026-10-08 20:49:46
Harbour Bay,Harbour Bay Ferry,ct no barrier,5,7 tahun lalu,,False,True,2026-10-08 20:49:46
Harbour Bay,Harbour Bay Ferry,marthen mingkid,5,7 tahun lalu,,False,True,2026-10-08 20:49:46
Harbour Bay,Harbour Bay Ferry,faber pangondian,4,7 tahun lalu,,False,True,2026-10-08 20:49:46
Harbour Bay,Harbour Bay Ferry,didoticious geller,4,7 tahun lalu,,False,True,2026-10-08 20:49:46
Harbour Bay,Harbour Bay Ferry,Abobakr El-Hakem,5,7 tahun lalu,,False,True,2026-10-08 20:49:46
Harbour Bay,Harbour Bay Ferry,Selamet,4,7 tahun lalu,,False,True,2026-10-08 20:49:46
Harbour Bay,Harbour Bay Ferry,winston wx89,5,7 tahun lalu,,False,False,2026-10-08 20:49:46
Harbour Bay,Harbour Bay Ferry,Hendarmono Kusuma,4,7 tahun lalu,,False,True,2026-10-08 20:49:46
Harbour Bay,Harbour Bay Ferry,Ari Dragon,5,7 tahun lalu,,False,True,2026-10-08 20:49:46
Harbour Bay,Harbour Bay Ferry,Ndank Rachmat,4,7 tahun lalu,,False,True,2026-10-08 20:49:46
Harbour Bay,Harbour Bay Ferry,Visca Baim,5,7 tahun lalu,,False,False,2026-10-08 20:49:46
Harbour Bay,Harbour Bay Ferry,Muhammad Nurhaikal,4,7 tahun lalu,,False,True,2026-10-08 20:49:46
Harbour Bay,Harbour Bay Ferry,Gabriela Loei,5,7 tahun lalu,,False,True,2026-10-08 20:49:46
Harbour Bay,Harbour Bay Ferry,Arie Prasetya,5,7 tahun lalu,,False,False,2026-10-08 20:49:46
Harbour Bay,Harbour Bay Ferry,Dhee Akmal,1,8 tahun lalu,,False,True,2026-10-08 20:49:46
Harbour Bay,Harbour Bay Ferry,Esra Arista,5,8 tahun lalu,,False,False,2026-10-08 20:49:46
Harbour Bay,Harbour Bay Ferry,Rey Neto,3,8 tahun lalu,,False,True,2026-10-08 20:49:46
Harbour Bay,Harbour Bay Ferry,Madhouse Project,3,8 tahun lalu,,False,True,2026-10-08 20:49:46
Harbour Bay,Harbour Bay Ferry,Indra Medan,5,8 tahun lalu,,False,True,2026-10-08 20:49:46
Harbour Bay,Harbour Bay Ferry,Panji Priantono Putra,4,8 tahun lalu,,False,False,2026-10-08 20:49:46
Harbour Bay,Harbour Bay Ferry,Mohamed Faizzulfadhly,5,8 tahun lalu,,False,False,2026-10-08 20:49:46
Harbour Bay,Harbour Bay Ferry,Surya Pj,3,8 tahun lalu,,False,True,2026-10-08 20:49:46
Harbour Bay,Harbour Bay Ferry,Rofi P,4,8 tahun lalu,,False,False,2026-10-08 20:49:46
Harbour Bay,Harbour Bay Ferry,Jentiwandes Manalu,4,8 tahun lalu,,False,True,2026-10-08 20:49:46
Harbour Bay,Harbour Bay Ferry,Imol Aj,5,8 tahun lalu,,False,False,2026-10-08 20:49:46
Harbour Bay,Harbour Bay Ferry,Dev Comar,5,8 tahun lalu,,False,True,2026-10-08 20:49:46
Harbour Bay,Harbour Bay Ferry,abi pratama,5,8 tahun lalu,,False,True,2026-10-08 20:49:46
Harbour Bay,Harbour Bay Ferry,Mar Isyak,5,8 tahun lalu,,False,True,2026-10-08 20:49:46
Harbour Bay,Harbour Bay Ferry,Kasman Chen 87 Wati Femelien,5,8 tahun lalu,,False,True,2026-10-08 20:49:46
Harbour Bay,Harbour Bay Ferry,Cherly Yang,5,8 tahun lalu,,False,False,2026-10-08 20:49:46
Harbour Bay,Harbour Bay Ferry,Heber Rianto Haloho,5,8 tahun lalu,,False,True,2026-10-08 20:49:46
Harbour Bay,Harbour Bay Ferry,Hendri Huang,5,8 tahun lalu,,False,True,2026-10-08 20:49:46
Harbour Bay,Harbour Bay Ferry,Novita Sidabutar,4,8 tahun lalu,,False,True,2026-10-08 20:49:46
Harbour Bay,Harbour Bay Ferry,marisa,4,8 tahun lalu,,False,True,2026-10-08 20:49:46
Harbour Bay,Harbour Bay Ferry,Chris Gregorius,3,8 tahun lalu,,False,True,2026-10-08 20:49:46
Harbour Bay,Harbour Bay Ferry,iSur Rakhmat,5,8 tahun lalu,,False,True,2026-10-08 20:49:46
Harbour Bay,Harbour Bay Ferry,R. Ganda Septika,5,8 tahun lalu,,False,True,2026-10-08 20:49:46
Harbour Bay,Harbour Bay Ferry,官判,5,8 tahun lalu,,False,True,2026-10-08 20:49:46
Harbour Bay,Harbour Bay Ferry,Sam SAM,3,8 tahun lalu,,False,False,2026-10-08 20:49:46
Harbour Bay,Harbour Bay Ferry,Teguh Kadyat Yudharto,4,8 tahun lalu,,False,True,2026-10-08 20:49:46
Harbour Bay,Harbour Bay Ferry,Syaf Kenobi,5,8 tahun lalu,,False,True,2026-10-08 20:49:46
Harbour Bay,Harbour Bay Ferry,M. Yusirwan,5,8 tahun lalu,,False,True,2026-10-08 20:49:46
Harbour Bay,Harbour Bay Ferry,Imam Adiwibowo,5,8 tahun lalu,,False,True,2026-10-08 20:49:46
Harbour Bay,Harbour Bay Ferry,Siti Noor Ain Zalieah,3,8 tahun lalu,,False,False,2026-10-08 20:49:46
Harbour Bay,Harbour Bay Ferry,Irwan S,5,8 tahun lalu,,False,True,2026-10-08 20:49:46
Harbour Bay,Harbour Bay Ferry,Octaviansyah Mhd,3,8 tahun lalu,,False,True,2026-10-08 20:49:46
Harbour Bay,Harbour Bay Ferry,Zainal Abidin,4,8 tahun lalu,,False,True,2026-10-08 20:49:46
Harbour Bay,Harbour Bay Ferry,Stefani Winda,5,8 tahun lalu,,False,True,2026-10-08 20:49:46
Harbour Bay,Harbour Bay Ferry,Vincent Chan Yuen Quan,5,8 tahun lalu,,False,True,2026-10-08 20:49:46
Harbour Bay,Harbour Bay Ferry,almi Jemveri,5,8 tahun lalu,,False,False,2026-10-08 20:49:46
Harbour Bay,Harbour Bay Ferry,Siti Rosmiyati,4,8 tahun lalu,,False,True,2026-10-08 20:49:46
Harbour Bay,Harbour Bay Ferry,Kosasi Kweek,3,8 tahun lalu,,False,True,2026-10-08 20:49:46
Harbour Bay,Harbour Bay Ferry,Ana merya,3,8 tahun lalu,,False,True,2026-10-08 20:49:46
Harbour Bay,Harbour Bay Ferry,TVPRO CREATIVE,5,9 tahun lalu,,False,True,2026-10-08 20:49:46
Harbour Bay,Harbour Bay Ferry,Justin Yeap,3,9 tahun lalu,,False,True,2026-10-08 20:49:46
Harbour Bay,Harbour Bay Ferry,Angga Hidayat,4,9 tahun lalu,,False,False,2026-10-08 20:49:46
Harbour Bay,Harbour Bay Ferry,최재혁,3,9 tahun lalu,,False,False,2026-10-08 20:49:46
Harbour Bay,Harbour Bay Ferry,Sugiarto Sugiarto,3,9 tahun lalu,,False,True,2026-10-08 20:49:46
Harbour Bay,Harbour Bay Ferry,Kho Seng Kok,5,9 tahun lalu,,False,False,2026-10-08 20:49:46
Harbour Bay,Harbour Bay Ferry,Yufia Destari,3,9 tahun lalu,,False,False,2026-10-08 20:49:46
Harbour Bay,Harbour Bay Ferry,Susi Sriyanti,4,9 tahun lalu,,False,False,2026-10-08 20:49:46
Harbour Bay,Harbour Bay Ferry,abdun,1,9 tahun lalu,,False,False,2026-10-08 20:49:46
Harbour Bay,Harbour Bay Ferry,OJO DUMEH,5,9 tahun lalu,,False,True,2026-10-08 20:49:46
Harbour Bay,Harbour Bay Ferry,Yanuar Riyadi,5,9 tahun lalu,,False,False,2026-10-08 20:49:46
Harbour Bay,Harbour Bay,Thecute Wild,5,6 tahun lalu,"Semenjak lokasi ini dibangun ulang, rasanya tempat ini menjadi sangat menakjubkan seperti di luar negeri. Cantik Kalilah... mungkin ini adalah salah satu pelabuhan terbaik dan ternyaman yang pernah saya kunjungi. Pelabuhan ini mengusung konsep one stop living. Selain pelabuhan, tersedia juga Mall, Hotel, Apartemen/Kondominium, Convention Center, Green Park dan Shopping Arcade. Dulu di perairan pelabuhan ini sangat banyak sampah, airnya bau anyir. Sekarang sudah tidak ada lagi sampah dan bau anyir. Top pisan buat perubahan pelabuhan ini. Patut dicontoh pelabuhan yang lain.",True,True,2026-10-08 20:49:46
Harbour Bay,Harbour Bay,Khalfian Rhapsody,4,Diedit setahun lalu,"Terminal Ferry dengan ambient modern dan menakjubkan. Sebagai tambahan, makan malam di Batam yang seru di malam hari ya di seputaran sini.",True,True,2026-10-08 20:49:46
Harbour Bay,Harbour Bay,EM PKY,4,8 tahun lalu,"semacam all in one ini.. ada hotel, pelabuhan penyeberangan, pusat perbelanjaan dan foodcourt.. mungkin ada beberapa objek lagi, tapi saya ngga sempat telusuri semua.",True,True,2026-10-08 20:49:46
Harbour Bay,Harbour Bay,Mori Dalpari (Wong Khincay),5,setahun lalu,"Berada di tempat ini serasa seakan akan berada di negara lain. Bersih, rindang, tertib",True,True,2026-10-08 20:49:46
Harbour Bay,Harbour Bay,Anies Heriyanto,3,9 tahun lalu,"Cukup bagus, luas dan bersih.... kedatangan dan keberangkatan ferry juga tepat waktu.",True,True,2026-10-08 20:49:46
Harbour Bay,Harbour Bay,Guna Adiluhur,3,9 tahun lalu,Port nya bagus hanya masih dalam renovasi. Tingkatkan terus pelayanan nya dengan menyediakan signage atau tanda tanda arah yang lebih jelas dan lebih terpampang. Untuk wisatawan yang baru kali pertama masih sangan membingungkan dan masih mengandalkan bertanya ketimbang melihat signage.,True,True,2026-10-08 20:49:46
Harbour Bay,Harbour Bay,Hafizh rizky,5,setahun lalu,"Terminal Harbour Bay Batam ini terminal rasa mall! Begitu masuk, langsung disambut suasana yang modern dan bersih, bikin lupa kalau ini sebenarnya terminal. Saya sampai ngerasa kayak di bandara kecil, cuma nggak ada pramugari yang siap kasih instruksi. Fasilitasnya lengkap! Mulai dari tempat duduk yang nyaman buat nunggu ferry, sampai kios-kios jajanan yang bikin perut lupa diet. Pilihan makanannya mulai dari yang ringan kayak roti sampai nasi berat—cocok buat isi tenaga sebelum perjalanan. Proses imigrasinya juga lancar. Petugasnya ramah, bikin saya nggak deg-degan meskipun paspor udah dibolak-balik kayak buku harian. Kapalnya datang dan berangkat tepat waktu, jadi nggak ada drama ‘kapan nih naiknya?’. Pemandangan di sekitar terminal juga asik. Sambil nunggu ferry, bisa liat kapal-kapal lalu lalang, rasanya kayak adegan di film perjalanan epik (padahal cuma mau nyebrang ke Singapura atau Malaysia 😆). Kesimpulan: Terminal Harbour Bay ini terminal yang nyaman, modern, dan bikin pengalaman nyebrang jadi menyenangkan. Cocok buat traveler santai atau pekerja yang sering bolak-balik Batam. Kalau ada rating untuk terminal, ini udah kayak dapet bintang Michelin versi pelabuhan!",False,True,2026-10-08 20:49:46
Harbour Bay,Harbour Bay,Sri Yatno,5,9 tahun lalu,mau ke singapore lewat terminal ini sangat nyaman..,True,True,2026-10-08 20:49:46
Harbour Bay,Harbour Bay,lontongstroong,4,setahun lalu,"Terminal dermaga penumpang yang sepintas mirip mall kecil dengan banyak pertokoan dan tempat makan (termasuk pujasera), walau pintu masuknya sangat sederhana. Saking sederhananya, mungkin beberapa orang tidak menyangka jika itu adalah akses masuknya. Tidak menyangka juga jika sisi setelah imigrasi memiliki lounge kecil sederhana untuk pengguna kelas bisnis, dengan layanan makanan kecil dan minuman yang sudah termasuk di dalam tiket layaknya fasilitas serupa di bandara-bandara.",False,True,2026-10-08 20:49:46
Harbour Bay,Harbour Bay,Rian Komara,5,5 tahun lalu,Tempat yang bagus buat jogging atau sekedar jalan-jalan. Pemandangannya bagus. Cuman sayangnya rada bau got.,True,True,2026-10-08 20:49:46
Harbour Bay,Harbour Bay,Keramik Metriza,4,9 tahun lalu,Pintu keluar menuju johor bahru malaysia. Pelabuhannya kecil dan sangat padat di hari libur.,True,True,2026-10-08 20:49:46
Harbour Bay,Harbour Bay,Grace Hann,1,Diedit 2 tahun lalu,Sekelas international ferry terminal yang banyak tourist masih ada taxi pangkalan yang mencegat pendatang untuk naik grab👎 memalukan Batam👎 taxi pangkalan merajalela karna management mengizinkan!!.,False,True,2026-10-08 20:49:46
Harbour Bay,Harbour Bay,Chris Ray,4,10 tahun lalu,"Salah satu sea food favorite orang Batam ada disini. Nice food,fresh, romantic place. Fery terminal to Singapore.",True,True,2026-10-08 20:49:46
Harbour Bay,Harbour Bay,Noor Aufa Shiddiq,5,setahun lalu,ferry terminal nyambung dgn mall,True,True,2026-10-08 20:49:46
Harbour Bay,Harbour Bay,Ak Ray Jas,5,7 tahun lalu,"Lokasinya sangat indah, serasa di luar negeri. Apalagi saat weekend, banyak orang Indonesia yang ke Singapura dan kebalikannya banyak orang Singapura yang ke Indonesia. Lebih keren lagi dibangun harbour bay front mall yang memanjakan pengunjung.",False,True,2026-10-08 20:49:46
Harbour Bay,Harbour Bay,Jkho Emerald,3,4 tahun lalu,Kaget. Itu kesan ketika nyampe harbour bay. Seperti berada dikuburan beton. Yg terlihat hanya 1 atau 2 warung kopi serta 1 minimarket. Yg lain tutup semua. Mau sarapan pun gak ada yg jual. Katanya dampak dr kasus covid-19,False,True,2026-10-08 20:49:46
Harbour Bay,Harbour Bay,yosudarso yosudarso,2,9 tahun lalu,"Taxi didalamnya pelabuhan sangat tidak menyenangkan kami sempat tegang dan di ikuti para sopir & koodinatornya sampai ke jalan depan swiss bell hotel, mereka sudah seperti preman yg meneror kami, kami di haruskan naik taxi mereka yg mahal tidak menggunakan argo dan tidak boleh naik taxi online",False,True,2026-10-08 20:49:46
Harbour Bay,Harbour Bay,Darman Hasibuan,4,6 tahun lalu,"Sangat nyaman Bagi travelers disini banyak tmpat pilihan untuk santai santai sejenak sebelum cek in kapal peri, toko oleh oleh dan souvenir dapat kita jumpai di sini.",False,True,2026-10-08 20:49:46
Harbour Bay,Harbour Bay,Muhammad Iqbal,5,Diedit 8 tahun lalu,"Fasilitas pelabuhan yang sangat lengkap ada mall,hotel,spa,bioskop,food court, apartement, restoran,pelabuhan internasional dan nasional. Sangat baik.",False,True,2026-10-08 20:49:46
Harbour Bay,Harbour Bay,Cahyana Wiyana,1,9 tahun lalu,Perlu kursi utk duduk sambil nenunggu pintu pelabuhan ke Karimun dibuka. Kasihan orang tua dan anak2 duduk lesehan di lantai,False,False,2026-10-08 20:49:46
Harbour Bay,Harbour Bay,Syafrianto,4,Diedit 3 tahun lalu,"Pelabuhannya bersih dan nyaman, posisinya pun ditengah-tengah kota, kalau malam bagus untuk tempat santai",False,True,2026-10-08 20:49:46
Harbour Bay,Harbour Bay,Yulia Nur Fatimah,5,6 tahun lalu,Pelabuhan yg bersih. Tempat pembelian tiket di lt 2 kadang bikin repot kl saat mepet waktu berangkat kapal 😅,False,True,2026-10-08 20:49:46
Harbour Bay,Harbour Bay,"Gw Bini.Jeno,Jaemin,Chenle",5,3 tahun lalu,"Saya suka banget sama tempat habour bay karena kalo malam saya suka kesana sama mama saya apa lg indah tempatnya, pasti kalian juga suka sama tempatnya yg indah dan suasana yg bagus",False,False,2026-10-08 20:49:46
Harbour Bay,Harbour Bay,YANI SHolehWAKbatu YANI,5,5 tahun lalu,Bersih ASRI aman NYAMAN manTAB👍💯,True,True,2026-10-08 20:49:46
Harbour Bay,Harbour Bay,Anto Rahman,5,2 tahun lalu,Siap2 menyebrang ke Johor,True,True,2026-10-08 20:49:46
Harbour Bay,Harbour Bay,Cut Iskandar Mahmud,3,5 tahun lalu,Salah satu pelabuhan internasional Ferry rute Singapura dan Malaysia Johor Bahru. Nyaman dan lengkap.,False,True,2026-10-08 20:49:46
Harbour Bay,Harbour Bay,Lisin Bintang,5,7 tahun lalu,"Pelabuhan terdekat dr nagoya, jalur ke tg. Balai Karimun dan singapura. Komplit dgn mall dan food court",False,True,2026-10-08 20:49:46
Harbour Bay,Harbour Bay,agus lengoleta,5,4 tahun lalu,Mantap pelabuhan modern menyatu dengan komplek niaga dan perbelanjaan.....,False,True,2026-10-08 20:49:46
Harbour Bay,Harbour Bay,Arif Darmawan,5,9 tahun lalu,Makin Mantap Harbourbay,True,True,2026-10-08 20:49:46
Harbour Bay,Harbour Bay,ENDANG LESTARI 888,4,7 tahun lalu,"Pelayanan nya bagus, kualitas kapalnya bagus, kebersihan kapal pun lumayan bersih...",False,True,2026-10-08 20:49:46
Harbour Bay,Harbour Bay,Marwanto Heru S,5,5 tahun lalu,Sangat megah...namun sayang karena covid sdg bersedih...jadi sepi,False,True,2026-10-08 20:49:46
Harbour Bay,Harbour Bay,Sukar Ng,3,9 tahun lalu,"Kebersihan pesisir pelabuhan perlu ditingkatkan, tercium bau yang tidak enak",False,True,2026-10-08 20:49:46
Harbour Bay,Harbour Bay,Rosita Sulaiman,5,3 tahun lalu,Brangkat Dari sini ke Singapore 🥰,True,True,2026-10-08 20:49:46
Harbour Bay,Harbour Bay,damar widyawan,5,6 tahun lalu,Bersih dan banyak pilihan tempat makan n belanja,False,True,2026-10-08 20:49:46
Harbour Bay,Harbour Bay,Laga Sakeng,4,8 tahun lalu,"Pelabuan harburbay sangat menarik, bersih dan rapih..penumpangpun merasa",False,False,2026-10-08 20:49:46
Harbour Bay,Harbour Bay,Dzaky Rulifa Gampangbanget,3,10 tahun lalu,Sangat bagus sama seperti di sekupang hadem!,False,False,2026-10-08 20:49:46
Harbour Bay,Harbour Bay,Emma Larra,5,Diedit 3 tahun lalu,Sudah banyak berubah ..makin cakep aja la sekarang,False,True,2026-10-08 20:49:46
Harbour Bay,Harbour Bay,agus surya,4,4 tahun lalu,pelabuhan penyebrangan yg bagus & bersih...👍👍,False,True,2026-10-08 20:49:46
Harbour Bay,Harbour Bay,Dodi Febri,4,10 tahun lalu,"Pelabuhan penyeberangan batam, terutama utk ke sd singapura..",False,True,2026-10-08 20:49:46
Harbour Bay,Harbour Bay,Aydil qaishar,4,5 tahun lalu,MANTAP,True,False,2026-10-08 20:49:46
Harbour Bay,Harbour Bay,cahyo krisnanto,2,6 tahun lalu,Saat ini terminal ferry masih sepi.,False,True,2026-10-08 20:49:46
Harbour Bay,Harbour Bay,Rosdiana Rulifa,3,9 tahun lalu,Apakah ada yang tau nomor telp harbour bay terminal,False,True,2026-10-08 20:49:46
Harbour Bay,Harbour Bay,Neng Ella,5,4 tahun lalu,"Sangat elok,ramah,bersih top",False,True,2026-10-08 20:49:46
Harbour Bay,Harbour Bay,Widi Pujianto,5,4 tahun lalu,pelabuhan nya bagus dan tertata,False,False,2026-10-08 20:49:46
Harbour Bay,Harbour Bay,Dedek Hayati,5,4 tahun lalu,"Bersih, nyaman dan luas..",True,True,2026-10-08 20:49:46
Harbour Bay,Harbour Bay,Yusrizal Rizal,5,6 tahun lalu,"Tempatnya nyaman, bersih",False,True,2026-10-08 20:49:46
Harbour Bay,Harbour Bay,Uli,2,9 tahun lalu,"Masih sepi, kasih 2 dulu",False,True,2026-10-08 20:49:46
Harbour Bay,Harbour Bay,Afrizal Zulkarnaini Ka'bah,5,4 tahun lalu,"Bersih, luas, nyaman",False,True,2026-10-08 20:49:46
Harbour Bay,Harbour Bay,Elsa Finza,3,5 tahun lalu,Cuaca ny lg buruk,False,False,2026-10-08 20:49:46
Harbour Bay,Harbour Bay,Herri Abdulkadir,4,9 tahun lalu,lokasi yang lumayan bagus,False,True,2026-10-08 20:49:46
Harbour Bay,Harbour Bay,N9 Tihh,5,3 tahun lalu,Bagus banget⭐👍,False,True,2026-10-08 20:49:46
Harbour Bay,Harbour Bay,Yan Moehammad,5,9 tahun lalu,Tempatnya bersih,False,True,2026-10-08 20:49:46
Harbour Bay,Harbour Bay,Sugeng Basuki,3,4 tahun lalu,Pelayanan bagus,False,True,2026-10-08 20:49:46
Harbour Bay,Harbour Bay,アンディゴワ,4,6 tahun lalu,🤑,False,True,2026-10-08 20:49:46
Harbour Bay,Harbour Bay,tristan,5,6 tahun lalu,Nyaman & luas,False,True,2026-10-08 20:49:46
Harbour Bay,Harbour Bay,Lucky Kurniawan,1,9 tahun lalu,Sepi...,False,True,2026-10-08 20:49:46
Harbour Bay,Harbour Bay,Jefri zal,5,3 tahun lalu,Allhamdullilah... Nyaman.,False,True,2026-10-08 20:49:46
Harbour Bay,Harbour Bay,Reviewer Jujur Keliling,5,8 tahun lalu,"Modern, dan bersih",False,True,2026-10-08 20:49:46
Harbour Bay,Harbour Bay,Yasman ARDI,5,setahun lalu,Bersih,False,True,2026-10-08 20:49:46
Harbour Bay,Harbour Bay,Ryhan Fauzi,5,3 tahun lalu,Sangat indah,False,False,2026-10-08 20:49:46
Harbour Bay,Harbour Bay,Ashin Nyanavira Thera,5,4 tahun lalu,Bagus,False,True,2026-10-08 20:49:46
Harbour Bay,Harbour Bay,Pulo,5,4 tahun lalu,Keren,True,True,2026-10-08 20:49:46
Harbour Bay,Harbour Bay,Willy Mahambara,5,4 tahun lalu,kereennn,False,True,2026-10-08 20:49:46
Harbour Bay,Harbour Bay,zulfikar tarigan,5,5 tahun lalu,Mantapp,False,True,2026-10-08 20:49:46
Harbour Bay,Harbour Bay,Edy Sinaga,5,Diedit 9 tahun lalu,Mantap,False,True,2026-10-08 20:49:46
Harbour Bay,Harbour Bay,teguh iman,5,4 tahun lalu,kawasan termegah,False,False,2026-10-08 20:49:46
Harbour Bay,Harbour Bay,M Rasyid Nur,4,5 tahun lalu,Menyenangkan,False,True,2026-10-08 20:49:46
Harbour Bay,Harbour Bay,najaruddin najar,5,8 tahun lalu,Bagus'mantap,False,True,2026-10-08 20:49:46
Harbour Bay,Harbour Bay,guanna irwan,4,10 tahun lalu,Mantap,False,True,2026-10-08 20:49:46
Harbour Bay,Harbour Bay,Yudhy Wawan,4,sebulan lalu,"Pelabuhan International, bs ke Singapore, Jojor Malaysia, maupun ke Kepulauan Riau dll",False,True,2026-10-08 20:49:46
Harbour Bay,Harbour Bay,Nova Saputra,5,9 tahun lalu,Keren,False,True,2026-10-08 20:49:46
Harbour Bay,Harbour Bay,Ray Tan,5,6 bulan lalu,Ini adalah salah satu dari sedikit terminal feri populer untuk layanan antar-jemput antara Batam dan Singapura. Hotel Marriott berada tepat di sebelahnya. Diterjemahkan oleh Google ・ Lihat versi asli (Inggris),True,True,2026-10-08 20:49:46
Harbour Bay,Harbour Bay,Nor Fad,3,4 bulan lalu,"Kami pergi ke Batam sebagai rombongan yang terdiri dari 3 pasangan selama akhir pekan Hari Raya Waisak (29 hingga 31/5/2026) dan memilih terminal Harbour Bay karena letaknya paling dekat dengan I-hotel Nagoya. Kami tiba pada tanggal 29/5 sekitar pukul 15.00 (waktu Indonesia) & gerbang otomatis sedang rusak. Cukup banyak pengunjung yang harus dialihkan ke antrean manual, situasinya cukup kacau tanpa manajemen antrean yang tepat untuk masuk. Untungnya, pelayanannya cukup cepat & efisien. Pada tanggal 31/5, kami mulai menuju area keberangkatan pukul 16.45 untuk mengantre keberangkatan pukul 17.30 ke Singapura. Meskipun banyak penumpang berkeliaran di aula keberangkatan - pemandangan biasa untuk akhir pekan - tetapi sistemnya awalnya masih terorganisir & terkendali dengan baik karena seorang staf ditempatkan di awal antrean untuk memastikan hanya penumpang untuk feri keberangkatan paling awal yang masuk ke antrean. Pengumuman juga disampaikan dalam Bahasa Indonesia & Inggris. Namun, situasi berubah setelah pukul 17.00 ketika staf meninggalkan posnya tanpa pengawasan dan pengumuman keberangkatan pukul 17.30 diumumkan bersamaan dengan keberangkatan pukul 17.15 dalam rentang waktu kurang dari 5 menit. Situasi semakin memburuk di stasiun pemindaian paspor. Saya termasuk di antara 10-15 pengunjung pertama yang mengantre di jalur manual karena ada antrean panjang di gerbang otomatis. Salah satu petugas wanita yang bertugas di pemindaian manual tiba-tiba berdiri dan meninggalkan mejanya untuk memberi tahu kami bahwa pemegang paspor Singapura harus mengantre di gerbang otomatis. Saya yakin mereka bisa mengelola ini dengan lebih baik dengan menempatkan petugas di pintu masuk antrean daripada mengarahkan mereka yang sudah berada di barisan depan untuk kembali dan bergabung dengan antrean gerbang otomatis di belakang. Ingatlah bahwa kelompok ini terdiri dari penumpang dari 2 kapal yang berbeda dan sudah ada kemacetan di antrean gerbang otomatis karena interval waktu yang berdekatan antara 2 pengumuman sebelumnya. Terminal feri Harbour Bay dulunya lebih lancar dan tidak terlalu kacau... mohon pastikan ada cukup petugas/staf yang ditempatkan di titik/lokasi strategis di area keberangkatan untuk mengelola keramaian. Diterjemahkan oleh Google ・ Lihat versi asli (Inggris)",False,True,2026-10-08 20:49:46
Harbour Bay,Harbour Bay,Hafizun Mushtafa,5,setahun lalu,"Kesan pertama Batam terlihat mengesankan jika orang menilai hanya dari terminal feri ini saja. Memang terminal yang sangat bagus dengan banyak fasilitas yang tersedia. Terminalnya besar, bersih, dan terlihat baru. Proses imigrasi lancar karena memiliki gerbang otomatis dan semua proses berjalan dengan baik. Terminal ini sangat terorganisir dalam banyak aspek. Ada banyak toko seperti pusat perbelanjaan yang menjual barang, makanan, dan juga tiket. Bahkan ada lounge VIP untuk tiket kelas satu. Harga tiket sekali jalan adalah RM 80 dan Anda bisa mendapatkan harga lebih murah jika membeli tiket pulang pergi. Tiket dapat dibeli langsung atau online melalui aplikasi pihak ketiga seperti redBUS (bisa mendapatkan diskon dengan menggunakan kode promo) dan aplikasi . Perjalanan akan memakan waktu sekitar 1 jam 40 menit ke Harbour Bay Batam. Ingatlah untuk menyiapkan uang tunai RM 25 dan 100.000 IDR untuk pajak pelabuhan pada setiap perjalanan. Saya rasa ada juga tujuan lain yang bisa dituju dari sini. Saya naik feri Dolphin dan kondisinya sangat baik, bersih, sejuk, dan pelayanannya bagus. Semua pekerja ramah dan membantu. Terdapat dek di lantai atas untuk menikmati pemandangan. Sungguh pengalaman yang menyenangkan dan momen-momen yang tak terlupakan. Diterjemahkan oleh Google ・ Lihat versi asli (Inggris)",True,True,2026-10-08 20:49:46
Harbour Bay,Harbour Bay,Micheal Peh,5,6 tahun lalu,"Anda bisa melewati antrean dengan terminal ini! Jika sudah punya tiket kelas bisnis, ada prioritas pemeriksaan bea cukai. Terminalnya terasa sangat baru, dengan banyak restoran, toko, dan hotel di sekitarnya. Dekat dengan pusat kota juga. Diterjemahkan oleh Google ・ Lihat versi asli (Inggris)",True,False,2026-10-08 20:49:46
Harbour Bay,Harbour Bay,Stanislav Buda,5,2 bulan lalu,"Salah satu pelabuhan di Bali untuk pulau-pulau tetangga, tempat penukaran uang, restoran, semua yang Anda butuhkan untuk perjalanan. Diterjemahkan oleh Google ・ Lihat versi asli (Slovak)",False,True,2026-10-08 20:49:46
Harbour Bay,Harbour Bay,amanda,5,5 tahun lalu,"Anda bisa bersantai bersama teman-teman di salah satu restoran atau bar di area ini sambil menikmati matahari terbenam dan pemandangan laut. Ada banyak pilihan bar dan restoran di sini. Lokasinya dekat dengan terminal feri internasional, pusat perbelanjaan terpadu, apartemen, gedung perkantoran, serta terminal feri internasional dan domestik. Diterjemahkan oleh Google ・ Lihat versi asli (Inggris)",True,True,2026-10-08 20:49:46
Harbour Bay,Harbour Bay,Niranjan Maria Selvamanickam,1,9 tahun lalu,Area teluk pelabuhan sangat sepi. Rasanya tidak aman berada di tempat ini sebagai turis. Satu-satunya tempat makan yang lumayan yang saya temukan adalah Bella Italia. Diterjemahkan oleh Google ・ Lihat versi asli (Inggris),True,True,2026-10-08 20:49:46
Harbour Bay,Harbour Bay,gilbert yohannes voerman,4,9 tahun lalu,Tempat yang tepat untuk menghabiskan momen bersama kekasih atau rekan kerja... sebuah teluk kecil dengan pemandangan yang menakjubkan... panorama untuk menikmati matahari terbenam yang indah. Pilih BAY CITY LIVE SEAFOOD. Makanan 🍻🍻🍻 Tempat 🍻🍻🍻🍻 (di malam hari) Harga 🍻🍻🍻🍻🍻 Tempat sederhana untuk menyegarkan suasana hati Anda - terutama untuk menikmati matahari terbenam setiap bulan April setiap tahunnya 😊 Diterjemahkan oleh Google ・ Lihat versi asli (Inggris),True,True,2026-10-08 20:49:46
Harbour Bay,Harbour Bay,Chan Jun Chao Alex,5,3 bulan lalu,Terminal feri yang bagus dan bersih. Perawatan tempat duduk sofa bisa ditingkatkan. Diterjemahkan oleh Google ・ Lihat versi asli (Inggris),False,True,2026-10-08 20:49:46
Harbour Bay,Harbour Bay,Flo Y.,4,3 tahun lalu,"Terminal feri ini jauh lebih bersih dan baru dibandingkan yang lain. Terhubung dengan pusat perbelanjaan, hotel, dan deretan restoran serta bar, tempat ini terasa seperti tempat persinggahan yang dibuat khusus untuk memenuhi preferensi warga Singapura. Kami naik feri Horizon Fast, dengan biaya pulang pergi yang cukup terjangkau, sekitar 70-80 SGD. Bukan yang termurah, tetapi lumayan. Diterjemahkan oleh Google ・ Lihat versi asli (Inggris)",True,False,2026-10-08 20:49:46
Harbour Bay,Harbour Bay,Den eddhy,5,Diedit setahun lalu,"Bagus...rapi dan nyaman... Di sekitar pelabuhan terdapat berbagai jajanan lokal dan barat..., di luar sepanjang pelabuhan juga terdapat restoran makanan laut dan platform bagus dengan pemandangan laut... Diterjemahkan oleh Google ・ Lihat versi asli (Melayu)",True,True,2026-10-08 20:49:46
Harbour Bay,Harbour Bay,Anth Shu,4,7 tahun lalu,"Tidak buruk, tetapi masih banyak toko yang belum buka. Diterjemahkan oleh Google ・ Lihat versi asli (Inggris)",True,True,2026-10-08 20:49:46
Harbour Bay,Harbour Bay,Xavier Chong,1,setahun lalu,"Feri dan terminalnya bagus, tetapi pelayanannya buruk. Kami membeli tiket kelas bisnis untuk perjalanan pulang pergi ke Singapura. Kami menunggu boarding di ruang tunggu bisnis, dan meskipun boarding tersedia, mereka memberi tahu semua orang di ruang tunggu untuk masuk melalui gerbang boarding sebagai antrean prioritas. Semua orang bergegas keluar dari ruang tunggu bisnis untuk masuk melalui gerbang boarding. Keluarga saya sedikit tertunda karena pencarian boarding pass, yang hanya tertunda kurang dari 30 detik. Kami menarik 3 anak bersama kami dengan cepat mencoba bergegas menuju gerbang boarding, staf di sana tanpa menunggu kami, membuka gerbang untuk membiarkan penumpang lain mulai naik. Kami kemudian harus berdesakan melewati kerumunan untuk naik. Kami menyampaikan ketidakpuasan kami kepada staf di luar ruang tunggu karena tidak menunggu kami, tetapi dia dengan kasar mengabaikan kami. Ini sangat tidak dapat diterima. Kami mungkin tidak ingin kembali lagi. Diterjemahkan oleh Google ・ Lihat versi asli (Inggris)",False,True,2026-10-08 20:49:46
Harbour Bay,Harbour Bay,Sal Biah,5,Diedit 3 tahun lalu,Real estate bagus kawasan senang mencari makan dan jika Anda suka pergi ke pub harboybay ke banyak pub Anda dapat menikmati liburan Diterjemahkan oleh Google ・ Lihat versi asli (Inggris),True,True,2026-10-08 20:49:46
Harbour Bay,Harbour Bay,Nor F. M.,3,9 tahun lalu,Masih dalam perbaikan. Tidak terlalu ramai meskipun kami datang saat hari libur nasional. Ikuti saja rambu-rambu untuk taksi. Diterjemahkan oleh Google ・ Lihat versi asli (Inggris),True,True,2026-10-08 20:49:46
Harbour Bay,Harbour Bay,八分甜,4,setahun lalu,"Terletak di Pulau Batam, Indonesia, Harbour Bay adalah kawasan komprehensif yang mencakup pusat perbelanjaan, tempat makan, dan hiburan. Harbour Bay Mall menawarkan beragam pilihan belanja untuk memenuhi berbagai kebutuhan konsumen. Selain itu, kawasan ini menawarkan berbagai pilihan tempat makan, seperti Morning Bakery, yang terkenal dengan nasi lemak dan teh tariknya yang lezat, favorit di kalangan wisatawan. Untuk akomodasi, Swiss-Belhotel Harbour Bay bintang empat yang berperingkat tinggi menawarkan fasilitas modern dan kamar yang nyaman. Hotel ini memiliki berbagai pilihan tempat makan, termasuk kafe Swiss dan restoran Cina Golden Phoenix, yang melayani berbagai selera. Selain itu, hotel ini menyediakan fasilitas seperti pusat kebugaran, kolam renang luar ruangan, dan spa untuk memastikan masa inap yang menyenangkan. Secara keseluruhan, Harbour Bay, dengan fasilitas yang lengkap dan lokasi yang strategis, merupakan pilihan ideal bagi wisatawan yang mengunjungi Pulau Batam. Baik untuk berbelanja, makan, atau akomodasi, tempat ini menawarkan pengalaman yang memuaskan. Diterjemahkan oleh Google ・ Lihat versi asli (Tionghoa)",False,True,2026-10-08 20:49:46
Harbour Bay,Harbour Bay,Karen Siow,4,2 tahun lalu,Makan Roti O di mal untuk sarapan. Makan MCD setelah naik pesawat Singapore Airlines. Diterjemahkan oleh Google ・ Lihat versi asli (Inggris),True,True,2026-10-08 20:49:46
Harbour Bay,Harbour Bay,AGALIVIR Asotnes,4,Diedit 9 tahun lalu,Feri terdekat ke Jodoh Toilet sangat bersih Juga dilengkapi dengan ruang menyusui Diterjemahkan oleh Google ・ Lihat versi asli (Inggris),True,True,2026-10-08 20:49:46
Harbour Bay,Harbour Bay,Kong Wy,5,8 tahun lalu,"Dari semua terminal feri Batam, ini favorit saya. Proses check-in cepat, bea cukai cepat, tidak ramai, akses mudah ke area keberangkatan, tidak ada penundaan dan tidak ada masalah. Tidak perlu naik eskalator atau lift... mudah. Diterjemahkan oleh Google ・ Lihat versi asli (Inggris)",True,True,2026-10-08 20:49:46
Harbour Bay,Harbour Bay,Dennison R Indang,4,4 tahun lalu,"04.09.2022 Inilah tempat Anda memulai perjalanan setelah tiba dari Tanjung Puteri, Johor. Lokasinya bagus dengan banyak pilihan makanan di sekitarnya. Diterjemahkan oleh Google ・ Lihat versi asli (Inggris)",True,True,2026-10-08 20:49:46
Harbour Bay,Harbour Bay,Rafie Samin,5,4 tahun lalu,Banyak peningkatan dibandingkan 4 tahun lalu. Tempatnya bagus dan indah. Ada banyak tempat usaha di lokasi ini dan sekitarnya. Mereka masih membangun gedung-gedung baru untuk membuat area ini lebih ramai. Hotel-hotel baru juga terletak di area ini. Loket layanan feri berada di lantai 2. Pilihan saya untuk naik dan turun feri saat pergi ke Batam. Diterjemahkan oleh Google ・ Lihat versi asli (Inggris),False,True,2026-10-08 20:49:46
Harbour Bay,Harbour Bay,Glenn Torres,4,3 tahun lalu,"Kecil, bersih, dan berfungsi dengan baik. Staf seharusnya sedikit ramah. Beberapa ramah, beberapa tidak. Kami turis dan akan menghabiskan uang di sini. Tidak meminta bantuan apa pun, hanya sedikit kesopanan. Sepertinya tidak ada yang berubah selama 6 tahun terakhir. Diterjemahkan oleh Google ・ Lihat versi asli (Inggris)",False,True,2026-10-08 20:49:46
Harbour Bay,Harbour Bay,Blessed Ong,1,3 tahun lalu,"Tempatnya sangat bagus, satu-satunya hal yang ingin saya peringatkan adalah korupsi di dalam kantor imigrasi!!!!!! Harap berhati-hati dengan petugas yang membantu orang-orang mengantre... Jika memasuki Batam larut malam, pastikan Anda berani berbicara dan jangan menjadi orang terakhir di antrean.. orang ini benar-benar mengincar orang-orang yang menjadi korban dan meminta uang sebesar $200 untuk alasan kompensasi.. setelah pengalaman itu, saya menyadari bahwa banyak orang mengalami hal yang sama, dan saya ingin menyampaikannya. Diterjemahkan oleh Google ・ Lihat versi asli (Inggris)",False,True,2026-10-08 20:49:46
Harbour Bay,Harbour Bay,Centrepiece furnishing,3,7 tahun lalu,"Toko-toko belum sepenuhnya buka, tetapi tempatnya cukup luas dan bersih. Pelabuhan juga berjarak sekitar 10 hingga 15 menit dari Nagoya Hill Shopping Mall. Jika semua toko sudah buka sepenuhnya, saya rasa tempat ini akan sangat bagus. Proses bea cukai di sana seperti biasa. Lebih cepat dan efisien daripada terminal Batam . Tetapi kami menyaksikan seorang petugas bea cukai mengambil paspor seorang pemuda karena dianggap berbicara terlalu keras saat menunggu antrean untuk melewati bea cukai. Pengalaman yang menakutkan. Diterjemahkan oleh Google ・ Lihat versi asli (Inggris)",False,True,2026-10-08 20:49:46
Harbour Bay,Harbour Bay,Tommy Lim,4,9 tahun lalu,"Terminalnya kecil tapi bersih dan terawat dengan baik. Ada kios kecil yang menjual kartu data prabayar, Roti-o untuk camilan cepat, dan toko yang menjual Kue Lapis. Secara keseluruhan, bagus. Diterjemahkan oleh Google ・ Lihat versi asli (Inggris)",False,True,2026-10-08 20:49:46
Harbour Bay,Harbour Bay,Desmond Kan,1,6 tahun lalu,Terminal tidak mampu menangani keramaian selama Tahun Baru Imlek. Tiket kelas bisnis adalah penipuan selama musim puncak. Mereka hanya mengizinkan Anda masuk ke ruang keberangkatan mendekati waktu keberangkatan Anda... hanya beberapa menit sebelum yang lain. Manajemen antrean sangat buruk. Diterjemahkan oleh Google ・ Lihat versi asli (Inggris),False,True,2026-10-08 20:49:46
Harbour Bay,Harbour Bay,Sam Tan,3,2 tahun lalu,Oke deh. Diterjemahkan oleh Google ・ Lihat versi asli (Arab),True,True,2026-10-08 20:49:46
Harbour Bay,Harbour Bay,EDWARD PO,5,7 tahun lalu,"Berbeda dengan Batam Center, proses bea cukai di Harbour Bay cepat. Sangat nyaman dan bisa sampai ke Batam dalam waktu sekitar 35 menit. Banyak restoran, toko kue lapis, jajanan ringan, dan hotel di sekitar terminal. Terhubung dengan pusat perbelanjaan. Toilet bersih. Naik taksi 10 menit ke Kota Nagoya dan tarifnya tetap Rp30.000 yang tertera di pangkalan taksi. Diterjemahkan oleh Google ・ Lihat versi asli (Inggris)",True,False,2026-10-08 20:49:46
Harbour Bay,Harbour Bay,Timothy Sam,5,7 tahun lalu,"Tempatnya bagus, bersih, dan rapi. Tapi seluruh area dipenuhi taksi dan mereka bertingkah seperti preman, membuat kami seperti di penjara. Tidak merasa seperti sedang berlibur. Tolong perbaiki dan kendalikan hal itu. Diterjemahkan oleh Google ・ Lihat versi asli (Inggris)",False,True,2026-10-08 20:49:46
Harbour Bay,Harbour Bay,Mikyoung Lee,4,8 tahun lalu,Tersedia feri yang menuju berbagai tempat di Indonesia. Sepertinya bagus karena dekat dengan Bukit Nagoya. Diterjemahkan oleh Google ・ Lihat versi asli (Korea),True,True,2026-10-08 20:49:46
Harbour Bay,Harbour Bay,Annisa Cendrawasih,4,7 tahun lalu,"Pelabuhan ini sekarang terintegrasi ke dalam pusat perbelanjaan, Anda perlu masuk ke dalam mal dan naik lift ke lantai dua. Anda dapat dengan mudah menemukan loket tiket di sana. Kapal-kapal dari pelabuhan ini berlayar ke Singapura dan Malaysia. Diterjemahkan oleh Google ・ Lihat versi asli (Inggris)",False,True,2026-10-08 20:49:46
Harbour Bay,Harbour Bay,Tim van der Werff,2,7 tahun lalu,"Perluasan baru telah menambah fasilitas ritel tetapi tidak meningkatkan fasilitas penumpang. Sekarang harus berjalan lebih jauh dengan membawa tas, tidak ada fasilitas penanganan bagasi, kurangnya ATM di lokasi yang mudah dijangkau, dan layanan tiket feri hanya dengan uang tunai. Mengingat ini adalah pembangunan baru, tidak ada alasan. Desain yang buruk, tata letak & fasilitas yang tidak memadai membuat ini bukan pilihan yang baik untuk meninggalkan Batam. Selain itu, area Harbour Bay mengalami polusi dan pembuangan limbah yang tidak diolah - menyambut Anda saat memasuki/meninggalkan Batam adalah bau limbah yang menyengat. Diterjemahkan oleh Google ・ Lihat versi asli (Inggris)",False,True,2026-10-08 20:49:46
Harbour Bay,Harbour Bay,Rody L,4,4 tahun lalu,"Terminal bersih, modern, dan efisien. Makanan: KFC, Starbucks, Morning Bakery Penukaran Uang: Skip, coba Hai Hai MC Transportasi: Gojek, halte penjemputan tepat di luar. Diterjemahkan oleh Google ・ Lihat versi asli (Inggris)",False,True,2026-10-08 20:49:46
Harbour Bay,Harbour Bay,James Amrein,5,9 tahun lalu,Cara termudah untuk sampai ke Singapura dari Batam. Diterjemahkan oleh Google ・ Lihat versi asli (Inggris),True,True,2026-10-08 20:49:46
Harbour Bay,Harbour Bay,Galardo Sugito,4,9 tahun lalu,Terminalnya kecil dan baru direnovasi. Ada 2 operator feri yang menuju Singapura (Horizon dan Batam Fast). Ada juga feri yang menuju Johor Bahru dan Pulau Tanjung Balai. Diterjemahkan oleh Google ・ Lihat versi asli (Inggris),False,True,2026-10-08 20:49:46
Harbour Bay,Harbour Bay,Yazid Hassan,5,Diedit 3 tahun lalu,"Sangat cocok jika Anda ingin singgah di kota, hotel bagus, pemandangan indah. Ada klub di dekatnya, tempat makan, minimarket, sebuah kota di dalam kota. Diterjemahkan oleh Google ・ Lihat versi asli (Inggris)",False,True,2026-10-08 20:49:46
Harbour Bay,Harbour Bay,Gary Dean,4,5 tahun lalu,"Harbour Bay adalah kawasan yang sangat modern di Batam, dengan terminal feri ke Singapura, hotel Marriott, restoran tepi pantai, dan banyak ruko. Diterjemahkan oleh Google ・ Lihat versi asli (Inggris)",False,True,2026-10-08 20:49:46
Harbour Bay,Harbour Bay,Apun 8180,5,2 tahun lalu,"Tempatnya baru, meskipun terlihat kecil tapi sangat bersih seperti bandara. Diterjemahkan oleh Google ・ Lihat versi asli (Inggris)",True,True,2026-10-08 20:49:46
Harbour Bay,Harbour Bay,Christopher Looi,4,9 tahun lalu,"Hanya Batam Fast dan Horizon Ferry yang melayani terminal ini. Karena tidak terlalu ramai, proses imigrasi lebih cepat. Diterjemahkan oleh Google ・ Lihat versi asli (Inggris)",False,True,2026-10-08 20:49:46
Harbour Bay,Harbour Bay,Nashiru,4,2 tahun lalu,🛳️🧳🇸🇬🇲🇾,True,True,2026-10-08 20:49:46
Harbour Bay,Harbour Bay,steelmate 8209,3,10 tahun lalu,"Ini masih sangat baru, masih dalam pembangunan. Tidak banyak orang yang menyeberangi perbatasan pada siang hari di hari Sabtu. Diterjemahkan oleh Google ・ Lihat versi asli (Tionghoa)",False,True,2026-10-08 20:49:46
Harbour Bay,Harbour Bay,Nick Doggett,5,6 tahun lalu,"Imigrasi yang efisien dan kompleks perbelanjaan yang bagus, terutama untuk makanan khas Indonesia seperti kue lapis. Diterjemahkan oleh Google ・ Lihat versi asli (Inggris)",False,True,2026-10-08 20:49:46
Harbour Bay,Harbour Bay,Diana Shen,5,6 tahun lalu,"Ini pertama kalinya saya ke sini, saya datang ke sini untuk naik feri ke Singapura, tapi tempatnya bagus sekali, antriannya tidak terlalu panjang. Diterjemahkan oleh Google ・ Lihat versi asli (Inggris)",False,True,2026-10-08 20:49:46
Harbour Bay,Harbour Bay,Adrian Tan,5,3 tahun lalu,"Bagus, lebih bersih dan tidak terlalu berantakan dibandingkan Batam Center. Diterjemahkan oleh Google ・ Lihat versi asli (Inggris)",False,False,2026-10-08 20:49:46
Harbour Bay,Harbour Bay,Owen,4,2 tahun lalu,"Tempat yang bagus, apa adanya, memiliki semua yang Anda butuhkan, harga cukup wajar. Diterjemahkan oleh Google ・ Lihat versi asli (Inggris)",False,False,2026-10-08 20:49:46
Harbour Bay,Harbour Bay,Santii Zhuang,1,setahun lalu,Gerbang tutup jam 7 Tiba jam 7.05 Tidak ada toleransi Diterjemahkan oleh Google ・ Lihat versi asli (Inggris),False,False,2026-10-08 20:49:46
Harbour Bay,Harbour Bay,Must Ain,3,4 tahun lalu,"Sekarang tidak banyak toko yang buka karena COVID-19, tetapi tempatnya masih oke, hanya agak sepi. Diterjemahkan oleh Google ・ Lihat versi asli (Inggris)",False,True,2026-10-08 20:49:46
Harbour Bay,Harbour Bay,Kam Hoe Chaw (Super Good),3,9 tahun lalu,Terminal feri yang sederhana. Tempat duduk terbatas dan proses naik turun penumpang dilakukan secara manual di gerbang. Tempatnya kecil dan sederhana. Diterjemahkan oleh Google ・ Lihat versi asli (Inggris),False,True,2026-10-08 20:49:46
Harbour Bay,Harbour Bay,Carbo Kuo (BYVoid),4,8 tahun lalu,"Tersedia feri langsung ke Singapura, sehingga proses imigrasi cepat. Diterjemahkan oleh Google ・ Lihat versi asli (Tionghoa)",False,True,2026-10-08 20:49:46
Harbour Bay,Harbour Bay,ரவி,4,7 tahun lalu,"Bersih dan rapi, tetapi desain/rambu-rambu kurang memadai sehingga banyak orang harus berjalan kaki untuk menemukan pintu masuk dan keluar. Diterjemahkan oleh Google ・ Lihat versi asli (Inggris)",False,True,2026-10-08 20:49:46
Harbour Bay,Harbour Bay,aris sarjito,4,8 tahun lalu,"Interiornya bersih, tempat parkir luas, dan dekat dengan tempat makan. Diterjemahkan oleh Google ・ Lihat versi asli (Inggris)",False,True,2026-10-08 20:49:46
Harbour Bay,Harbour Bay,Brayden Brayden,5,10 tahun lalu,"Tempatnya tersembunyi dan makanannya enak. Dari skala 1-10, saya akan memilih 8. Diterjemahkan oleh Google ・ Lihat versi asli (Inggris)",False,False,2026-10-08 20:49:46
Harbour Bay,Harbour Bay,Tx G,1,4 tahun lalu,"Yang terburuk, lift tidak pernah menyala, saya harus membawa koper saya sendiri sampai ke lantai tiga. Diterjemahkan oleh Google ・ Lihat versi asli (Inggris)",False,False,2026-10-08 20:49:46
Harbour Bay,Harbour Bay,Fatkhur Rokhman,4,9 tahun lalu,"Tempat ini sedang dalam tahap pembangunan besar-besaran, semoga suatu hari nanti akan seperti Harbour Front Singapura. Diterjemahkan oleh Google ・ Lihat versi asli (Inggris)",False,True,2026-10-08 20:49:46
Harbour Bay,Harbour Bay,Herman Julianah,4,4 tahun lalu,Akan lebih baik dengan lebih banyak pilihan makanan dan lebih banyak hotel di dekatnya. Diterjemahkan oleh Google ・ Lihat versi asli (Inggris),False,True,2026-10-08 20:49:46
Harbour Bay,Harbour Bay,Bijendra Lal,3,7 tahun lalu,Toko-toko belum sepenuhnya buka... pekerjaan konstruksi sedang berlangsung... Diterjemahkan oleh Google ・ Lihat versi asli (Inggris),False,True,2026-10-08 20:49:46
Harbour Bay,Harbour Bay,G,5,4 tahun lalu,Tempat yang bagus untuk makan dan mungkin bersantai... Diterjemahkan oleh Google ・ Lihat versi asli (Inggris),False,True,2026-10-08 20:49:46
Harbour Bay,Harbour Bay,mr. T,4,4 bulan lalu,,True,True,2026-10-08 20:49:46
Harbour Bay,Harbour Bay,soei tjing,4,Diedit 3 tahun lalu,Suasana di gedung keberangkatan jauh lebih baik. Diterjemahkan oleh Google ・ Lihat versi asli (Inggris),False,True,2026-10-08 20:49:46
Harbour Bay,Harbour Bay,Karen Karen,4,7 tahun lalu,Bersih dan baru. Tidak terlalu ramai. 😊 Diterjemahkan oleh Google ・ Lihat versi asli (Inggris),False,True,2026-10-08 20:49:46
Harbour Bay,Harbour Bay,Kaki Lima Street Food,5,7 tahun lalu,Terminal feri terbaik di Batam. Satu tempat untuk semuanya. Diterjemahkan oleh Google ・ Lihat versi asli (Inggris),True,True,2026-10-08 20:49:46
Harbour Bay,Harbour Bay,Vicky Wae,3,7 tahun lalu,Butuh fasilitas lebih banyak Diterjemahkan oleh Google ・ Lihat versi asli (Inggris),True,True,2026-10-08 20:49:46
Harbour Bay,Harbour Bay,Muhammad Subhan,5,4 tahun lalu,,True,True,2026-10-08 20:49:46
Harbour Bay,Harbour Bay,LarS,5,8 tahun lalu,Sempurna dan kualitasnya cukup bagus :D Diterjemahkan oleh Google ・ Lihat versi asli (Inggris),False,True,2026-10-08 20:49:46
Harbour Bay,Harbour Bay,Benson Kang,4,3 tahun lalu,"Baru, bersih, dan banyak gerai ritel untuk berbelanja... Diterjemahkan oleh Google ・ Lihat versi asli (Inggris)",False,True,2026-10-08 20:49:46
Harbour Bay,Harbour Bay,삼조,4,9 tahun lalu,"Hanya 5 menit berkendara ke kota, sangat nyaman. Diterjemahkan oleh Google ・ Lihat versi asli (Inggris)",False,True,2026-10-08 20:49:46
Harbour Bay,Harbour Bay,Yani -,4,6 tahun lalu,,True,True,2026-10-08 20:49:46
Harbour Bay,Harbour Bay,Imam freeman,5,3 bulan lalu,,True,True,2026-10-08 20:49:46
Harbour Bay,Harbour Bay,chinmcis,5,3 tahun lalu,Dermaga sangat bersih. Diterjemahkan oleh Google ・ Lihat versi asli (Tionghoa),False,True,2026-10-08 20:49:46
Harbour Bay,Harbour Bay,Cliqck,4,10 tahun lalu,terminal feri tercepat untuk mencapai SG Diterjemahkan oleh Google ・ Lihat versi asli (Inggris),False,True,2026-10-08 20:49:46
Harbour Bay,Harbour Bay,fauzan rizky,5,5 tahun lalu,,True,True,2026-10-08 20:49:46
Harbour Bay,Harbour Bay,Mr Anonymous,5,7 tahun lalu,Hotel baru Harbour Bay siap beroperasi tahun 2019. Diterjemahkan oleh Google ・ Lihat versi asli (Inggris),True,True,2026-10-08 20:49:46
Harbour Bay,Harbour Bay,midi3 lim,4,5 tahun lalu,,True,True,2026-10-08 20:49:46
Harbour Bay,Harbour Bay,Aloel Adam,3,3 tahun lalu,Bagus Diterjemahkan oleh Google ・ Lihat versi asli (Inggris),True,True,2026-10-08 20:49:46
Harbour Bay,Harbour Bay,JATINDERPAL SINGH,5,8 tahun lalu,Tempat yang sangat lucu dan bersih. Diterjemahkan oleh Google ・ Lihat versi asli (Inggris),False,True,2026-10-08 20:49:46
Harbour Bay,Harbour Bay,Karam veer,4,9 tahun lalu,Parkir dekat mal dan sangat bersih. Diterjemahkan oleh Google ・ Lihat versi asli (Inggris),False,True,2026-10-08 20:49:46
Harbour Bay,Harbour Bay,Ana Rohana,3,9 tahun lalu,Terminal feri yang tidak terlalu ramai. Diterjemahkan oleh Google ・ Lihat versi asli (Inggris),False,True,2026-10-08 20:49:46
Harbour Bay,Harbour Bay,Lim Ju Meng,4,7 tahun lalu,Makanan murah Diterjemahkan oleh Google ・ Lihat versi asli (Inggris),True,True,2026-10-08 20:49:46
Harbour Bay,Harbour Bay,Mothman,5,2 tahun lalu,Tempat yang bagus untuk jalan-jalan. Diterjemahkan oleh Google ・ Lihat versi asli (Inggris),False,True,2026-10-08 20:49:46
Harbour Bay,Harbour Bay,Wijoyo Ng,4,10 tahun lalu,Pelabuhan yang bagus. Mereka sedang meningkatkan dan mengembangkannya. Diterjemahkan oleh Google ・ Lihat versi asli (Inggris),False,True,2026-10-08 20:49:46
Harbour Bay,Harbour Bay,Asa Gea,4,9 tahun lalu,Tempat duduk lebih sedikit Diterjemahkan oleh Google ・ Lihat versi asli (Melayu),False,True,2026-10-08 20:49:46
Harbour Bay,Harbour Bay,muhammad rizqi Muktiana,5,8 tahun lalu,Area ramai di Batam Diterjemahkan oleh Google ・ Lihat versi asli (Melayu),False,True,2026-10-08 20:49:46
Harbour Bay,Harbour Bay,subandono rachmadi,5,7 tahun lalu,Ini pertama kalinya bagiku... dan ini luar biasa Diterjemahkan oleh Google ・ Lihat versi asli (Inggris),False,True,2026-10-08 20:49:46
Harbour Bay,Harbour Bay,Tri Hidayat,5,7 tahun lalu,Tempat yang indah dan romantis. Diterjemahkan oleh Google ・ Lihat versi asli (Inggris),False,True,2026-10-08 20:49:46
Harbour Bay,Harbour Bay,Haldika Dhitayana,2,5 tahun lalu,AC di seluruh tempat ini mati. Diterjemahkan oleh Google ・ Lihat versi asli (Inggris),False,True,2026-10-08 20:49:46
Harbour Bay,Harbour Bay,Ho Hian Teck,4,4 tahun lalu,Hanya ada untuk keberangkatan ke Batam Diterjemahkan oleh Google ・ Lihat versi asli (Inggris),False,True,2026-10-08 20:49:46
Harbour Bay,Harbour Bay,Zion Lydes,5,setahun lalu,Bagus Diterjemahkan oleh Google ・ Lihat versi asli (Inggris),False,False,2026-10-08 20:49:46
Harbour Bay,Harbour Bay,Manz Truck,5,11 tahun lalu,Pemandangan yang bagus Diterjemahkan oleh Google ・ Lihat versi asli (Inggris),False,False,2026-10-08 20:49:46
Harbour Bay,Harbour Bay,Hosea “Ivashov”,5,8 tahun lalu,Terminal feri yang mewah sekali! Diterjemahkan oleh Google ・ Lihat versi asli (Inggris),False,True,2026-10-08 20:49:46
Harbour Bay,Harbour Bay,Andi Zamudra,4,10 tahun lalu,Makan malam bersama penilai dari City Oxford College Inggris. Diterjemahkan oleh Google ・ Lihat versi asli (Inggris),False,True,2026-10-08 20:49:46
Harbour Bay,Harbour Bay,Mahmud Ahmad,3,10 tahun lalu,Bagus! Aku suka tempat ini. Diterjemahkan oleh Google ・ Lihat versi asli (Inggris),False,False,2026-10-08 20:49:46
Harbour Bay,Harbour Bay,Andi Tjai,5,6 tahun lalu,,True,True,2026-10-08 20:49:46
Harbour Bay,Harbour Bay,Saravanan Shanmugam,3,3 tahun lalu,,True,True,2026-10-08 20:49:46
Harbour Bay,Harbour Bay,Taufik Makmur,4,9 tahun lalu,Bukan Hanya Pelabuhan...lebih dari itu... Diterjemahkan oleh Google ・ Lihat versi asli (Inggris),False,False,2026-10-08 20:49:46
Harbour Bay,Harbour Bay,hda Indomaret,5,7 tahun lalu,Point cafe oke Diterjemahkan oleh Google ・ Lihat versi asli (Inggris),False,True,2026-10-08 20:49:46
Harbour Bay,Harbour Bay,有難demo,3,9 tahun lalu,Koneksi ke Harbour Front (Singapura) Diterjemahkan oleh Google ・ Lihat versi asli (Inggris),False,True,2026-10-08 20:49:46
Harbour Bay,Harbour Bay,Ahmad Maryoko,5,5 tahun lalu,,True,False,2026-10-08 20:49:46
Harbour Bay,Harbour Bay,AsiaCloud Solutions Pte Ltd,4,10 tahun lalu,Terima kasih Diterjemahkan oleh Google ・ Lihat versi asli (Inggris),False,False,2026-10-08 20:49:46
Harbour Bay,Harbour Bay,D Muralee,4,Diedit 4 tahun lalu,Masih bagus👍 Diterjemahkan oleh Google ・ Lihat versi asli (Inggris),False,True,2026-10-08 20:49:46
Harbour Bay,Harbour Bay,Lutfi Hanafiah,5,8 tahun lalu,,True,True,2026-10-08 20:49:46
Harbour Bay,Harbour Bay,Beng Hwa Sim,5,4 tahun lalu,Ini menyenangkan Diterjemahkan oleh Google ・ Lihat versi asli (Tionghoa),False,True,2026-10-08 20:49:46
Harbour Bay,Harbour Bay,faisal karim,5,6 tahun lalu,Bersih dan rapi Diterjemahkan oleh Google ・ Lihat versi asli (Inggris),False,True,2026-10-08 20:49:46
Harbour Bay,Harbour Bay,S.Hawa Ruslan,5,2 tahun lalu,Tempat yang bagus Diterjemahkan oleh Google ・ Lihat versi asli (Inggris),False,True,2026-10-08 20:49:46
Harbour Bay,Harbour Bay,dotnetid,5,Diedit 3 tahun lalu,Bagus Diterjemahkan oleh Google ・ Lihat versi asli (Inggris),False,True,2026-10-08 20:49:46
Harbour Bay,Harbour Bay,Sugianto Fu,5,11 tahun lalu,Oke Diterjemahkan oleh Google ・ Lihat versi asli (Inggris),False,False,2026-10-08 20:49:46
Harbour Bay,Harbour Bay,Johannes Nainggolan,5,8 tahun lalu,Semua yang kamu inginkan ada di sini. Diterjemahkan oleh Google ・ Lihat versi asli (Inggris),False,True,2026-10-08 20:49:46
Harbour Bay,Harbour Bay,RAJA R,5,3 tahun lalu,Wow,False,True,2026-10-08 20:49:46
Harbour Bay,Harbour Bay,Nurul Ihsan Permasih,4,3 tahun lalu,,True,True,2026-10-08 20:49:46
Harbour Bay,Harbour Bay,Widodo,5,7 tahun lalu,,True,True,2026-10-08 20:49:46
Harbour Bay,Harbour Bay,A803R,5,2 minggu lalu,BARU,False,True,2026-10-08 20:49:46
Harbour Bay,Harbour Bay,fatbellydatbelly,5,3 minggu lalu,➡️ Perlu kartu kedatangan dan e-visa untuk menggunakan gerbang otomatis ➡️ Konter check-in bagasi berada di samping antrean untuk memasuki area keberangkatan ➡️ Berjalan kaki singkat setelah imigrasi untuk mencapai feri Diterjemahkan oleh Google ・ Lihat versi asli (Inggris),True,True,2026-10-08 20:49:46
Harbour Bay,Harbour Bay,Kong Wen Sheng,5,sebulan lalu,"9 Agustus 2026 - Tiba dan berangkat ke Singapura dari sini melalui Horizon Ferry. Kursinya nyaman dan luas untuk berat badan saya yang lebih dari 100 kg. Bagasi dapat diangkut naik turun tanpa perlu dibawa sendiri. Namun, waktu tunggunya bisa agak lama. Secara keseluruhan, saya menikmati perjalanan saya! Ingat untuk menggunakan kartu kedatangan Anda untuk membuka gerbang elektronik :) Keterangan oleh AI Diterjemahkan oleh Google ・ Lihat versi asli (Inggris)",True,True,2026-10-08 20:49:46
Harbour Bay,Harbour Bay,Lionel Kamil,5,sebulan lalu,"Yang mengejutkan, terminal feri di sini lebih nyaman dibandingkan dengan Pelabuhan Puteri. Terminal ini lebih luas dan memiliki restoran serta area istirahat. Diterjemahkan oleh Google ・ Lihat versi asli (Melayu)",True,True,2026-10-08 20:49:46
Harbour Bay,Harbour Bay,罗风,5,5 bulan lalu,,False,True,2026-10-08 20:49:46
Harbour Bay,Harbour Bay,Edy Prianto,5,5 bulan lalu,,False,True,2026-10-08 20:49:46
Harbour Bay,Harbour Bay,Wilbert Noelson,5,5 bulan lalu,,False,False,2026-10-08 20:49:46
Harbour Bay,Harbour Bay,Anil Pahal,5,10 bulan lalu,,False,True,2026-10-08 20:49:46
Harbour Bay,Harbour Bay,Jemy Gunawan,5,setahun lalu,,False,True,2026-10-08 20:49:46
Harbour Bay,Harbour Bay,Leng Heaven,3,setahun lalu,,False,True,2026-10-08 20:49:46
Harbour Bay,Harbour Bay,Khoirul Anam,5,2 tahun lalu,,False,True,2026-10-08 20:49:46
Harbour Bay,Harbour Bay,徐富东,5,2 tahun lalu,,False,False,2026-10-08 20:49:46
Harbour Bay,Harbour Bay,Andhy Iswan,5,2 tahun lalu,,False,True,2026-10-08 20:49:46
Harbour Bay,Harbour Bay,Tong Sherry,5,2 tahun lalu,,False,True,2026-10-08 20:49:46
Harbour Bay,Harbour Bay,Jeni Ku,5,2 tahun lalu,,False,False,2026-10-08 20:49:46
Harbour Bay,Harbour Bay,Fardhan Aqib,2,Diedit 2 tahun lalu,,False,True,2026-10-08 20:49:46
Harbour Bay,Harbour Bay,Nadya,5,2 tahun lalu,,False,True,2026-10-08 20:49:46
Harbour Bay,Harbour Bay,Idris Coy,5,2 tahun lalu,,False,False,2026-10-08 20:49:46
Harbour Bay,Harbour Bay,Danang Setiawan,5,2 tahun lalu,,False,False,2026-10-08 20:49:46
Harbour Bay,Harbour Bay,Vero Nika,5,2 tahun lalu,,False,False,2026-10-08 20:49:46
Harbour Bay,Harbour Bay,ziozie zie,5,2 tahun lalu,,False,True,2026-10-08 20:49:46
Harbour Bay,Harbour Bay,Leli Heriatiafri,5,2 tahun lalu,,False,False,2026-10-08 20:49:46
Harbour Bay,Harbour Bay,Sally Salim,3,2 tahun lalu,,False,True,2026-10-08 20:49:46
Harbour Bay,Harbour Bay,Adhitiro Novanto,5,2 tahun lalu,,False,True,2026-10-08 20:49:46
Harbour Bay,Harbour Bay,Janaina Lima,5,2 tahun lalu,,False,True,2026-10-08 20:49:46
Harbour Bay,Harbour Bay,Tb Firman,5,2 tahun lalu,,False,True,2026-10-08 20:49:46
Harbour Bay,Harbour Bay,gilbert j,5,3 tahun lalu,,False,True,2026-10-08 20:49:46
Harbour Bay,Harbour Bay,William Quah,5,3 tahun lalu,,False,True,2026-10-08 20:49:46
Harbour Bay,Harbour Bay,Khindjung 2017,5,3 tahun lalu,,False,False,2026-10-08 20:49:46
Harbour Bay,Harbour Bay,Martin Tay,3,3 tahun lalu,,False,True,2026-10-08 20:49:46
Harbour Bay,Harbour Bay,DANI SYAm,5,3 tahun lalu,,False,True,2026-10-08 20:49:46
Harbour Bay,Harbour Bay,JCJSJL JCJSJL,4,3 tahun lalu,,False,True,2026-10-08 20:49:46
Harbour Bay,Harbour Bay,Sandra Arumdhati,5,3 tahun lalu,,False,True,2026-10-08 20:49:46
Harbour Bay,Harbour Bay,Endy Putra,5,3 tahun lalu,,False,False,2026-10-08 20:49:46
Harbour Bay,Harbour Bay,Heriyanto Liem,4,3 tahun lalu,,False,False,2026-10-08 20:49:46
Harbour Bay,Harbour Bay,Constantin Sirbu,3,3 tahun lalu,,False,True,2026-10-08 20:49:46
Harbour Bay,Harbour Bay,Derry Tamara,5,3 tahun lalu,,False,True,2026-10-08 20:49:46
Harbour Bay,Harbour Bay,KAOCHU YEONG,3,3 tahun lalu,,False,True,2026-10-08 20:49:46
Harbour Bay,Harbour Bay,Marcelo Mico,4,3 tahun lalu,,False,True,2026-10-08 20:49:46
Harbour Bay,Harbour Bay,C Budhy,4,3 tahun lalu,,False,True,2026-10-08 20:49:46
Harbour Bay,Harbour Bay,Celen,5,3 tahun lalu,,False,False,2026-10-08 20:49:46
Harbour Bay,Harbour Bay,Jasman,5,3 tahun lalu,,False,True,2026-10-08 20:49:46
Harbour Bay,Harbour Bay,Jerry Goh,4,3 tahun lalu,,False,True,2026-10-08 20:49:46
Harbour Bay,Harbour Bay,Murniati Murni,5,3 tahun lalu,,False,True,2026-10-08 20:49:46
Harbour Bay,Harbour Bay,Kok Wai,3,3 tahun lalu,,False,True,2026-10-08 20:49:46
Harbour Bay,Harbour Bay,Nike Diah,5,3 tahun lalu,,False,False,2026-10-08 20:49:46
Harbour Bay,Harbour Bay,Maoyang Huang,5,3 tahun lalu,,False,False,2026-10-08 20:49:46
Harbour Bay,Harbour Bay,Victor Rizal Filosofi,5,3 tahun lalu,,False,True,2026-10-08 20:49:46
Harbour Bay,Harbour Bay,JACK LEE,5,3 tahun lalu,,False,True,2026-10-08 20:49:46
Harbour Bay,Harbour Bay,Cheff Iswadi,5,3 tahun lalu,,False,True,2026-10-08 20:49:46
Harbour Bay,Harbour Bay,Chai Khim Tan,5,3 tahun lalu,,False,True,2026-10-08 20:49:46
Harbour Bay,Harbour Bay,Bobby Ramadhan,3,3 tahun lalu,,False,True,2026-10-08 20:49:46
Harbour Bay,Harbour Bay,haryani hassan,5,3 tahun lalu,,False,True,2026-10-08 20:49:46
Harbour Bay,Harbour Bay,xie ming cen,5,Diedit 3 tahun lalu,,False,True,2026-10-08 20:49:46
Harbour Bay,Harbour Bay,Depid DLW,4,3 tahun lalu,,False,False,2026-10-08 20:49:46
Harbour Bay,Harbour Bay,Pryandi Hutajulu,5,3 tahun lalu,,False,True,2026-10-08 20:49:46
Harbour Bay,Harbour Bay,Salman Alfarisi,5,3 tahun lalu,,False,False,2026-10-08 20:49:46
Harbour Bay,Harbour Bay,Fitrah Hasan,5,3 tahun lalu,,False,False,2026-10-08 20:49:46
Harbour Bay,Harbour Bay,Yudi Aditya,5,3 tahun lalu,,False,True,2026-10-08 20:49:46
Harbour Bay,Harbour Bay,Adrian Concenciao,5,4 tahun lalu,,False,True,2026-10-08 20:49:46
Harbour Bay,Harbour Bay,Kartika dwi Rahayu,5,4 tahun lalu,,False,False,2026-10-08 20:49:46
Harbour Bay,Harbour Bay,mario mars,5,4 tahun lalu,,False,False,2026-10-08 20:49:46
Harbour Bay,Harbour Bay,Satya Dharma Nugraha,5,4 tahun lalu,,False,True,2026-10-08 20:49:46
Harbour Bay,Harbour Bay,norazman sazali,5,4 tahun lalu,,False,True,2026-10-08 20:49:46
Harbour Bay,Harbour Bay,Jheef Jheef Chennel (Muhammad Jufri),5,4 tahun lalu,,False,True,2026-10-08 20:49:46
Harbour Bay,Harbour Bay,Salina Sulaman,5,4 tahun lalu,,False,False,2026-10-08 20:49:46
Harbour Bay,Harbour Bay,Utari Sefta,4,4 tahun lalu,,False,True,2026-10-08 20:49:46
Harbour Bay,Harbour Bay,Yoris Steven,5,4 tahun lalu,,False,False,2026-10-08 20:49:46
Harbour Bay,Harbour Bay,bob aiyo,5,4 tahun lalu,,False,True,2026-10-08 20:49:46
Harbour Bay,Harbour Bay,Id Sufian,4,4 tahun lalu,,False,False,2026-10-08 20:49:46
Harbour Bay,Harbour Bay,afriandi saputra,5,4 tahun lalu,,False,True,2026-10-08 20:49:46
Harbour Bay,Harbour Bay,Guan choon Lim,5,4 tahun lalu,,False,False,2026-10-08 20:49:46
Harbour Bay,Harbour Bay,Haisswarya Rajan,5,4 tahun lalu,,False,False,2026-10-08 20:49:46
Harbour Bay,Harbour Bay,wawan suanda,5,4 tahun lalu,,False,True,2026-10-08 20:49:46
Harbour Bay,Harbour Bay,Iwan Sukoco Iwan,5,4 tahun lalu,,False,False,2026-10-08 20:49:46
Harbour Bay,Harbour Bay,patrick ng,5,4 tahun lalu,,False,True,2026-10-08 20:49:46
Harbour Bay,Harbour Bay,SANI SA'ABAN,3,4 tahun lalu,,False,False,2026-10-08 20:49:46
Harbour Bay,Harbour Bay,Sulistyo Adhi Nugroho,5,4 tahun lalu,,False,True,2026-10-08 20:49:46
Harbour Bay,Harbour Bay,Lyudmilla Elud,5,4 tahun lalu,,False,True,2026-10-08 20:49:46
Harbour Bay,Harbour Bay,Hansy Passarella Setiadji,5,4 tahun lalu,,False,True,2026-10-08 20:49:46
Harbour Bay,Harbour Bay,Dermawan Aheng,5,4 tahun lalu,,False,False,2026-10-08 20:49:46
Harbour Bay,Harbour Bay,encek denni,5,4 tahun lalu,,False,False,2026-10-08 20:49:46
Harbour Bay,Harbour Bay,Patrick Lim,5,4 tahun lalu,,False,True,2026-10-08 20:49:46
Harbour Bay,Harbour Bay,doni hermawan,5,4 tahun lalu,,False,False,2026-10-08 20:49:46
Harbour Bay,Harbour Bay,Reqal Pranata,5,4 tahun lalu,,False,False,2026-10-08 20:49:46
Harbour Bay,Harbour Bay,meka mulyadi,5,4 tahun lalu,,False,True,2026-10-08 20:49:46
Harbour Bay,Harbour Bay,Al Ridho,5,4 tahun lalu,,False,True,2026-10-08 20:49:46
Harbour Bay,Harbour Bay,ahmadi ahmad,5,4 tahun lalu,,False,False,2026-10-08 20:49:46
Harbour Bay,Harbour Bay,Herry Heryadi,5,4 tahun lalu,,False,True,2026-10-08 20:49:46
Harbour Bay,Harbour Bay,Ferry,5,4 tahun lalu,,False,True,2026-10-08 20:49:46
Harbour Bay,Harbour Bay,Oloan Simanulang,5,4 tahun lalu,,False,True,2026-10-08 20:49:46
Harbour Bay,Harbour Bay,Teo Randy,3,4 tahun lalu,,False,True,2026-10-08 20:49:46
Harbour Bay,Harbour Bay,Rikmas Rikmas,5,4 tahun lalu,,True,False,2026-10-08 20:49:46
Harbour Bay,Harbour Bay,Ming Fa Wong,5,4 tahun lalu,,False,True,2026-10-08 20:49:46
Harbour Bay,Harbour Bay,Lyeseng Koh,5,4 tahun lalu,,False,False,2026-10-08 20:49:46
Harbour Bay,Harbour Bay,thanesh anand,5,4 tahun lalu,,False,False,2026-10-08 20:49:46
Harbour Bay,Harbour Bay,jason teo,5,4 tahun lalu,,False,True,2026-10-08 20:49:46
Harbour Bay,Harbour Bay,Dino Dino,5,4 tahun lalu,,False,True,2026-10-08 20:49:46
Harbour Bay,Harbour Bay,Sueraman Akiang,5,4 tahun lalu,,False,False,2026-10-08 20:49:46
Harbour Bay,Harbour Bay,niea niul,5,4 tahun lalu,,False,True,2026-10-08 20:49:46
Harbour Bay,Harbour Bay,coin coin mas,5,4 tahun lalu,,False,False,2026-10-08 20:49:46
Harbour Bay,Harbour Bay,P.Y.N Chanel,4,4 tahun lalu,,False,False,2026-10-08 20:49:46
Harbour Bay,Harbour Bay,Abdul Mukmin,4,4 tahun lalu,,False,False,2026-10-08 20:49:46
Harbour Bay,Harbour Bay,Absyar UcukNaaa,5,4 tahun lalu,,True,True,2026-10-08 20:49:46
Harbour Bay,Harbour Bay,Agust Andhika,5,4 tahun lalu,,False,False,2026-10-08 20:49:46
Harbour Bay,Harbour Bay,Sofi Anne,5,4 tahun lalu,,False,True,2026-10-08 20:49:46
Harbour Bay,Harbour Bay,Rikky Chandra,5,4 tahun lalu,,False,True,2026-10-08 20:49:46
Harbour Bay,Harbour Bay,Mardi Xia,5,4 tahun lalu,,False,True,2026-10-08 20:49:46
Harbour Bay,Harbour Bay,Andy Andy,5,4 tahun lalu,,False,False,2026-10-08 20:49:46
Harbour Bay,Harbour Bay,Friska Ekagia Ginting,5,4 tahun lalu,,False,False,2026-10-08 20:49:46
Harbour Bay,Harbour Bay,Doni Osmon,5,4 tahun lalu,,False,False,2026-10-08 20:49:46
Harbour Bay,Harbour Bay,frans kaban,5,4 tahun lalu,,False,False,2026-10-08 20:49:46
Harbour Bay,Harbour Bay,Rika Juwita,5,4 tahun lalu,,False,False,2026-10-08 20:49:46
Harbour Bay,Harbour Bay,Rosmansyah Rosmansyah,5,4 tahun lalu,,False,False,2026-10-08 20:49:46
Harbour Bay,Harbour Bay,WINDS Chanel,5,4 tahun lalu,,False,False,2026-10-08 20:49:46
Harbour Bay,Harbour Bay,andri zulfitri,5,4 tahun lalu,,False,True,2026-10-08 20:49:46
Harbour Bay,Harbour Bay,Sun Huat,4,4 tahun lalu,,False,True,2026-10-08 20:49:46
Harbour Bay,Harbour Bay,rudd candra,1,4 tahun lalu,,False,True,2026-10-08 20:49:46
Harbour Bay,Harbour Bay,David Mr Devv,4,4 tahun lalu,,False,True,2026-10-08 20:49:46
Harbour Bay,Harbour Bay,Muslim Effendi,5,4 tahun lalu,,False,True,2026-10-08 20:49:46
Harbour Bay,Harbour Bay,Prolan Herlangga,5,5 tahun lalu,,False,True,2026-10-08 20:49:46
Harbour Bay,Harbour Bay,Eddy lim,5,5 tahun lalu,,False,True,2026-10-08 20:49:46
Harbour Bay,Harbour Bay,Diaz Adhyatma,5,5 tahun lalu,,False,True,2026-10-08 20:49:46
Harbour Bay,Harbour Bay,Jefri Nirza,5,5 tahun lalu,,False,True,2026-10-08 20:49:46
Harbour Bay,Harbour Bay,Suandi Madiak,5,5 tahun lalu,,True,True,2026-10-08 20:49:46
Harbour Bay,Harbour Bay,Abdi Maulana Syar,5,5 tahun lalu,,False,True,2026-10-08 20:49:46
Harbour Bay,Harbour Bay,Jack Zakaria,5,5 tahun lalu,,False,False,2026-10-08 20:49:46
Harbour Bay,Harbour Bay,Agung Arif Gunawan,4,5 tahun lalu,,False,False,2026-10-08 20:49:46
Harbour Bay,Harbour Bay,Noer Bany Yusuf,5,5 tahun lalu,,False,True,2026-10-08 20:49:46
Harbour Bay,Harbour Bay,Adi Kurniawan,5,5 tahun lalu,,False,True,2026-10-08 20:49:46
Harbour Bay,Harbour Bay,riris keisha,5,5 tahun lalu,,False,True,2026-10-08 20:49:46
Harbour Bay,Harbour Bay,Wilson Wijaya,5,5 tahun lalu,,False,False,2026-10-08 20:49:46
Harbour Bay,Harbour Bay,Agus Budiluhur,5,5 tahun lalu,,False,False,2026-10-08 20:49:46
Harbour Bay,Harbour Bay,Dino Saputra,5,5 tahun lalu,,False,True,2026-10-08 20:49:46
Harbour Bay,Harbour Bay,Hadi Sufianto,2,5 tahun lalu,,False,True,2026-10-08 20:49:46
Harbour Bay,Harbour Bay,novaria Tahti,5,5 tahun lalu,,False,False,2026-10-08 20:49:46
Harbour Bay,Harbour Bay,yanbahariah,5,5 tahun lalu,,False,True,2026-10-08 20:49:46
Harbour Bay,Harbour Bay,Krisna Hernawan Riadi,5,5 tahun lalu,,False,False,2026-10-08 20:49:46
Harbour Bay,Harbour Bay,danni dhionesius,4,5 tahun lalu,,False,False,2026-10-08 20:49:46
Harbour Bay,Harbour Bay,Pernandesz Sagala,5,5 tahun lalu,,False,False,2026-10-08 20:49:46
Harbour Bay,Harbour Bay,Asngari Asngari,5,5 tahun lalu,,False,True,2026-10-08 20:49:46
Harbour Bay,Harbour Bay,Pandu Prakarsa,4,5 tahun lalu,,False,True,2026-10-08 20:49:46
Harbour Bay,Harbour Bay,Pasaribu,5,6 tahun lalu,,False,True,2026-10-08 20:49:46
Harbour Bay,Harbour Bay,Ai Tie,5,6 tahun lalu,,False,False,2026-10-08 20:49:46
Harbour Bay,Harbour Bay,Hendra Warsito,3,6 tahun lalu,,False,True,2026-10-08 20:49:46
Harbour Bay,Harbour Bay,Yosse Nisar,4,6 tahun lalu,,False,True,2026-10-08 20:49:46
Harbour Bay,Harbour Bay,Zakirman Btm,5,6 tahun lalu,,False,False,2026-10-08 20:49:46
Harbour Bay,Harbour Bay,Topik Pulaumas,1,6 tahun lalu,,False,False,2026-10-08 20:49:46
Harbour Bay,Harbour Bay,H.Harianis Har,5,6 tahun lalu,,False,False,2026-10-08 20:49:46
Harbour Bay,Harbour Bay,Daniel Adhi,4,6 tahun lalu,,False,True,2026-10-08 20:49:46
Harbour Bay,Harbour Bay,B.M.C bukit muliya cup,2,6 tahun lalu,,False,False,2026-10-08 20:49:46
Harbour Bay,Harbour Bay,Ahmad Nabawi,5,6 tahun lalu,,False,True,2026-10-08 20:49:46
Harbour Bay,Harbour Bay,Yenny Ong,4,6 tahun lalu,,False,True,2026-10-08 20:49:46
Harbour Bay,Harbour Bay,Sky TrX,5,6 tahun lalu,,False,True,2026-10-08 20:49:46
Harbour Bay,Harbour Bay,ANUGRAH MANGGALA JAYA,5,6 tahun lalu,,False,True,2026-10-08 20:49:46
Harbour Bay,Harbour Bay,Nizam Lope98,3,6 tahun lalu,,False,True,2026-10-08 20:49:46
Harbour Bay,Harbour Bay,Roslan Abdul Razak (Olan),5,7 tahun lalu,,False,False,2026-10-08 20:49:46
Harbour Bay,Harbour Bay,fariz,4,8 tahun lalu,,False,True,2026-10-08 20:49:46
Harbour Bay,Harbour Bay,Yulia Permata Sari,4,8 tahun lalu,,False,True,2026-10-08 20:49:46
Harbour Bay,Harbour Bay,Graha Tobin,5,8 tahun lalu,,True,True,2026-10-08 20:49:46
Harbour Bay,Harbour Bay,Susilo Waras,1,8 tahun lalu,,False,False,2026-10-08 20:49:46
Harbour Bay,Harbour Bay,mohamad rivai,5,8 tahun lalu,,False,True,2026-10-08 20:49:46
Harbour Bay,Harbour Bay,DHANI CHANNEL,5,8 tahun lalu,,False,False,2026-10-08 20:49:46
Harbour Bay,Harbour Bay,Mia Mulyani,4,8 tahun lalu,,False,True,2026-10-08 20:49:46
Harbour Bay,Harbour Bay,MUHAMAD RIDO,5,8 tahun lalu,,False,True,2026-10-08 20:49:46
Harbour Bay,Harbour Bay,Hamdan EL Movey,1,8 tahun lalu,,False,True,2026-10-08 20:49:46
Harbour Bay,Harbour Bay,Cak Hadi Al-Faqiir,3,9 tahun lalu,,False,True,2026-10-08 20:49:46
Harbour Bay,Harbour Bay,Mohammed Showkat Osman Manik Chowdary,5,9 tahun lalu,,False,False,2026-10-08 20:49:46
Harbour Bay,Harbour Bay,palti raja,4,9 tahun lalu,,False,False,2026-10-08 20:49:46
Harbour Bay,Harbour Bay,harupitari vi,3,9 tahun lalu,,False,True,2026-10-08 20:49:46
Harbour Bay,Harbour Bay,Melvin Tan,5,9 tahun lalu,,False,False,2026-10-08 20:49:46
Harbour Bay,Harbour Bay,syafri wandi,1,9 tahun lalu,,False,False,2026-10-08 20:49:46
Harbour Bay,Harbour Bay,KYEONGHO KIM,3,9 tahun lalu,,False,True,2026-10-08 20:49:46
Harbour Bay,Harbour Bay,Riki Ramadhan,5,9 tahun lalu,,False,False,2026-10-08 20:49:46
Harbour Bay,Harbour Bay,Elvi Sugar,5,9 tahun lalu,,False,True,2026-10-08 20:49:46
Harbour Bay,Harbour Bay,atikah Nurul,5,9 tahun lalu,,False,False,2026-10-08 20:49:46
Harbour Bay,Harbour Bay,Batam City,5,9 tahun lalu,,False,False,2026-10-08 20:49:46
Harbour Bay,Harbour Bay,Peter Lamm,4,9 tahun lalu,,False,True,2026-10-08 20:49:46
Harbour Bay,Harbour Bay,Ari Satria Putra,4,10 tahun lalu,,False,True,2026-10-08 20:49:46
Harbour Bay,Harbour Bay,Robi Goh,5,10 tahun lalu,,False,True,2026-10-08 20:49:46
Harbour Bay,Harbour Bay,Bok Lamhong,5,10 tahun lalu,,False,False,2026-10-08 20:49:46
Harbour Bay,Harbour Bay,tan Bh,4,10 tahun lalu,,False,True,2026-10-08 20:49:46
Harbour Bay,Harbour Bay,Daniel Wu,3,10 tahun lalu,,False,True,2026-10-08 20:49:46
Harbour Bay,Harbour Bay,Zubriyanto Sofjan,3,10 tahun lalu,,False,True,2026-10-08 20:49:46
Harbour Bay,Harbour Bay,ali bosar,4,10 tahun lalu,,False,False,2026-10-08 20:49:46
Harbour Bay,Harbour Bay,Yohanes Heriyanto,4,10 tahun lalu,,False,True,2026-10-08 20:49:46
Harbour Bay,Harbour Bay,Willy Lin,4,10 tahun lalu,,False,True,2026-10-08 20:49:46
Harbour Bay,Harbour Bay,Ar dha (Ardha),5,10 tahun lalu,,False,True,2026-10-08 20:49:46
Harbour Bay,Harbour Bay,rifai fai,5,10 tahun lalu,,False,False,2026-10-08 20:49:46
Harbour Bay,Harbour Bay,Jolie Fashion,2,10 tahun lalu,,False,False,2026-10-08 20:49:46
Harbour Bay,Harbour Bay,Abdul Azis Azis,5,11 tahun lalu,,False,False,2026-10-08 20:49:46
Harbour Bay,Harbour Bay,alpino aristian,5,11 tahun lalu,,False,True,2026-10-08 20:49:46
Harbour Bay,Harbour Bay,Ridwan Khusuma,4,11 tahun lalu,,False,False,2026-10-08 20:49:46
Harbour Bay,Harbour Bay,Michelle D.30,5,11 tahun lalu,,False,False,2026-10-08 20:49:46
Telaga Punggur,Telaga Harbour Crossing Punggur,Daniel Tantama,2,Diedit 5 tahun lalu,"Bangunan terlihat masih baru, tapi tidak terawat. Semua sistem masih manual, dari pembelian, menunggu kapal, sirkulasi menuju kapal hingga naik kapal. Dan sedihny kapal ferry pun tidak terawat. Poor..",True,True,2026-10-08 20:49:46
Telaga Punggur,Telaga Harbour Crossing Punggur,suhiman rasmad,3,9 tahun lalu,"Bagus, Kapal roro membantu sebagai jembatan transportasi laut dan darat",True,True,2026-10-08 20:49:46
Telaga Punggur,Telaga Harbour Crossing Punggur,Rian Paisal,4,4 tahun lalu,Truck/ Lori sebaiknya antri lebih pagi biar cepat masuk ke kapal dan ada pemeriksaan oleh Bea Cukai,True,True,2026-10-08 20:49:46
Telaga Punggur,Telaga Harbour Crossing Punggur,Dhonny 89,1,2 tahun lalu,"Kota maju,,Pelabuhan dan kapalnya ketinggalan jaman",True,True,2026-10-08 20:49:46
Telaga Punggur,Telaga Harbour Crossing Punggur,Herland Sembiring,4,9 tahun lalu,Penyeberangan sangat padat di hari libur. Sebaiknya pertimbangkan mau bawa mobil pribadi atau rental mobil ditempat tujuan.,True,True,2026-10-08 20:49:46
Telaga Punggur,Telaga Harbour Crossing Punggur,maju jaya,2,2 tahun lalu,"Kapal roro sering telat sandar, proses sandar bisa 30menit, menyebabkan penumpukan penumpang, tolong ditingkatkan pelayanan dan efisiensi waktu tunggu dan tambah armada..",False,False,2026-10-08 20:49:46
Telaga Punggur,Telaga Harbour Crossing Punggur,MingArt Space,4,10 tahun lalu,"Masyarakat KEPRI mengenalnya dengan pelabuhan Roro, dari pelabuhan ini anda bisa menyebarang ke Dabo dan Tanjung Uban dengan membawa sepeda motor atau mobil, khusus ke Tanjung Uban ASDP disini melayani 4 kali berlayar PP Batam - uban .",False,True,2026-10-08 20:49:46
Telaga Punggur,Telaga Harbour Crossing Punggur,Fotocopy Pasarbaru Tanjung Uban - Public Service,4,10 tahun lalu,"Terus ditingkatkan, Sarana transportasi laut yang membantu dan membangun perekonomian masyarakat Kepulauan Riau.",False,True,2026-10-08 20:49:46
Telaga Punggur,Telaga Harbour Crossing Punggur,Surya Mandala,3,8 tahun lalu,Bagus sekali kapal nya seperti (kmp lome kmp muria dan kmpbarau dll.😇😇😇😠,True,True,2026-10-08 20:49:46
Telaga Punggur,Telaga Harbour Crossing Punggur,ARIL IVC,5,9 tahun lalu,Kalau membawa mobil atau motor ke pekan baru bisa lewat pelabuhan ini ya... Tolong info nya?,False,False,2026-10-08 20:49:46
Telaga Punggur,Telaga Harbour Crossing Punggur,KANTOR POS BATAM,3,9 tahun lalu,"Antrian panjang kalo pas liburan, khusus yang fasilitas Ftz susah keluar dari Batam",False,True,2026-10-08 20:49:46
Telaga Punggur,Telaga Harbour Crossing Punggur,Emde,4,3 tahun lalu,"Pelabuhan penyeberangan orang dan kendaraan dari dan ke tanjung uban, bintan",False,True,2026-10-08 20:49:46
Telaga Punggur,Telaga Harbour Crossing Punggur,wedi Aprizal,4,9 tahun lalu,"Naik Roro bisa bawa kendaraan. Pinang,Dabo, Buton(Pekanbaru)",False,True,2026-10-08 20:49:46
Telaga Punggur,Telaga Harbour Crossing Punggur,zuhri adam,3,Diedit 8 tahun lalu,Semoga usulan Kepala Pelabuhan Ro-Ro Tg. Uban bisa terwujud....Amin,True,False,2026-10-08 20:49:46
Telaga Punggur,Telaga Harbour Crossing Punggur,IKA SKMA KEPRI,3,10 tahun lalu,Perbaikan merubah kenyamanan. Di tunggu selesai perbaikannya,False,True,2026-10-08 20:49:46
Telaga Punggur,Telaga Harbour Crossing Punggur,Channel YouTube LAMBE MUNCIS,3,8 tahun lalu,"Pelabuhan penyeberangan Batam Tanjung Pinang,Batam Tanjung uban.",False,True,2026-10-08 20:49:46
Telaga Punggur,Telaga Harbour Crossing Punggur,Sattridha Novfykar,4,10 tahun lalu,19 maret 2016 ocean ferry,False,True,2026-10-08 20:49:46
Telaga Punggur,Telaga Harbour Crossing Punggur,sesardy 07,5,10 tahun lalu,Sangat nyaman,False,True,2026-10-08 20:49:46
Telaga Punggur,Telaga Harbour Crossing Punggur,Danu Asrovy,1,11 tahun lalu,Tujuan,False,False,2026-10-08 20:49:46
Telaga Punggur,Telaga Harbour Crossing Punggur,Mhd. Munirul Ikhwan,3,8 tahun lalu,Lebih ditingkatkan,False,True,2026-10-08 20:49:46
Telaga Punggur,Telaga Harbour Crossing Punggur,Ariyo,4,10 tahun lalu,Berpotensi memainkan peran penting dalam pembangunan regional Kepulauan Riau. Diterjemahkan oleh Google ・ Lihat versi asli (Inggris),False,True,2026-10-08 20:49:46
Telaga Punggur,Telaga Harbour Crossing Punggur,Febi Masfar,4,9 tahun lalu,Bagus Diterjemahkan oleh Google ・ Lihat versi asli (Inggris),True,True,2026-10-08 20:49:46
Telaga Punggur,Telaga Harbour Crossing Punggur,yudi ahmad,4,10 tahun lalu,Ke Tanjung Pinang lewat sini Diterjemahkan oleh Google ・ Lihat versi asli (Melayu),False,True,2026-10-08 20:49:46
Telaga Punggur,Telaga Harbour Crossing Punggur,ipan sianturi,4,10 tahun lalu,Seperti aza Diterjemahkan oleh Google ・ Lihat versi asli (Inggris),False,True,2026-10-08 20:49:46
Telaga Punggur,Telaga Harbour Crossing Punggur,sabran riau,5,setahun lalu,,False,True,2026-10-08 20:49:46
Telaga Punggur,Telaga Harbour Crossing Punggur,Ggaja_ “master” Ma,5,2 tahun lalu,,False,True,2026-10-08 20:49:46
Telaga Punggur,Telaga Harbour Crossing Punggur,Yulizar ST,4,2 tahun lalu,,False,False,2026-10-08 20:49:46
Telaga Punggur,Telaga Harbour Crossing Punggur,アルディ Ardi Irwan,5,2 tahun lalu,,False,True,2026-10-08 20:49:46
Telaga Punggur,Telaga Harbour Crossing Punggur,Farih Dz,5,3 tahun lalu,,False,True,2026-10-08 20:49:46
Telaga Punggur,Telaga Harbour Crossing Punggur,astri yeni,5,4 tahun lalu,,False,True,2026-10-08 20:49:46
Telaga Punggur,Telaga Harbour Crossing Punggur,Rosita Suyadi,5,7 tahun lalu,,False,False,2026-10-08 20:49:46
Telaga Punggur,Telaga Harbour Crossing Punggur,Dede Kurniawan,2,7 tahun lalu,,False,True,2026-10-08 20:49:46
Telaga Punggur,Telaga Harbour Crossing Punggur,Rickardo Pandiangan,5,7 tahun lalu,,False,True,2026-10-08 20:49:46
Telaga Punggur,Telaga Harbour Crossing Punggur,jenny窦 晶 晶,5,8 tahun lalu,,False,True,2026-10-08 20:49:46
Telaga Punggur,Telaga Harbour Crossing Punggur,S,3,8 tahun lalu,,False,True,2026-10-08 20:49:46
Telaga Punggur,Telaga Harbour Crossing Punggur,Sunendi,5,8 tahun lalu,,False,True,2026-10-08 20:49:46
Telaga Punggur,Telaga Harbour Crossing Punggur,Bagas Sujatnika,5,8 tahun lalu,,False,False,2026-10-08 20:49:46
Telaga Punggur,Telaga Harbour Crossing Punggur,Julianda Sinyeu,3,9 tahun lalu,,False,False,2026-10-08 20:49:46
Telaga Punggur,Telaga Harbour Crossing Punggur,Muhammad Fadl Insani,5,9 tahun lalu,,False,True,2026-10-08 20:49:46
Telaga Punggur,Telaga Harbour Crossing Punggur,Batam Komunika Konsultan,4,9 tahun lalu,,False,True,2026-10-08 20:49:46
Telaga Punggur,Telaga Harbour Crossing Punggur,Fajri Anto,4,10 tahun lalu,,False,False,2026-10-08 20:49:46
Telaga Punggur,Telaga Harbour Crossing Punggur,Syuriansyah Achmadi,4,10 tahun lalu,,False,True,2026-10-08 20:49:46
Telaga Punggur,Telaga Harbour Crossing Punggur,Syukri Kurniawan,4,10 tahun lalu,,False,False,2026-10-08 20:49:46
Telaga Punggur,Telaga Harbour Crossing Punggur,Benghock Lie,4,10 tahun lalu,,False,True,2026-10-08 20:49:46
Telaga Punggur,Telaga Harbour Crossing Punggur,Moch Romli,4,10 tahun lalu,,False,False,2026-10-08 20:49:46
Telaga Punggur,Telaga Harbour Crossing Punggur,Wei Qiang,4,10 tahun lalu,,False,False,2026-10-08 20:49:46
Telaga Punggur,Telaga Harbour Crossing Punggur,Ady mincit,5,10 tahun lalu,,False,False,2026-10-08 20:49:46
Telaga Punggur,Telaga Harbour Crossing Punggur,Pieter Tappi,2,10 tahun lalu,,False,False,2026-10-08 20:49:46
Telaga Punggur,Telaga Harbour Crossing Punggur,Rait si loja loja,4,10 tahun lalu,,False,False,2026-10-08 20:49:46
Telaga Punggur,Telaga Harbour Crossing Punggur,Rio,5,10 tahun lalu,,False,True,2026-10-08 20:49:46
Telaga Punggur,Telaga Harbour Crossing Punggur,Redz Aida,2,10 tahun lalu,,False,False,2026-10-08 20:49:46
Telaga Punggur,Telaga Harbour Crossing Punggur,erwin saputra,5,11 tahun lalu,,False,False,2026-10-08 20:49:46
Telaga Punggur,Telaga Punggur,Gina Atikah,5,2 tahun lalu,"Pelabuhan ini menawarkan fasilitas yang lengkap, kapal yang nyaman, dan kemudahan bagi penumpang yang ingin membawa kendaraan. Saya sangat merekomendasikan pelabuhan ini bagi siapa saja yang ingin bepergian ke Tanjung Uban dari Batam. Tips: Sebaiknya datang ke pelabuhan lebih awal, terutama saat peak season, untuk menghindari antrian panjang. Pastikan Anda memiliki tiket yang valid sebelum memasuki kapal. Membawa kartu brizzi yang sudah terisi saldo Ikuti instruksi dari petugas pelabuhan untuk memastikan kelancaran proses bongkar muat kendaraan.",True,True,2026-10-08 20:49:46
Telaga Punggur,Telaga Punggur,Susmi Varisca,4,3 tahun lalu,"Catatan untuk naik roro (membawa kendaraan) dari punggur-ke tanjung uban melalui pelabuhan telaga punggur : 1. Untuk membeli tiket, siapkan uang dalam bentuk e-money (kartu brizzi). Bila tidak punya kartu, dapat membeli di konter yang telah disediakan (didekat gerbang masuk kendaraaan) 2. Di konter tersebut, anda juga bisa mengisi ulang kartu tersebut. 3. Selalu ingat/ memfoto plat kendaraan (karena dibutuhkan untuk syarat pembelian tiket) 4. Selalu membawa surat penting kendaraan (sim, stnk, dll) 5. Tidak membuang boarding pass (setelah pembelian tiket anda akan dapat 2/3 kertas dan salah satunya ialah kertas boarding pass yang merupakan syarat masuk kapal) 6. Setelah membeli tiket anda dapat mengantri/ membawa kendaraan ke tempat tunggu. 7. Berhati-hati saat masuk kapal.",True,True,2026-10-08 20:49:46
Telaga Punggur,Telaga Punggur,lexa diakilan,2,setahun lalu,Ribet...pesan online di informasi..pas mo bayar via mbanking gangguan mulu..dsuru bayar cash ke koperasi..🤦‍♀️..ftz ad yg lewat ad yg gk..ytta z lha yahh...🙈🙊,False,False,2026-10-08 20:49:46
Telaga Punggur,Telaga Punggur,Setio S,4,Diedit 2 tahun lalu,Pelabuhan Roro Telaga Punggur,True,True,2026-10-08 20:49:46
Telaga Punggur,Telaga Punggur,Alfa Rizzy,5,3 tahun lalu,"Izin nanya. Saya 2 Minggu lalu bawa motor dari tg.balai Jadi rencana nya. Saya mau kirim motor kesana. Cuman motor saja. Berapa biaya nya. Dan apa saja persyaratan nya. Soal nya dari sana kemaren. Gak ada persyaratan apa""",False,True,2026-10-08 20:49:46
Telaga Punggur,Telaga Punggur,Kennedy Nama Game,1,3 tahun lalu,"Petugas tiket yg perempuan bentak2, petugas di dalam yg cowok rese, suruh buka masker padahal org lg diem aja. Bener2 sdm di sini kurang",False,True,2026-10-08 20:49:46
Telaga Punggur,Telaga Punggur,Widi Nugroho,5,10 bulan lalu,Sampai jumpa kapan kapan,True,True,2026-10-08 20:49:46
Telaga Punggur,Telaga Punggur,Syam Udin,5,setahun lalu,Kota batam emang mantap 👌👍🤗,False,True,2026-10-08 20:49:46
Telaga Punggur,Telaga Punggur,Sugi Anto,4,3 tahun lalu,Lebih baik dari sebelumnya,False,True,2026-10-08 20:49:46
Telaga Punggur,Telaga Punggur,W M,5,3 tahun lalu,"Staf di konter sangat membantu.. jangan salah terminal. ini hanya untuk feri roro. pergi ke Pulau Bintan, tetapi pelabuhan Tanjung Uban. bukan Tanjung Pinang. Terminal feri ke Tanjung Pinang berada tepat di dekat pelabuhan ini. bisa duduk dan minum teh sambil menonton roro. Diterjemahkan oleh Google ・ Lihat versi asli (Inggris)",True,True,2026-10-08 20:49:46
Telaga Punggur,Telaga Punggur,alifHijaiyahalif,3,2 bulan lalu,,False,True,2026-10-08 20:49:46
Telaga Punggur,Telaga Punggur,Ombak Binasi Group,3,3 tahun lalu,,False,False,2026-10-08 20:49:46
Telaga Punggur,PT ASDP Indonesia Ferry (Persero),family batam,1,7 bulan lalu,"Yth. Pihak Terkait, Saya ingin melaporkan dan memohon tindak lanjut terkait dugaan praktik percaloan tiket penyeberangan Roro Telaga Punggur Batam yang merugikan masyarakat. Adapun kronologi singkat kejadian: Pada tanggal 13 Maret 2026, saya hendak melakukan penyeberangan Roro melalui Pelabuhan Telaga Punggur Batam dengan tujuan Mengkapan Riau. Saat akan melakukan pembelian tiket, saya mengalami kesulitan karena tiket dinyatakan habis pada sistem/aplikasi resmi ferizy.com. Namun demikian, di area sekitar Pelabuhan ASDP Telaga Punggur Batam terdapat oknum yang menawarkan tiket dengan harga yang jauh lebih tinggi dari tarif resmi. Oknum tersebut mengaku dapat membantu mempercepat proses pemesanan tiket keberangkatan dengan syarat membayar sejumlah uang tambahan di luar ketentuan resmi. Praktik ini dilakukan secara terbuka dan terkesan sudah menjadi kebiasaan. Akibat kejadian tersebut, saya merasa dirugikan baik secara materiil maupun waktu, serta menilai praktik ini mencederai ASDP",False,False,2026-10-08 20:49:46
Telaga Punggur,PT ASDP Indonesia Ferry (Persero),Beng Beng,1,8 bulan lalu,"Saya mengalami kendala saat memesan tiket kapal RORO rute Tanjung Uban–Batam melalui website. Kuota penumpang awalnya masih tersedia, namun tiba-tiba menjadi 0 saat proses pemesanan tanpa penjelasan. Call center yang dihubungi juga belum memberikan solusi. Mohon sistem dan layanan informasi dapat ditingkatkan agar lebih jelas dan tidak membingungkan penumpang🙏",False,False,2026-10-08 20:49:46
Telaga Punggur,PT ASDP Indonesia Ferry (Persero),susela lalu,1,setahun lalu,"Sering terjadi antrian panjang, penumpang yang bawa kendaraan bisa berjam jam nunggu roro yg dari uban, apalagi saat musim liburan atau hari raya ditambah kmp barau yg tak beroperasi sesuai jadwal pada pukul alasan perbaikan, buat asdp punggur agar dapat menambah unit roro jika saat musim liburan atau weekend..",True,False,2026-10-08 20:49:46
Telaga Punggur,PT ASDP Indonesia Ferry (Persero),Feeebriyan Waan Leo Thantri,5,setahun lalu,Pelayanan Roro ASDP PUNGGUR. MANTAP Bagus. Bagi Saya Tiket Online Sangat Membantu Bisa Mengatur Keberangkatan Dan Tidak Buruh-buruh. Petugas SATPAM Ramah-Ramah,True,False,2026-10-08 20:49:46
Telaga Punggur,PT ASDP Indonesia Ferry (Persero),Akun Ganda,1,7 bulan lalu,"Ada abk / pegawai ASDP merokok di tempat penumpang, sudah ditegur malah di abaikan",True,False,2026-10-08 20:49:46
Telaga Punggur,PT ASDP Indonesia Ferry (Persero),Arif Harmen,5,6 bulan lalu,"mohon untuk petugas ASDP yang bernama Muhammad Khaidir.. tolong saya tunggu ititkat baik nya, blm jga di transfer uang saya",False,False,2026-10-08 20:49:46
Telaga Punggur,PT ASDP Indonesia Ferry (Persero),Nadia tullah,1,setahun lalu,"Petugasnya buruk banget sih parah, ga ada attitude dan tata krama sama sekali. saya lagi di kejar waktu buat pulang waktu itu terjadi kendala pas mau pembayaran karna beli tiket online, awalnya saya minta tolong untuk di belikan tiket oleh petugas sana atau di bantu untuk pembayaran karna waktu itu pembayaran pake e-banking bca lagi ga bisa, tentunya kalau di bantu saya pasti ganti uangnya, saya bisa bayar lebih kalo bersedia di bantu, tapi nihil boro² di bantu saya tanya sama petugasnya masih ada penyeberangan terakhir nggak, kata mas nya udah ga ada itu yang terakhir jam 5 (di jawab dengan muka malas tanpa menatap dan fokus ke hp nya) atleast kalo ga bisa atau ga mau bantu tapi ada sedikit respek dan itu attitude, masa orang yang di pekerjakan ga berettitude, saya udah hampir putus asa waktu itu hampir bermalam di batam, saya liat di jadwal pun emang yang last jam 5, tapi waktu itu syukurnya ada bapak² lewat kayaknya penduduk sana bilang ke saya kalo masih ada roro terakhir jam 6, akhirnya saya coba cek lagi dan ternyata memang bener ada jam 6 akhirnya saya beli tiket yang jam 6, meskipun ujung²nya terjadi kendala juga pas di tengah perjalanan kapal nyangkut di karang. Kejadiannya 16 Mei 2025",False,False,2026-10-08 20:49:46
Telaga Punggur,PT ASDP Indonesia Ferry (Persero),Rian SP,1,setahun lalu,"Selalu molor dr jadwal klo berangkat, beli tiket yg 17.40 dr Batam ke Tanjung Uban br masuk kapal jam 18.30 dan br berangkat jam 21.00 tanpa ada penjelasan kenapa bs nunggu selama t buat berangkat pdhl semua selesai proses loading. Tolong lakukan perbaikan pelayanannya, apa gunanya pejualan tiket melalui aplikasi kalau berangat g sesuai jam yg dipilih malah jd peluang bagi oknum calo tiket.",False,False,2026-10-08 20:49:46
Telaga Punggur,PT ASDP Indonesia Ferry (Persero),Hariz Sinatrya,4,9 tahun lalu,"Harganya reasonable untuk penyebrangan Bintan - Batam. Fasilitas umum seperti toilet, kantin dan mushallanya masih bisa ditingkatkan. Selain itu, kebersihan dan maintenance kapal juga masih perlu ditingkatkan.",True,True,2026-10-08 20:49:46
Telaga Punggur,PT ASDP Indonesia Ferry (Persero),Ryansyaah Putra,1,setahun lalu,"29-12-24 jual tiket jam 7 pagi tapi diluar kapasitas kapal, sampai jam 08.24, masih belum berangkat tiket yang jam 7 pagi Saran jual tiket sesuai kapasitas kapal jadi tidak membuat penumpang yang lain menunggu, waktu itu sangat penting pak",False,False,2026-10-08 20:49:46
Telaga Punggur,PT ASDP Indonesia Ferry (Persero),eko sasmito hadi,3,3 tahun lalu,"Areal terminal tunggu masih kurang luas, harus disesuaikan pertumbuhan pergerakan manusia dan barang antar pulau",True,True,2026-10-08 20:49:46
Telaga Punggur,PT ASDP Indonesia Ferry (Persero),Fajri Jikrilah,1,11 bulan lalu,"Kapal bobrok, delay, delay, gangguan, muter-muter di laut hampir sejam, tidak ada perjelasan lanjut terkait masalah tsb, tidak ada kompensasi, buang-buang waktu penumpang",False,False,2026-10-08 20:49:46
Telaga Punggur,PT ASDP Indonesia Ferry (Persero),angga prayudi,1,setahun lalu,"Tolong diperbaiki armada & pelayanan KMP. CITRA MANDALA ABADI.. dari telaga punggur tujuan meng kapan, Buton.. Kapal kotor, mo ke toilet antri sampai 30 menit.. Perjalanan sangat lama memakan waktu 22 jam..",False,False,2026-10-08 20:49:46
Telaga Punggur,PT ASDP Indonesia Ferry (Persero),Anggraini KZ,1,setahun lalu,"buat tiket online jam 13.45 tapi actual nya ga sesuai, nanya ke security malah dijawab jangan samakan jam ditiket dan dilapang, gunanya ada pilihan jam waktu pembelian tiket apa kira kira kalau ujung ujungnya masih harus nunggu berjam jam",False,False,2026-10-08 20:49:46
Telaga Punggur,PT ASDP Indonesia Ferry (Persero),Alexa Romy,1,setahun lalu,"Sistem tiketing online masih mengganjal di lubuk hati saya, sangat tidak efisien diterapkan. Yang awalnya tidak dikenakan biaya admin skrg online malah dikenakan 2ribu+, dan saya tidak yakin semua orang terutama orang2 yg sudah lanjut usia mampu mengakses link, mendaftar, dll. Oh ya, biaya admin untuk pembayaran tiket secara cash mahal, kenapa? Secara kalian koperasi ASDP yang sudah punya kerjasama dengan Ferizy. Atas dasar apa biaya admin lebih mahal bila membayar di koperasi ASDP daripada membayar lewat e-money/m-banking? Apa karena mempekerjakan orang jadi harus bayar lebih. Terus kenapa lokasi pelayanan informasi, scan kode QR tiket, dan koperasi berjauhan? Kalian nyuruh kami untuk bolak-balik gitu?",False,False,2026-10-08 20:49:46
Telaga Punggur,PT ASDP Indonesia Ferry (Persero),Stefani Palupiningsih,1,setahun lalu,"Maaf,saya komplen dengan tata cara ataupun aplikasi anda karna kami sudah berhari2 terkatung2 tidak mendapatkan kuota keberangkatan dari Punggur ke uban ataupun sebaliknya,padahal kami buka saat jam keberangkatan muncul diaplikasi tapi kuota NOL,sebelumnya dicek tidak ada muncul jam keberangkatan Mohon diperbaiki,kami udah rugi waktu n dana",True,False,2026-10-08 20:49:46
Telaga Punggur,PT ASDP Indonesia Ferry (Persero),Dedi Saputra,1,setahun lalu,"Pelayanan nya buruk masak iya di dahulukan mobil pribadi dan itu memotong antrian di saat liburan, sedangkan mobil angkutan yg bawa barang pangan harus tinggal yg harusnya tiap hari jalan bukan di saat liburan",False,False,2026-10-08 20:49:46
Telaga Punggur,PT ASDP Indonesia Ferry (Persero),PAN BOY,1,2 tahun lalu,"pelayanan amburadul, sering ketinggalan kapal karena petugas loket sangat lamban. kapal roro lamban bahkan sampai 2 jam perjalanan, kalau nggak terlalu penting mending naik Speedboat ke tj uban dan sewa mobil aja disana, sarana dan prasarana jelek. bisa bisanya ada yang ngamen di kapal selama 1 jam full nyanyi dengan sound system seadanya, pengen di kapal itu istirahat bukan dengarin suara yang ngggk enak + sound system ny aduhh",False,False,2026-10-08 20:49:46
Telaga Punggur,PT ASDP Indonesia Ferry (Persero),Yunus Nech,1,setahun lalu,"Amburadul, naikkan penumpang over kapasitas.. Udah kayak naikkan hewan aja.. Perjalanan jauh penumpang gak dapat tempat.. Kalau memang gak layak untuk angkut penumpang, gak usah naikkan penumpang, masa ga bisa hitung berapa jumlah tempat dudukanya, klo udah penuh gak usah naikkan lagi.. pemerintah harusnya tindak tegas kalau gak layak bawa penumpang gak usah ijinkan bawa penumpang..",False,False,2026-10-08 20:49:46
Telaga Punggur,PT ASDP Indonesia Ferry (Persero),alvaro beno,1,setahun lalu,"Kapal Citra Mandala Abadi rute Batam - Tj Buton jgn di operasikan lagi, kapal kotor, toilet kotor, kualitas air jelek, kru tidak ramah, AC Mati, telat nya ngaret banget, banyak kecoa",False,False,2026-10-08 20:49:46
Telaga Punggur,PT ASDP Indonesia Ferry (Persero),Christine Farrah Nayoan,3,2 tahun lalu,Isi ulang kartu roro dibatam adanya di dalam kantin dalam ruang tunggu yang sangat sempit dan cuma 1 staff yg melayani dengan jumlah penumpang yg luar biasa padat pada saat liburan.. tolong di perhatikan perkembangan nya untuk kenyamanan dan kemudahan penumpang.... Terima kasih,False,False,2026-10-08 20:49:46
Telaga Punggur,PT ASDP Indonesia Ferry (Persero),Aja Ardy,3,4 tahun lalu,"Minta tolong yg ngamen diatas kapal perhatikan hak hak penumpang. Suara sound terlalu keras, mending lagunya enak. Tak semua orang suka musik. Mulai dari berangkat sampai hampir tiba saya tak bisa nelpon. Bising sekali. Please kalau mau ngamen, volume yg wajar dan jgn terlalu lama. Saya naik roro pertama hari ini 30 Juni 2022 dari Telaga Punggur ke Tanjung Uban. Sangat tak nyaman.",False,True,2026-10-08 20:49:46
Telaga Punggur,PT ASDP Indonesia Ferry (Persero),Rayhansyah Aulia Putra,1,setahun lalu,"Pelayanan jelek, udah tau rame penumpang tambah dermaga loading sama armada kapal lah bos! Ga punya urat malu ya? Perusahaan plat merah loh.",False,False,2026-10-08 20:49:46
Telaga Punggur,PT ASDP Indonesia Ferry (Persero),Asset Management Unit,1,setahun lalu,"Petugas maupun management pihak ASDP ga jelas, bisa-bisanya pergi tidak sesuai jadwal pembelian tiket",False,False,2026-10-08 20:49:46
Telaga Punggur,PT ASDP Indonesia Ferry (Persero),Okay Pratama,1,4 tahun lalu,"Tidak komitmen dan tidak bisa dipegang janjinya,dengan alasan tidak cukup uang pihak ASDP Punggur tidak mau membayar sewa TUG BOAT yang digunakan untuk menarik / pendampingan Kapal roro yang kandas di selat riau beberapa minggu lalu",False,False,2026-10-08 20:49:46
Telaga Punggur,PT ASDP Indonesia Ferry (Persero),PPRS Wilayah Sekupang,2,3 tahun lalu,Tolong Diperhatikan Untuk Tempat istirahat Supir yang membawa kenderaan untuk menyeberang. Karena kalau supir tidak ada tempat untuk istirahat itu berbahaya untuk keselamatannya saat akan mengemudi di perjalanan jauh.,False,False,2026-10-08 20:49:46
Telaga Punggur,PT ASDP Indonesia Ferry (Persero),Yovi Ardian,2,2 tahun lalu,"Pelabuhan Roro Telaga Punggur.. Sangat tidak memuaskan untuk kita para pengguna dlm layanan yg ada... Ketika kita mau cari informasi...no kontak yg ada di hubungi tidak ada yg angkat... Media sosial yg ada semuanya slow respon.. Dan update info di medianya yg pernah sya jumpai agak telat.. Sudah pesan tiket di hari yg di pilih ternyata jadwalnya kita ketahui berubah... Jadi tidak dapat naik kapal yg diinginkan.. Namun bisa di bantu untuk pindah hari/jadwal.. Untuk pembeliat tiket di loket kita hanya di tanyai nama setelah cek tiket yg terdaftar nama kita ada ejaan Yg salah.. Kita sebutkan nama 2 kata yg di buat 1 kata.. Usia juga di tebak2 saja sama petugas loketnya.. Kita konsumen berharap layanan yg ada di tingkatkan...sehingga membuat konsumen menjadi aman, nyaman dan tentang Semoga juga tiketnya di jual secara online",False,True,2026-10-08 20:49:46
Telaga Punggur,PT ASDP Indonesia Ferry (Persero),Padli Alwi,1,setahun lalu,Di teiket suruh chekin jm 5.30 smpe pelabuhan tidak da petugas jam 8 pagi. Paan itu.,False,False,2026-10-08 20:49:46
Telaga Punggur,PT ASDP Indonesia Ferry (Persero),Rita Anok,5,3 tahun lalu,Alhamdulillah nyaman ..cuma bnyk penumpang yg merokok ..seharusnya kesadaran sendiri utk merokok di dack paling atas yg tidak ada penumpang nya ..,False,False,2026-10-08 20:49:46
Telaga Punggur,PT ASDP Indonesia Ferry (Persero),Epan Ori,1,2 tahun lalu,"Pelayanan sampah dari penjaga loket, minim info yg di berikan ketika kita bertanya, pelayan tapi lagak udah kayak raja,",False,False,2026-10-08 20:49:46
Telaga Punggur,PT ASDP Indonesia Ferry (Persero),TOMMY “Tommy” MUNAF,2,2 tahun lalu,Musholla nya mohon di bersihkan... Sajadah nya di laundry ... Kalau toilet msh maklum Krn banyak pengguna... Thanks,False,True,2026-10-08 20:49:46
Telaga Punggur,PT ASDP Indonesia Ferry (Persero),FIRMAN RECKY SAPUTRA,3,8 tahun lalu,"Sangat jauh dari akses menuju jalan besar, jauh dari keramaian, ruang tunggu penumpabg sangat kecil tidak bisa menampung banyak penumpang, yempat nya agak kotor, ada kantin di dalam ruang tunggu tapi sepertinya tidak sehat dan mahal, ada mushola yg kecil, toilet nya agak kotor, kapal yang datang sering terlambat, tidak ada AC, panas",False,True,2026-10-08 20:49:46
Telaga Punggur,PT ASDP Indonesia Ferry (Persero),Sugi Anto,2,6 tahun lalu,"Mohon tingkatkan pelayanan, terutama jalur penumpang yg sering terhalang objek/ barang2 Khususnya di KM Kakap",False,True,2026-10-08 20:49:46
Telaga Punggur,PT ASDP Indonesia Ferry (Persero),wanto sujar (wanto),5,7 tahun lalu,Sebentar lagi PT ASDP Indonesia ferry akan memberlakukan Tiket on line yg bisa di beli melalui ponsel.,True,True,2026-10-08 20:49:46
Telaga Punggur,PT ASDP Indonesia Ferry (Persero),Riski Rizaldi,5,3 tahun lalu,Penyebrangan khusus ke pulau pulau sekitar,True,True,2026-10-08 20:49:46
Telaga Punggur,PT ASDP Indonesia Ferry (Persero),hidayatullah muhammad,4,8 tahun lalu,Pelabuhan penyeberangan penghubung antara Batam dan pulau-pulau di sekitarnya serta pulau Sumatera. + Bersih + sejuk + aman,False,True,2026-10-08 20:49:46
Telaga Punggur,PT ASDP Indonesia Ferry (Persero),Bella Nurahayu,1,6 bulan lalu,Kapal tidak layak pakai,False,False,2026-10-08 20:49:46
Telaga Punggur,PT ASDP Indonesia Ferry (Persero),Iwan Cinoy,5,3 tahun lalu,Transportasi negeri kepulauan Alternatif!,True,True,2026-10-08 20:49:46
Telaga Punggur,PT ASDP Indonesia Ferry (Persero),Nurafita Permatasari,1,setahun lalu,securitynya kayak gk mau ngelanyanin,False,False,2026-10-08 20:49:46
Telaga Punggur,PT ASDP Indonesia Ferry (Persero),Bintan Aero,4,2 tahun lalu,Untuk pembelian tiket keberangkatan pagi sering telat,False,True,2026-10-08 20:49:46
Telaga Punggur,PT ASDP Indonesia Ferry (Persero),Faisal Ansyari,1,3 tahun lalu,Pelayanan penyebrangan telaga Punggur tujuan ke Kuala Tungkal sangat mengecewakan,False,False,2026-10-08 20:49:46
Telaga Punggur,PT ASDP Indonesia Ferry (Persero),Khalfian Rhapsody,4,2 tahun lalu,"Sudah semakin nyaman, meskipun masih banyak yang bisa dibenahi.",True,True,2026-10-08 20:49:46
Telaga Punggur,PT ASDP Indonesia Ferry (Persero),Iboy Phinank,1,7 tahun lalu,Pelayanan roro kurang.. Lama nunggu roro ta datang2... 4jam nunggu.,False,True,2026-10-08 20:49:46
Telaga Punggur,PT ASDP Indonesia Ferry (Persero),Dedi Dedi,1,setahun lalu,"lambat,pelayanan sangat buruk",False,False,2026-10-08 20:49:46
Telaga Punggur,PT ASDP Indonesia Ferry (Persero),Rendy Eko Prasetio,5,3 tahun lalu,Mudik Idul Fitri 2023,True,True,2026-10-08 20:49:46
Telaga Punggur,PT ASDP Indonesia Ferry (Persero),Tengku_khairani,1,setahun lalu,Bisa bisanya Unit roro yg beroperasi hanya 2 unit untuk pelayanan angkutan kendaraan sebanyak ini...luar biasa ya...👎👎👎👎👎👎👎👎👎👎👎👎👎👎👎👎👎👎👎👎👎👎,False,False,2026-10-08 20:49:46
Telaga Punggur,PT ASDP Indonesia Ferry (Persero),Muhammad Ibnu Farhan,4,7 tahun lalu,Tertib dan rapi,True,True,2026-10-08 20:49:46
Telaga Punggur,PT ASDP Indonesia Ferry (Persero),Clashofclans,1,6 bulan lalu,Pelayanan👎🏼👎🏼👎🏼,False,False,2026-10-08 20:49:46
Telaga Punggur,PT ASDP Indonesia Ferry (Persero),riry audya,5,4 tahun lalu,Info dong tutup barang dari telaga Punggur ke Tungkal 🙏🙏,False,False,2026-10-08 20:49:46
Telaga Punggur,PT ASDP Indonesia Ferry (Persero),MUHAMMAD RAMA FIRDAUS NARISTA SIDIK,5,9 tahun lalu,Bagus sampai bisa kebuton riau,False,False,2026-10-08 20:49:46
Telaga Punggur,PT ASDP Indonesia Ferry (Persero),Nurdiana Raja 06,5,4 tahun lalu,Alhamdulillah tempat ini terus berkembang dg baik,False,False,2026-10-08 20:49:46
Telaga Punggur,PT ASDP Indonesia Ferry (Persero),Charre Mickola,4,6 tahun lalu,Cukup rapi n bersih,False,True,2026-10-08 20:49:46
Telaga Punggur,PT ASDP Indonesia Ferry (Persero),Cahyana Wiyana,3,9 tahun lalu,Jadwal Roro,True,False,2026-10-08 20:49:46
Telaga Punggur,PT ASDP Indonesia Ferry (Persero),Tri Waluyo,3,4 tahun lalu,Pelayanan agak ribet,True,False,2026-10-08 20:49:46
Telaga Punggur,PT ASDP Indonesia Ferry (Persero),akrim lasalimu,5,8 tahun lalu,Sdh ada perubahan,False,True,2026-10-08 20:49:46
Telaga Punggur,PT ASDP Indonesia Ferry (Persero),Maseh Ades,5,setahun lalu,Mantab,False,False,2026-10-08 20:49:46
Telaga Punggur,PT ASDP Indonesia Ferry (Persero),hajho Pharis,5,6 tahun lalu,Pelabuhan roro telaga punggur,False,True,2026-10-08 20:49:46
Telaga Punggur,PT ASDP Indonesia Ferry (Persero),Ateng Bae,5,8 tahun lalu,Tempatku mencari rejeki,False,False,2026-10-08 20:49:46
Telaga Punggur,PT ASDP Indonesia Ferry (Persero),MUHAMMAD HAFIZ ALFAHMI,3,8 tahun lalu,Tempat penyebrangan kendaraan,False,True,2026-10-08 20:49:46
Telaga Punggur,PT ASDP Indonesia Ferry (Persero),Jannus Simanjuntak,2,3 tahun lalu,Di mn bisa beli ticket secara online??????.....???????????,False,True,2026-10-08 20:49:46
Telaga Punggur,PT ASDP Indonesia Ferry (Persero),Asari Jusman,3,5 tahun lalu,Lumayan,False,True,2026-10-08 20:49:46
Telaga Punggur,PT ASDP Indonesia Ferry (Persero),Paska Rio Siregar,5,8 tahun lalu,Nyaman,False,True,2026-10-08 20:49:46
Telaga Punggur,PT ASDP Indonesia Ferry (Persero),suci ananda,1,2 minggu lalu,"kalo misalnya gada kapal jam 10 gausah buat cuii, ini sampe 2 jam gada tanda2 berangkat 😑😮‍💨",False,False,2026-10-08 20:49:46
Telaga Punggur,PT ASDP Indonesia Ferry (Persero),Muhammad Fadl Insani,5,Diedit 4 minggu lalu,"Pelabuhan kapal Roro Ferry, yang melayani jasa penyebrangan penumpang dan kendaraan Rute yang dilayani antara lain : lintas Batam - Bintan (setiap hari termasuk hari libur) Batam-Riau Batam Jambi, Baram Dabo, Batam-Tanjung Balai Karimun, beli tiket mudah online trip.ferizy.com",False,True,2026-10-08 20:49:46
Telaga Punggur,PT ASDP Indonesia Ferry (Persero),Ashara Saravova,1,3 bulan lalu,"Yang terhormat pihak ASDP ini bukan kali pertama saya mengalami hal seperti ini saya memesan tiket untuk jam saya sudah tiba di telaga punggur pada jam namun sampai pada saat ini saya belum juga masuk di kapal roro, ini sudah 3 jam saya duduk di motor bahkan duduk dibawah jalan, waktu berharga saya terbuang sia sia seharusnya saya sudah tiba di rumah saya, namun saya masi harus menunggu disini kalau memang tidak memungkinkan semua penumpang baik mobil ,motor atau pun truk untuk naik di kapal tidak perlu lagi adanya penjualan tiket ,apa selama ini pihak ASDP tidak bisa mengatur untuk brp pax penumpang yang harus naik dikapal tersebut .saya harap untuk kedepannya bisa lebih diperbaiki lagi",False,False,2026-10-08 20:49:46
Telaga Punggur,PT ASDP Indonesia Ferry (Persero),Upang Tan,5,3 tahun lalu,,True,True,2026-10-08 20:49:46
Telaga Punggur,PT ASDP Indonesia Ferry (Persero),ahmad azhari,5,11 bulan lalu,Bagus Diterjemahkan oleh Google ・ Lihat versi asli (Inggris),False,False,2026-10-08 20:49:46
Telaga Punggur,PT ASDP Indonesia Ferry (Persero),Coco Jacobson,4,8 tahun lalu,,True,True,2026-10-08 20:49:46
Telaga Punggur,PT ASDP Indonesia Ferry (Persero),Zadin M,4,5 tahun lalu,Sejauh ini bagus..👍 Diterjemahkan oleh Google ・ Lihat versi asli (Inggris),False,True,2026-10-08 20:49:46
Telaga Punggur,PT ASDP Indonesia Ferry (Persero),Rohman Winarto,5,3 tahun lalu,Keping hoki Diterjemahkan oleh Google ・ Lihat versi asli (Slovak),False,True,2026-10-08 20:49:46
Telaga Punggur,PT ASDP Indonesia Ferry (Persero),Hansy Passarella Setiadji,4,4 tahun lalu,Sulit menemukan layanan pelanggan. Diterjemahkan oleh Google ・ Lihat versi asli (Inggris),False,True,2026-10-08 20:49:46
Telaga Punggur,PT ASDP Indonesia Ferry (Persero),Yayan Sopian,4,Diedit 6 tahun lalu,Mantaaap,False,True,2026-10-08 20:49:46
Telaga Punggur,PT ASDP Indonesia Ferry (Persero),Muhammad ilham arif Pramana,5,5 tahun lalu,Apakah yang terbaik? Diterjemahkan oleh Google ・ Lihat versi asli (Inggris),False,False,2026-10-08 20:49:46
Telaga Punggur,PT ASDP Indonesia Ferry (Persero),Gerhard jr,5,8 tahun lalu,Bagus Diterjemahkan oleh Google ・ Lihat versi asli (Inggris),False,True,2026-10-08 20:49:46
Telaga Punggur,PT ASDP Indonesia Ferry (Persero),La Nuruhaka,4,Diedit 2 bulan lalu,Roro Terakhir Diterjemahkan oleh Google ・ Lihat versi asli (Maori),True,True,2026-10-08 20:49:46
Telaga Punggur,PT ASDP Indonesia Ferry (Persero),Rudy Anto,5,6 bulan lalu,,False,False,2026-10-08 20:49:46
Telaga Punggur,PT ASDP Indonesia Ferry (Persero),Intan Safila,1,6 bulan lalu,,False,False,2026-10-08 20:49:46
Telaga Punggur,PT ASDP Indonesia Ferry (Persero),bimasevenfold_,1,6 bulan lalu,,False,False,2026-10-08 20:49:46
Telaga Punggur,PT ASDP Indonesia Ferry (Persero),Muhammad Saleem,5,8 bulan lalu,,False,False,2026-10-08 20:49:46
Telaga Punggur,PT ASDP Indonesia Ferry (Persero),Agga Reviewer,5,9 bulan lalu,,False,True,2026-10-08 20:49:46
Telaga Punggur,PT ASDP Indonesia Ferry (Persero),Azzura Nurfitriaina,1,11 bulan lalu,,False,False,2026-10-08 20:49:46
Telaga Punggur,PT ASDP Indonesia Ferry (Persero),U Dee Batam,3,Diedit 11 bulan lalu,,False,True,2026-10-08 20:49:46
Telaga Punggur,PT ASDP Indonesia Ferry (Persero),Nugroho Putra pratama,5,setahun lalu,,False,True,2026-10-08 20:49:46
Telaga Punggur,PT ASDP Indonesia Ferry (Persero),Ramanda Pratiwi,5,setahun lalu,,False,False,2026-10-08 20:49:46
Telaga Punggur,PT ASDP Indonesia Ferry (Persero),Ahmad Farhan,5,setahun lalu,,True,True,2026-10-08 20:49:46
Telaga Punggur,PT ASDP Indonesia Ferry (Persero),WAHYU FEBRIANTO,1,setahun lalu,,False,False,2026-10-08 20:49:46
Telaga Punggur,PT ASDP Indonesia Ferry (Persero),Wahyudha Fajar,1,setahun lalu,,False,False,2026-10-08 20:49:46
Telaga Punggur,PT ASDP Indonesia Ferry (Persero),Revigo Livi,5,setahun lalu,,False,False,2026-10-08 20:49:46
Telaga Punggur,PT ASDP Indonesia Ferry (Persero),Hafiz Rifky,4,2 tahun lalu,,False,True,2026-10-08 20:49:46
Telaga Punggur,PT ASDP Indonesia Ferry (Persero),Pakcik Dolly,5,2 tahun lalu,,False,True,2026-10-08 20:49:46
Telaga Punggur,PT ASDP Indonesia Ferry (Persero),sonny laurenty,4,2 tahun lalu,,False,True,2026-10-08 20:49:46
Telaga Punggur,PT ASDP Indonesia Ferry (Persero),Arif Rosidi,4,3 tahun lalu,,False,True,2026-10-08 20:49:46
Telaga Punggur,PT ASDP Indonesia Ferry (Persero),Sukma Nugraha,5,Diedit 3 tahun lalu,,False,False,2026-10-08 20:49:46
Telaga Punggur,PT ASDP Indonesia Ferry (Persero),Asf. Acountent AsRal,5,3 tahun lalu,,False,True,2026-10-08 20:49:46
Telaga Punggur,PT ASDP Indonesia Ferry (Persero),Genter Tandemand,4,3 tahun lalu,,False,True,2026-10-08 20:49:46
Telaga Punggur,PT ASDP Indonesia Ferry (Persero),Hurdopo Budiman,5,3 tahun lalu,,False,False,2026-10-08 20:49:46
Telaga Punggur,PT ASDP Indonesia Ferry (Persero),Rahman Parasara,5,3 tahun lalu,,False,False,2026-10-08 20:49:46
Telaga Punggur,PT ASDP Indonesia Ferry (Persero),Triwi A Karni,4,4 tahun lalu,,False,True,2026-10-08 20:49:46
Telaga Punggur,PT ASDP Indonesia Ferry (Persero),Firman Saputra,5,4 tahun lalu,,False,False,2026-10-08 20:49:46
Telaga Punggur,PT ASDP Indonesia Ferry (Persero),MURSALIN,5,4 tahun lalu,,False,True,2026-10-08 20:49:46
Telaga Punggur,PT ASDP Indonesia Ferry (Persero),Indra W.,5,5 tahun lalu,,False,True,2026-10-08 20:49:46
Telaga Punggur,PT ASDP Indonesia Ferry (Persero),Rafles manalu,5,6 tahun lalu,,False,False,2026-10-08 20:49:46
Telaga Punggur,PT ASDP Indonesia Ferry (Persero),Surya Oktavino,4,6 tahun lalu,,False,False,2026-10-08 20:49:46
Telaga Punggur,PT ASDP Indonesia Ferry (Persero),Azhar Muhammad,5,6 tahun lalu,,False,False,2026-10-08 20:49:46
Telaga Punggur,PT ASDP Indonesia Ferry (Persero),Aan Blakraan,5,7 tahun lalu,,False,True,2026-10-08 20:49:46
Telaga Punggur,PT ASDP Indonesia Ferry (Persero),Noel Kevin,5,7 tahun lalu,,False,False,2026-10-08 20:49:46
Telaga Punggur,PT ASDP Indonesia Ferry (Persero),Erick Julianto,3,7 tahun lalu,,False,True,2026-10-08 20:49:46
Telaga Punggur,PT ASDP Indonesia Ferry (Persero),Pak Naomi Sihite,4,7 tahun lalu,,False,True,2026-10-08 20:49:46
Telaga Punggur,PT ASDP Indonesia Ferry (Persero),Rahim Putra,5,8 tahun lalu,,False,True,2026-10-08 20:49:46
Telaga Punggur,PT ASDP Indonesia Ferry (Persero),JUAN TO,5,8 tahun lalu,,False,False,2026-10-08 20:49:46
Telaga Punggur,PT ASDP Indonesia Ferry (Persero),Asep Batam,5,8 tahun lalu,,False,True,2026-10-08 20:49:46
Telaga Punggur,PT ASDP Indonesia Ferry (Persero),Muhammad Rusli,5,8 tahun lalu,,False,False,2026-10-08 20:49:46
Telaga Punggur,PT ASDP Indonesia Ferry (Persero),David Bagariang,1,8 tahun lalu,,False,False,2026-10-08 20:49:46
Telaga Punggur,PT ASDP Indonesia Ferry (Persero),Alexander amen ang,5,8 tahun lalu,,False,True,2026-10-08 20:49:46
Telaga Punggur,PT ASDP Indonesia Ferry (Persero),No Free,5,8 tahun lalu,,False,False,2026-10-08 20:49:46
Telaga Punggur,PT ASDP Indonesia Ferry (Persero),Vera Yusnita,1,8 tahun lalu,,False,False,2026-10-08 20:49:46
Telaga Punggur,PT ASDP Indonesia Ferry (Persero),Hendra Hendra,1,8 tahun lalu,,False,True,2026-10-08 20:49:46
Telaga Punggur,PT ASDP Indonesia Ferry (Persero),Yodi Boy,4,9 tahun lalu,,False,False,2026-10-08 20:49:46
Telaga Punggur,PT ASDP Indonesia Ferry (Persero),A Rofiq,5,9 tahun lalu,,False,False,2026-10-08 20:49:46
Telaga Punggur,PT ASDP Indonesia Ferry (Persero),Eric Pajow,3,10 tahun lalu,,False,True,2026-10-08 20:49:46
Telaga Punggur,Pelabuhan Terminal Ferry Punggur,TUNJUK TITIK,5,setahun lalu,"Salah satu Pelabuhan Ferry antar pulau di pulau Batam, dengan rute Lagoi, Lobam, Tanjung pinang dan beberapa pulau . Pelabuhan penumpang yang cukup Ramai, Bagus, bersih Fasilitas lengkap dan tentunya viewnya yang Cantik dan Modern. 👍👍👍",True,True,2026-10-08 20:49:46
Telaga Punggur,Pelabuhan Terminal Ferry Punggur,Tanjung Uban,1,7 bulan lalu,"Pelayanan porter gak bagus.takut x gak d bayar gara"" cuma koper 1 biji.kondisi saya sakit waktu itu",False,False,2026-10-08 20:49:46
Telaga Punggur,Pelabuhan Terminal Ferry Punggur,Sabar Addin,5,3 tahun lalu,Cantik view dari Resto Morning Bakery 🥯,True,True,2026-10-08 20:49:46
Telaga Punggur,Pelabuhan Terminal Ferry Punggur,Mr. TourGuide,1,Diedit setahun lalu,"Apa ini,, kenapa dinegara sendiri belum merdeka dalam hal memesan taksi online dikawasan pelabuhan daerah punggur ini, Saya sebagai pengguna jasa transportasi online sangat dirugikan oleh Oknum dan taksi pelabuhan ikut mengintimidasi dan melarang saya memesan taksi online dan disuruh keluar dari kawasan pelabuhan untuk memesan taksi online, Ini tidak dibenarkan lagi, Saya Selaku warga Negara menuntut pihak yang berwajib untuk meluruskan perihal ini. demi kepastian Hukum tunjukkan kepada kami warga bahwa memang ada undang2 yg melarang kami memakai jasa transportasi online di kawasan pelabuhan domestik. karena yang saya tau,, Menambah atau membuat undang undang tidak sah diatas undang2 yg Sah dimata HUKUM termasuk pelanggaran pidana dan bisa dipidanakan.",False,True,2026-10-08 20:49:46
Telaga Punggur,Pelabuhan Terminal Ferry Punggur,Galang Radi,1,7 bulan lalu,Pelayanan kurang memuasakan,False,True,2026-10-08 20:49:46
Telaga Punggur,Pelabuhan Terminal Ferry Punggur,citra ayu,5,3 tahun lalu,"pelabuhan nya cukup bagus, banyak tempat jualan makanan di dalamnya",False,True,2026-10-08 20:49:46
Telaga Punggur,Pelabuhan Terminal Ferry Punggur,Alfin Risky,5,2 tahun lalu,Salah satu tempat memorial(bagi saya) yang pernah ada,False,True,2026-10-08 20:49:46
Telaga Punggur,Pelabuhan Terminal Ferry Punggur,supriyanto supriyanto,5,setahun lalu,Nyaman pelabuhannya,False,True,2026-10-08 20:49:46
Telaga Punggur,Pelabuhan Terminal Ferry Punggur,Wahyudi Wahyu,4,8 tahun lalu,Suasana baru tapi masih perlu perapian lagi,False,True,2026-10-08 20:49:46
Telaga Punggur,Pelabuhan Terminal Ferry Punggur,Rahmat cahyadi,3,Diedit setahun lalu,Kalau masuk bayar,False,True,2026-10-08 20:49:46
Telaga Punggur,Pelabuhan Terminal Ferry Punggur,fani_ tbr,5,2 tahun lalu,Punggur nyaman,True,True,2026-10-08 20:49:46
Telaga Punggur,Pelabuhan Terminal Ferry Punggur,Ai Aja,4,6 tahun lalu,Lumayan bagus,False,True,2026-10-08 20:49:46
Telaga Punggur,Pelabuhan Terminal Ferry Punggur,Yudhi Wiratama,4,2 tahun lalu,standart internasional,False,True,2026-10-08 20:49:46
Telaga Punggur,Pelabuhan Terminal Ferry Punggur,nika ardila,5,3 tahun lalu,mantaps,False,False,2026-10-08 20:49:46
Telaga Punggur,Pelabuhan Terminal Ferry Punggur,Ridwan setia putra,5,setahun lalu,Terima kasih ya bang🙏🙏🙏🙏Terima kasih ya ce🙏🙏🙏🙏🙏🙏,False,True,2026-10-08 20:49:46
Telaga Punggur,Pelabuhan Terminal Ferry Punggur,agus str,5,3 tahun lalu,sagat akurat,False,True,2026-10-08 20:49:46
Telaga Punggur,Pelabuhan Terminal Ferry Punggur,JH B,5,setahun lalu,"Ini adalah terminal feri tempat warga Korea singgah untuk pergi ke Pulau Binh Tan (Thin Chung U Van). Setelah masuk, tata letaknya sederhana, jadi membeli tiket tidak sulit. Kapal beroperasi setiap 30 menit, tetapi harap menuju area keberangkatan lebih awal karena pemeriksaan bagasi membutuhkan waktu. (Terkadang kapal berangkat lebih awal... Saya sendiri pernah mengalaminya, haha.) Diterjemahkan oleh Google ・ Lihat versi asli (Korea)",True,True,2026-10-08 20:49:46
Telaga Punggur,Pelabuhan Terminal Ferry Punggur,Nurhabieb Adiputra,4,5 bulan lalu,Ruang sholat Mushala di lantai dasar. Secara keseluruhan bersih dan rapi. Infrastruktur perlu dimodernisasi. Diterjemahkan oleh Google ・ Lihat versi asli (Inggris),False,True,2026-10-08 20:49:46
Telaga Punggur,Pelabuhan Terminal Ferry Punggur,akash saha,1,2 tahun lalu,"Sopir taksi di sini akan mengikuti dan menjebak Anda, mereka sangat memaksa dan mempersulit Anda jika Anda tidak memesan jasa mereka. Mereka menyuruh kami keluar dari Grab yang sudah kami pesan dan berjalan kaki ke halte bus. Jika Anda ingin memesan sopir Grab profesional, sebaiknya Anda berjalan kaki ke halte bus di luar stasiun dan bertemu sopir Anda di sana agar lebih mudah dan waktu Anda tidak terbuang sia-sia. Diterjemahkan oleh Google ・ Lihat versi asli (Inggris)",True,True,2026-10-08 20:49:46
Telaga Punggur,Pelabuhan Terminal Ferry Punggur,J,1,3 tahun lalu,Sopir ojek dan taksi sangat kasar dan agresif. Tolong singkirkan mereka. Diterjemahkan oleh Google ・ Lihat versi asli (Inggris),False,True,2026-10-08 20:49:46
Telaga Punggur,Pelabuhan Terminal Ferry Punggur,Mufrizon. Architect,5,setahun lalu,Ini pertama kalinya saya di sini. Diterjemahkan oleh Google ・ Lihat versi asli (Inggris),True,True,2026-10-08 20:49:46
Telaga Punggur,Pelabuhan Terminal Ferry Punggur,Raja Ismail Heb (AyiHeb),5,setahun lalu,Momen-momen epik Gudfud Diterjemahkan oleh Google ・ Lihat versi asli (Portugis),False,True,2026-10-08 20:49:46
Telaga Punggur,Pelabuhan Terminal Ferry Punggur,Al-wazirfarid Naji kurniadi,4,setahun lalu,,True,False,2026-10-08 20:49:46
Telaga Punggur,Pelabuhan Terminal Ferry Punggur,Nusantara Online Shop,5,8 tahun lalu,Hegsve,False,True,2026-10-08 20:49:46
Telaga Punggur,Pelabuhan Terminal Ferry Punggur,elma l plester,5,5 tahun lalu,tempat yang bagus Diterjemahkan oleh Google ・ Lihat versi asli (Inggris),False,True,2026-10-08 20:49:46
Telaga Punggur,Pelabuhan Terminal Ferry Punggur,Cat Putra,5,7 tahun lalu,Leher Diterjemahkan oleh Google ・ Lihat versi asli (Katalan),False,True,2026-10-08 20:49:46
Telaga Punggur,Pelabuhan Terminal Ferry Punggur,cherish,5,2 bulan lalu,,False,False,2026-10-08 20:49:46
Telaga Punggur,Pelabuhan Terminal Ferry Punggur,MOHAMMAD RAZU AHMED,5,4 bulan lalu,,False,False,2026-10-08 20:49:46
Telaga Punggur,Pelabuhan Terminal Ferry Punggur,Alam Salim,5,6 bulan lalu,,False,False,2026-10-08 20:49:46
Telaga Punggur,Pelabuhan Terminal Ferry Punggur,Sinuurat _007,5,8 bulan lalu,,False,True,2026-10-08 20:49:46
Telaga Punggur,Pelabuhan Terminal Ferry Punggur,Abdi Hanum,5,9 bulan lalu,,False,True,2026-10-08 20:49:46
Telaga Punggur,Pelabuhan Terminal Ferry Punggur,Rionaldi Vicky Syanturi,4,10 bulan lalu,,False,True,2026-10-08 20:49:46
Telaga Punggur,Pelabuhan Terminal Ferry Punggur,ahmad azhari,5,11 bulan lalu,,False,False,2026-10-08 20:49:46
Telaga Punggur,Pelabuhan Terminal Ferry Punggur,nia saniati,3,11 bulan lalu,,False,True,2026-10-08 20:49:46
Telaga Punggur,Pelabuhan Terminal Ferry Punggur,iSur 117,5,setahun lalu,,False,True,2026-10-08 20:49:46
Telaga Punggur,Pelabuhan Terminal Ferry Punggur,Mariopasa1000 Pasaribu bondar,4,setahun lalu,,False,False,2026-10-08 20:49:46
Telaga Punggur,Pelabuhan Terminal Ferry Punggur,channel ibnuharun,5,2 tahun lalu,,False,True,2026-10-08 20:49:46
Telaga Punggur,Pelabuhan Terminal Ferry Punggur,Pardomuan Pandiangan,5,2 tahun lalu,,False,False,2026-10-08 20:49:46
Telaga Punggur,Pelabuhan Terminal Ferry Punggur,Nur Jannah,5,2 tahun lalu,,False,True,2026-10-08 20:49:46
Telaga Punggur,Pelabuhan Terminal Ferry Punggur,Salman Batam,5,2 tahun lalu,,False,True,2026-10-08 20:49:46
Telaga Punggur,Pelabuhan Terminal Ferry Punggur,Suparjo,2,2 tahun lalu,,False,True,2026-10-08 20:49:46
Telaga Punggur,Pelabuhan Terminal Ferry Punggur,Soleh Vudin Gozali,5,3 tahun lalu,,False,True,2026-10-08 20:49:46
Telaga Punggur,Pelabuhan Terminal Ferry Punggur,Okti,5,3 tahun lalu,,False,True,2026-10-08 20:49:46
Telaga Punggur,Pelabuhan Terminal Ferry Punggur,Yudo Adi Wibowo,5,3 tahun lalu,,False,True,2026-10-08 20:49:46
Telaga Punggur,Pelabuhan Terminal Ferry Punggur,Rasid arifin,5,3 tahun lalu,,False,False,2026-10-08 20:49:46
Telaga Punggur,Pelabuhan Terminal Ferry Punggur,Stip wan,4,3 tahun lalu,,False,False,2026-10-08 20:49:46
Telaga Punggur,Pelabuhan Terminal Ferry Punggur,novita moddy,4,5 tahun lalu,,False,True,2026-10-08 20:49:46
Telaga Punggur,Pelabuhan Terminal Ferry Punggur,Edy Faishal Muttaqin,5,6 tahun lalu,,False,True,2026-10-08 20:49:46
Telaga Punggur,Pelabuhan Terminal Ferry Punggur,eko septianto,5,6 tahun lalu,,False,True,2026-10-08 20:49:46
Telaga Punggur,Telaga Punggur Ferry Terminal,Niki Suryo Seto,5,3 bulan lalu,"pertama kesini dan baru tau proses di pelabuhan sudah sebaik ini, harga juga oke dengan mangkas waktu yang jauh banget kalau ferry 1 jam lebih speed boat cuma 10 menit",True,True,2026-10-08 20:49:46
Telaga Punggur,Telaga Punggur Ferry Terminal,Dewi Sulistyowati,5,4 bulan lalu,"Pelabuhan yang melayani tujuan rute Bintan (Tanjung Uban) naik speedboat harga tidak sampai 60 ribu lama perjalanan 20 menit dan tujuan Tanjungpinang (Sri Bintan Pura) naik Ferry dengan harga tiket 80.500, lama perjalanan 1,5 jam.",True,True,2026-10-08 20:49:46
Telaga Punggur,Telaga Punggur Ferry Terminal,kurniasih Bantul3,5,6 bulan lalu,Tempat penyeberangan dari Batam ke Pulau Singkep lumayan rame jika hari raya. Hanya fasilitas kurang luas ruang tunggunya. Tapi pemandangan sekitar sangat bagus lautnya tenang pokoke ok lah,True,False,2026-10-08 20:49:46
Telaga Punggur,Telaga Punggur Ferry Terminal,Imam Kurniawan,5,8 bulan lalu,"Tempat pulang pergi nya penumpang kapal atau pun roro terbaik di batam.... Terkadang juga sering dijadikan tmpt transaksi kirim barang luar pulau, sudah jarang terjadinya keributan antar pangkalan ojek didaerah tersebut...",True,True,2026-10-08 20:49:46
Telaga Punggur,Telaga Punggur Ferry Terminal,Febrie Purwoandhika,4,setahun lalu,"Kebersihan Pelayanan Dan keramahtamahan cukup. Fasilitas sarana Dan prasarana baik. Sewaktu disini menyeberang dengan Ferry cepat seharga Rp 80.000,- an. Berangkat satu jam sekali ke Tanjung Pinang, durasi sekitar satu jam kurang.",True,True,2026-10-08 20:49:46
Telaga Punggur,Telaga Punggur Ferry Terminal,SUPRIYADI,4,5 bulan lalu,"Bagus kok tempatnya, hanya saya belum tahu apakah bisa beli tiket kapal Ferry pakai online seperti tiket kapal Roro sebelah, setidaknya menghindari antrian dan mempermudah konsumen dalam bepergian.salam",True,True,2026-10-08 20:49:46
Telaga Punggur,Telaga Punggur Ferry Terminal,Imam Kurniawan,5,6 bulan lalu,Terminal super sibuk di Batam... Yang melayani penyebrangan antar pulau...,True,True,2026-10-08 20:49:46
Telaga Punggur,Telaga Punggur Ferry Terminal,Reza Giovani,1,6 bulan lalu,"Selalu overload saat musim liburan, dg kursi ruang tunggu terbatas dan ruangan yg panas..seharusnya dg PAD yg ada bisa utk diprioritaskan kenyamanan penumpang mengingat pelabuhan utama dr batam ke tanjungpinang",True,False,2026-10-08 20:49:46
Telaga Punggur,Telaga Punggur Ferry Terminal,dewi ida,3,setahun lalu,"Tiba di Terminal Feri Telaga Punggur di Batam setelah melalui perjalanan 1 jam dari Terminal Feri Sri Bintan Pura, Tanjung Pinang dengan Kapal Oceanna 7. Terminal tidak terlalu besar & untuk ke daerah Nagoya Batam memerlukan waktu 30 menit dengan taksi offline seharga 130.000 yang mudah ditemui di luar pintu kedatangan.",True,True,2026-10-08 20:49:46
Telaga Punggur,Telaga Punggur Ferry Terminal,PAPASEMreview,4,6 bulan lalu,Cemana lah ya.. Perlu adanya petugas yg bersifat komunikatif.. Buat apa klian rame2 tegak dstu klo apda cuek,True,True,2026-10-08 20:49:46
Telaga Punggur,Telaga Punggur Ferry Terminal,Djer.Dolanan,4,setahun lalu,"Terminal Fery khusus penumpang ke Tanjung pinang, sebelumnya sempat kesasar ke terminal Fery khusus kendaraan 😄😁",True,True,2026-10-08 20:49:46
Telaga Punggur,Telaga Punggur Ferry Terminal,Inayatun,5,Diedit setahun lalu,"hmmm pelayanan cukup, not good but not bad. yg paling mengganggu di sini, mungkin di setiap pelabuhan juga sama, adalah harus menemui sopir taksi yg terus saja nanya2 kau mau ke mana di setiap langkah. iya, di setiap langkah, oleh orang",True,True,2026-10-08 20:49:46
Telaga Punggur,Telaga Punggur Ferry Terminal,Novi Yansyah,4,6 bulan lalu,"Lumayan bagus, arus mudik tidak ribet, tidak ngantri, minus ruang kurang pelabuhan pendinginan, terasa sedikit panas",True,False,2026-10-08 20:49:46
Telaga Punggur,Telaga Punggur Ferry Terminal,Alvin,5,sebulan lalu,Terminal Ferry Telaga Punggur bisa karena televisi Jumat membatasi spasi Telaga Punggur gimana? Karena diakuisisi jelaskan kompatibilitas berkualitas kualitas.,False,True,2026-10-08 20:49:46
Telaga Punggur,Telaga Punggur Ferry Terminal,FERDIAN DWI FITRA,5,setahun lalu,"Pelabuhan Yang sangat besar Ada beberapa Kapal yang bisa kita naiki seperti Kapal Ferry, Kapal Roro, Dan Kapal Speed boat",True,True,2026-10-08 20:49:46
Telaga Punggur,Telaga Punggur Ferry Terminal,House Rent Bukit Indah Sukajadi Batam,3,setahun lalu,"Nyeberang kali ini dari Batam ke Tanjung Uban dapat Ferry Roro yang ada Ruang VIPnya, bayar sih Rp. 25.000/orang. Konpensasi dari bayar ini Kita dapat Snack box ( berisi wafer, crakers, snack snack product Malay ), dan ada tersedia air",True,True,2026-10-08 20:49:46
Telaga Punggur,Telaga Punggur Ferry Terminal,"Ir. Rahmat ST, MT, IPM, APEC Eng",5,2 tahun lalu,"Secara keseluruhan bagus, hanya posisi turun penumpang dengan pintu masuk jaraknya cukup jauh. Apabila keadaan ramai, maka para penumpang harus menaiki anak tangga dan cukup menguras tenaga. Ada gerai Indomaret dekat area parkiran kendaraan",True,True,2026-10-08 20:49:46
Telaga Punggur,Telaga Punggur Ferry Terminal,Seneng Dolan,5,4 tahun lalu,"Pelabuhan penyeberangan dari Batam Ke tanjung pinang, Tanjung Uban, dan pulau² .",True,True,2026-10-08 20:49:46
Telaga Punggur,Telaga Punggur Ferry Terminal,Hhadiyat,4,3 tahun lalu,"Terminalnya bersih dan rapi. Proses drop off penumpang, pembelian tiket dan masuk ke kapal sangat mudah. Harga tiket nyeberang ke Tanjung Pinang Rp. 79rb per org (2023). Tersedia eskalator dan lift utk penyandang disabilitas. Utk urusan",True,True,2026-10-08 20:49:46
Telaga Punggur,Telaga Punggur Ferry Terminal,Ruziana Fathruzi,5,4 bulan lalu,"ternyata untuk angkutan online sudah berpindah ke dekat gapura kampung tua, lumayan jalan nanjak. Tapi bisa naik trans batam yang parkirnya lebih dekat, harga murah 5 ribu/orang",False,True,2026-10-08 20:49:46
Telaga Punggur,Telaga Punggur Ferry Terminal,SM MM 88,5,2 tahun lalu,"Tahun 2016 terakhir saya ke batam, tahun 2024, saya kesini lagi, saya sampai lupa dengan banyaknya perubahan pada terminalnya... semua sudah berubah, dan modren, sudah lebih baik....semoga pelayanannya juga lebih profesional...👍👍👍👍",True,True,2026-10-08 20:49:46
Telaga Punggur,Telaga Punggur Ferry Terminal,Rhylsi,5,Diedit 3 tahun lalu,"Bersihh selaluu, no comment hehe untuk harga tiket rasanya setahun udah naik 😂 .. lumayan juga kalo batam pp tanjungpinang tiketnya 69k + 10k",True,True,2026-10-08 20:49:46
Telaga Punggur,Telaga Punggur Ferry Terminal,Mas Piang,5,Diedit 7 tahun lalu,"Tempatnya rame....hilir mudik penumpang Tujuan Tanjung Pinang (PP), Tanjung Pandan, Jagoh Dabo Singkep & Daek Lingga",True,True,2026-10-08 20:49:46
Telaga Punggur,Telaga Punggur Ferry Terminal,Al Bana,5,setahun lalu,Fasilitas cukup baik.. Pelayanan Lumayanlah.. Berbagai Tujuan Kepulau-pulau di Kepri..,True,True,2026-10-08 20:49:46
Telaga Punggur,Telaga Punggur Ferry Terminal,Mohammad Rivan,3,8 tahun lalu,"Kondisi pelabuhan masih dalam tahap pengembangan pembangunan, tapi terlihat mangkrak karena proyek belum dilanjutkan. Beberapa bagian seperti eskalator juga sudah tidak berfungsi. AC kurang memenuhi untuk mendinginkan ruangan. Terlihat",True,True,2026-10-08 20:49:46
Telaga Punggur,Telaga Punggur Ferry Terminal,zafran arka,5,7 tahun lalu,"Terminal punggur sekarang sudah tambah bagus rapi dan bersih...semoga kedepannya tambah bagus..saran saya untuk ke tanjung pinang gunakan kapal oceana selain tiketnya murah, kapal on time didalam kapal ada yang jual aqua, teh botol dan mie gelas..perjalanan nyaman dan waktu tempuh antara 45 menit sampai 1 jam perjalanan.",True,True,2026-10-08 20:49:46
Telaga Punggur,Telaga Punggur Ferry Terminal,andreas deny christanto,4,4 tahun lalu,"Pelabuhan penumpang yang ada di pulau batam, tujuan utama adalah ke pulau Tanjungpinang. Untuk tujuan Tanjungpinang tersedia kapal setiap 1 jam sekali.",True,True,2026-10-08 20:49:46
Telaga Punggur,Telaga Punggur Ferry Terminal,petra sarasati,1,setahun lalu,"Sakit hati banget, mau nyusuin anak di ruang menyusui gak dibolehin petugasnya alasanya dilarang petugas karantinaa. Malah di arahin ke bilik itu tanpa kursi atau apapun. Oknum ibu2 pegawai asdp batam ini gak punya hati nurani banget, dalam di dalem pas saya tanya baik2 cuma main hape dan sangat siniss",True,True,2026-10-08 20:49:46
Telaga Punggur,Telaga Punggur Ferry Terminal,D.A Risma,5,Diedit 8 tahun lalu,"Ruang tunggunya nyaman, fasilitas toilet juga bersih, lebih tertib dan rapi dari sebelumnya. Dengan sistem pelayanan yang baru bagi yg ingin berpergian harus sudah stand by 30 menit sebeljm jadwal keberangkatan karena jarak tempuh dari tempat pembelian tiket ke ponton kapal lumayan jauh, sekitar 15-20 menit berjalan kaki.",True,True,2026-10-08 20:49:46
Telaga Punggur,Telaga Punggur Ferry Terminal,Aria Bagiasa C,4,setahun lalu,"Pelabuhan Punggur di Batam adalah salah satu pelabuhan penting yang melayani transportasi penumpang dan barang, khususnya untuk rute Batam–Tanjung Pinang dan Batam–Pulau-pulau di sekitar Kepulauan Riau. Terletak di bagian timur Pulau Batam,",True,True,2026-10-08 20:49:46
Telaga Punggur,Telaga Punggur Ferry Terminal,acua acua,3,6 bulan lalu,"kurang profesional dalam masalah antrian penumpang saat mau boarding dan masuk ke kapal, diharapkan kepada operator kapal ferry dapat menerapkan kembali no kursi penumpang sesuai yg tertera pada tiket penumpang saat pembelian tiket",False,True,2026-10-08 20:49:46
Telaga Punggur,Telaga Punggur Ferry Terminal,Adimas Bagus Nuripto,5,3 tahun lalu,"Ya namanya juga pelabuhan , tempat singgah banyak oranh, dan dr 2012 sampe sekarang Punggur selalu berkembembang jadi ga bisa berkata apa2 untuk yg sekarang karena masih ada renovasi",True,True,2026-10-08 20:49:46
Telaga Punggur,Telaga Punggur Ferry Terminal,Pindi Tjhin,3,setahun lalu,"Naik Ferry dari Telaga Punggur ke Tg Uban Cukup 15 Menit Harga Tiket hanya 64.500 / Orang , Antrian Cepat , cuma kapal nya agak delay kemudian Penumpang melebihi kapasitas dan tidak dapat tempat duduk, kemudian berbahaya karena tidak di",True,False,2026-10-08 20:49:46
Telaga Punggur,Telaga Punggur Ferry Terminal,La Nuruhaka,5,3 bulan lalu,"Pelayanan yang Ramah dari Penjual Tiket,Scan pas Masuk Antrian/Ruang Tunggu,dan Scan Tiket Masuk Menuju Kapal.",False,True,2026-10-08 20:49:46
Telaga Punggur,Telaga Punggur Ferry Terminal,Astri Oktafiandri,5,2 tahun lalu,"bersih, dan kapal berangkat sangat on time. kapal pertama lumayan sepi jam 07.30 kapal berangkat 07.31. kapal dari pinang lebih cepat dari tiket harusnya jam 15.00 tapi jam 14.45 sudah berangkat tapi lumayan full",True,True,2026-10-08 20:49:46
Telaga Punggur,Telaga Punggur Ferry Terminal,Ade Jaya S,5,2 tahun lalu,Pelabuhan Punggur salah satu pelabuhan domestik yang ada di Kota Batam. Letaknya kurang lebih 40 menit dari pusat kota Batam di Nagoya. Untuk pergi ke pelabuhan anda bisa menggunakan taksi atau ojek online. Estimasi harga 150-200 ribu jika,True,True,2026-10-08 20:49:46
Telaga Punggur,Telaga Punggur Ferry Terminal,Syam Andi,3,setahun lalu,"Aturan kurang ketat dalam pembelian tiket,, masih banyak calo yg dpt membuat kapal over kapasitas.. semoga kedepannya lebih baik dan teratur..",True,True,2026-10-08 20:49:46
Telaga Punggur,Telaga Punggur Ferry Terminal,midnight owl,4,4 tahun lalu,"tempat yg bikin haru setelah bandara! fasum seperti toilet nya bersih, jadi nyaman bgt!",True,True,2026-10-08 20:49:46
Telaga Punggur,Telaga Punggur Ferry Terminal,Muhammad Fadl Insani,5,8 tahun lalu,"Pelabuhan kapal Ferry untuk angkutan penumpang saja, yang menghubungkan kota Batam dengan kota-kota lain di wilayah provinsi kepulauan Riau. Baru direnovasi jadi lebih megah, namun proyeknya belum 100% selesai, malah terhenti.",True,True,2026-10-08 20:49:46
Telaga Punggur,Telaga Punggur Ferry Terminal,Rosa Lisda,4,3 tahun lalu,"Turun dari bandara kami langsung ke sini. Karna mau menyeberang ke Tanjung Pinang. Karna kami tibanya tengah hari, jadi lapar, makan dulu. Baru berangkat.",True,True,2026-10-08 20:49:46
Telaga Punggur,Telaga Punggur Ferry Terminal,Anindita Maharani,5,5 tahun lalu,"Tempat parkir luas, tiket bisa dibeli kapan saja & bisa menunggu keberangkatan sambil ngopi cantik di morning bakery-nya",True,True,2026-10-08 20:49:46
Telaga Punggur,Telaga Punggur Ferry Terminal,Suryani Lataka (Are),5,2 tahun lalu,Dermaga yang selalu bikin happy kalau sudah otw ke kampung Dabo Singkep dengan misi ketemu Nyokap kesayangan🥰,True,True,2026-10-08 20:49:46
Telaga Punggur,Telaga Punggur Ferry Terminal,Yana Puspita,2,7 bulan lalu,"Pertama ke sini karena pindah tugas, bawa barang pindahan, jelas banyak. Dari depan sampe kapal sejauh itu gak ada troli sebiji biji. Padahal itu hal utama dalam sebuah layanan transportasi publik seperti pelabuhan kapal penumpang.",False,False,2026-10-08 20:49:46
Telaga Punggur,Telaga Punggur Ferry Terminal,uli manalu,5,3 tahun lalu,Pelabuhannya bersih. Luas. Nyaman. Aman. Banyak stand penjual makanan dan minuman. Ada kopi O dan Morning Bakery juga.,True,True,2026-10-08 20:49:46
Telaga Punggur,Telaga Punggur Ferry Terminal,Hermes Brahmana,5,sebulan lalu,Nyaman tempatnya ... Mudah dan lengkap petunjuknya.. petugasnya ramah,True,True,2026-10-08 20:49:46
Telaga Punggur,Telaga Punggur Ferry Terminal,Ricye Vy,4,Diedit 3 tahun lalu,"Aku pas kesini kebetulan pagi-pagi banget, waktu itu mau nyebrang naik kapal pertama ke Pulau Bintan, dan beruntungnya aku bisa melihat sunrise.",True,True,2026-10-08 20:49:46
Telaga Punggur,Telaga Punggur Ferry Terminal,Lisa Vivianti,4,setahun lalu,Biasa aja tapi kurang petunjuk arah untuk kapal kedatangan kemana kemana. Harus bertanya ke petugas,True,True,2026-10-08 20:49:46
Telaga Punggur,Telaga Punggur Ferry Terminal,Indiana Namaul Husnah,2,setahun lalu,akses taksi/taksi online sulit kurang palang petunjuk jalan untuk akses masuk bagi motor,True,True,2026-10-08 20:49:46
Telaga Punggur,Telaga Punggur Ferry Terminal,Ummi Intani Hasibuan (Little Ifaf),5,3 tahun lalu,"Bagus tempatnya, bersih, luas.. Pelayanannya juga bagus banget.. Kapal kapalnya juga bagus, modern. Sepanjang perjalanan di kasi tontonan film gtu jd gak bosen.. Kmren perjalanan batam-karimun ombaknya tenang bgt",True,True,2026-10-08 20:49:46
Telaga Punggur,Telaga Punggur Ferry Terminal,Maman Doni,5,5 tahun lalu,Nyebrang menyenangkan nih pelabuhan.. pelayananya ramah tetap menjaga protokoler kesehatan.. asyik bener lautnya.. 😎😎,True,True,2026-10-08 20:49:46
Telaga Punggur,Telaga Punggur Ferry Terminal,muhammad hanafi,3,3 tahun lalu,"Pelabuhan kalau naik fery dari tanjung pinang ke batam. Pelabuhan nya lumayan punya fasilitas lengkap ada atm, lift, dan tempat makan seperti morning bakery. Kalau mau keluar pelabuhan ga bisa pake taxi online. Harus pake taxi pangkalan.",True,True,2026-10-08 20:49:46
Telaga Punggur,Telaga Punggur Ferry Terminal,Yus Priyadi Usman,5,2 tahun lalu,Bersih... nyaman.... Musim libur kantong parkir kurang.,True,True,2026-10-08 20:49:46
Telaga Punggur,Telaga Punggur Ferry Terminal,Guntur Yudha Prawira,3,8 tahun lalu,"Hati2 dalam pembelian tiket.. jangan percaya dengan jam keberangkatan yang di tempel di loket.pastikan jangan terkecoh. Tanyakan jam keberangkatan., Lihat kapalnya terlebih dahulu. *Pengalaman pribadi..",True,True,2026-10-08 20:49:46
Telaga Punggur,Telaga Punggur Ferry Terminal,welly anggoro,5,3 tahun lalu,"Tempat berangkatnya kapal ke beberapa pulau, banyak spot untuk foto2.",True,True,2026-10-08 20:49:46
Telaga Punggur,Telaga Punggur Ferry Terminal,Mita Tjahyani,4,8 tahun lalu,"Penyeberangan ke Tanjung Pinang, ke Tanjung Uban ( dng kapal Roro unt yg bawa kendaraan butuh waktu 1 jam tiket mobil Rp. 227rb ). Dan bisa naik sped yg hanya 15 menit dng kapasitas 40 orang. Tiket 47rb per orang.",True,True,2026-10-08 20:49:46
Telaga Punggur,Telaga Punggur Ferry Terminal,librarian,5,3 tahun lalu,"Salah satu pelabuhan tersibuk di Batam. Disebelahnya pelabuhan Roro yang mau bawa kendaraan ke Bintan lewat tanjung uban.. Video yang saya unggah ketika cuaca buruk pada awal tahun baru Januari 2023,",True,True,2026-10-08 20:49:46
Telaga Punggur,Telaga Punggur Ferry Terminal,Lina Whizz,3,7 tahun lalu,"Ferry ke tj uban bintan start dari jam 7- wib. Harga dari punggur 53rb, dari uban 42rb. Perjalanan dengan speed boat sekitar 15-20 menit, transportasi masuk dan keluar punggur yang agak susah. Jika dengan taxi suka digetok sekitar 100-150rb dengan tujuan batam centre",True,True,2026-10-08 20:49:46
Telaga Punggur,Telaga Punggur Ferry Terminal,Daffa Fachlawi Al farezki,5,4 tahun lalu,Pelayanan dari kru kapal ramah... Dan pelayanan penjual tiket dan bapak pas masuk boarding pas ramah.sampai saya salah jalan pun ditunjukkan jalan oleh bapak nya disana karna masih bingung. Alhamdulillah,True,True,2026-10-08 20:49:46
Telaga Punggur,Telaga Punggur Ferry Terminal,Gibran Sesunan,5,2 tahun lalu,"Luas, bersih, dan nyaman. Melayani penyeberangan ke Bintan, Dabo, dan lain-lain. Terminal keberangkatan lebih rapi dibandingkan terminal kedatangan yang terlihat agak semrawut, perlu ditingkatkan pelayanannya.",True,True,2026-10-08 20:49:46
Telaga Punggur,Telaga Punggur Ferry Terminal,TP Kharisma,3,7 tahun lalu,"Pelabuhan jurusan Tanjung Pinang. Ada dua jenis kapal: kapal penumpang dan kapal Roro harga 150 ribu utk yg bawa kendaraan. Yg kapal Roro, pelabuhannya terpisah agak naik ke atas. Yg di sini kapal penumpang, berangkat tiap 15 menit,",True,True,2026-10-08 20:49:46
Telaga Punggur,Telaga Punggur Ferry Terminal,Jekson Maruli Tua,5,4 bulan lalu,Bagus dan tertip. Toilet nya sidikit lebih di perhatikan kebersihan nya,False,False,2026-10-08 20:49:46
Telaga Punggur,Telaga Punggur Ferry Terminal,Rony “RoGuKa” Kalfarisi,5,Diedit 8 bulan lalu,"Mantap, Ferry nya tepat waktu, nyaman dan bersih. Tapi kalau penuh bisa ga dapat tempat duduk",True,True,2026-10-08 20:49:46
Telaga Punggur,Telaga Punggur Ferry Terminal,Mateus Eric Hendaryanto,4,9 bulan lalu,"Pelabuhannya jika ingin ke Tanjung Pinang. Harganya cukup murah, jadwal setiap 30 menit ada, ruangannya cukup luas. Jika ingin naik RORO ada di sebelah terminal ferry ini.",False,True,2026-10-08 20:49:46
Telaga Punggur,Telaga Punggur Ferry Terminal,Robani Alzawani,5,6 tahun lalu,"Salah satu terminal penghubung antara pulau Batam dan Bintan, tempatnya lumayan ramai tapi damai.",True,True,2026-10-08 20:49:46
Telaga Punggur,Telaga Punggur Ferry Terminal,Alient Traveller,5,Diedit 5 tahun lalu,Ruang tunggunya nyaman banget apa lagi sekarang banyak tempat tongkrongan kalau nunggu kenrangkatan bisa sambil ngopi cantik di MB,True,True,2026-10-08 20:49:46
Telaga Punggur,Telaga Punggur Ferry Terminal,suara kala,5,5 tahun lalu,"Pelabuhan ini menghubungkan Pulau Batam- Tanjung Uban -Tanjung Pinang, Kepulau Riau.",True,True,2026-10-08 20:49:46
Telaga Punggur,Telaga Punggur Ferry Terminal,PAKPAHAN DIMTON,3,4 tahun lalu,Kurang teratur dan kurang rapi. Baiknya disediakan lift untuk mempermudah dan membuat nyaman pengunjung karena,True,True,2026-10-08 20:49:46
Telaga Punggur,Telaga Punggur Ferry Terminal,Ria Nurlena,5,setahun lalu,"Pelayanan baik,bersih dan keberangkatan speedboat tepat waktu",True,True,2026-10-08 20:49:46
Telaga Punggur,Telaga Punggur Ferry Terminal,rizal koto,4,4 bulan lalu,"Secara umum sudah ok, lengkap petunjuk nya, sip sih",False,True,2026-10-08 20:49:46
Telaga Punggur,Telaga Punggur Ferry Terminal,Rusdi Gucci,5,2 bulan lalu,"Sarana dan prasarana baik, Petugasnya sangat membantu dalam kebutuhan informasi",False,True,2026-10-08 20:49:46
Telaga Punggur,Telaga Punggur Ferry Terminal,NURHAYATI RETNANINGTYAS,4,8 tahun lalu,"Dua bulan yang lalu, ...menyeberang ke Tanjung Pinang dari Terminal Ferry Telaga Punggur ...waktu tempuh sekitar 1 jam",True,True,2026-10-08 20:49:46
Telaga Punggur,Telaga Punggur Ferry Terminal,Dasalaku Samuel,5,3 tahun lalu,"Salah satu pelabuhan domestik di Batam, tujuan tanjung pinang, Kuala enok, Dabo singkep, Tanjung uban, lobam, dll",True,True,2026-10-08 20:49:46
Telaga Punggur,Telaga Punggur Ferry Terminal,Sandezthira Almatiin,3,3 tahun lalu,"Fasilitas lengkap, proses chek in mudah, keberangkatan tepat waktu. Hanya saja kapal yg fasilitasnya harus dimaksimalkan lagi, karena AC sempat sedikit panas.",True,True,2026-10-08 20:49:46
Telaga Punggur,Telaga Punggur Ferry Terminal,Arif Budiman Adha,4,3 bulan lalu,"Managemen pemberangkatan bagus, tp sering terjadi keterlambatan keberangkatan",False,False,2026-10-08 20:49:46
Telaga Punggur,Telaga Punggur Ferry Terminal,Rizky Pratama,5,4 tahun lalu,Pelabuhan penyebrangan antara batam dan tg. Pinang. Pelabuhan yg bagus prlayanan ramah. Fasilitas lengkap seperti tempat ibadah. Tempat makan dan parkir inap.,True,True,2026-10-08 20:49:46
Telaga Punggur,Telaga Punggur Ferry Terminal,Edie Nurdy - View Sudut Batam,5,7 tahun lalu,"Terminal Ferry Telaga Punggur berlokasi di daerah Kabil Batam, pelabuhan domestik ini bersebelahan dengan pelabuhan kapal Roro.",True,True,2026-10-08 20:49:46
Telaga Punggur,Telaga Punggur Ferry Terminal,lady napitupulu,4,3 tahun lalu,"Menyeberang di Jumat pagi, suasana kondusif, tidak antri, cukup teratur.",True,True,2026-10-08 20:49:46
Telaga Punggur,Telaga Punggur Ferry Terminal,Labib Muharis,5,3 tahun lalu,"Masukan untuk prlabuhan Telaga Punggur, agar ada dan di mudahkan transportasi onlaine masuk dan mengambil penumpang di sekitar pelabuhan, karena pelabuhan milik seluruh warga indonesia. Sehingga bisa memudahkan kami yg datang ke batam dgn biaya yg murah.",True,True,2026-10-08 20:49:46
Telaga Punggur,Telaga Punggur Ferry Terminal,Winda Irmayanti,4,6 tahun lalu,Bersih dan lumayan maju yaa dibandingkan pelabuhan lain. Deket pelabuhan ada yg jual roti o juga..,True,True,2026-10-08 20:49:46
Telaga Punggur,Telaga Punggur Ferry Terminal,Laut,2,7 bulan lalu,"Sistem onboarding Aneh, Udah tau kapasitas kursi kapal terbatas masih maksa Sampai Gak ada tempat duduk yang tersisa",True,True,2026-10-08 20:49:46
Telaga Punggur,Telaga Punggur Ferry Terminal,Junaidi Tjhendrawan,5,setahun lalu,"Pertama ke Tanjungpinang ,pelabuhan bersih ,tertib dan rapi",True,True,2026-10-08 20:49:46
Telaga Punggur,Telaga Punggur Ferry Terminal,Teddy Haryadi,5,3 tahun lalu,"Salah satu pelabuhan yang ada di tanjungpinang. Yang mana tujuan kapalnya ada ke berbagai lokasi dikepri dan keluar kepri seperti batam, bengkalis, dan lingga. Untuk yang ke tanjungpinang kapalnya ada setiap jam mulai dari jm 8 sampai jm",True,True,2026-10-08 20:49:46
Telaga Punggur,Telaga Punggur Ferry Terminal,Roni Hardian Putra,4,5 tahun lalu,"Bangunan terminal masih dalam tahap penyempurnaan, fasilitas udah bagus, minus ga ada ATM. Untuk level pelabuhan domestik udah bagus.",True,True,2026-10-08 20:49:46
Telaga Punggur,Telaga Punggur Ferry Terminal,Bang Tigor Purba,5,Diedit 3 tahun lalu,Sudah lebih baik. Tapi pengelola tidak bijak dalam mengatur arus masuk dan keluar kendaraan yg mengakibatkan antri TERLALU LAMA. Tidak profesional.,True,True,2026-10-08 20:49:46
Telaga Punggur,Telaga Punggur Ferry Terminal,Sugeng Pribadi,5,4 tahun lalu,"Layanan mulai dari penjualan tiket, pemeriksaan penumpang sampai masuk kapal cukup bagus. Hanya usul, pengelola perlu punya media sosial (minimal Instagram) yang memberi",True,True,2026-10-08 20:49:46
Telaga Punggur,Telaga Punggur Ferry Terminal,Kirix 666,5,Diedit 6 bulan lalu,"Pelabuhan kapal Fery antar pulau kabupaten/kota di Pulau Batam ini sudah cukup bagus dan memadai serta sudah dapat beroperasi sebagaimana biasanya. Ada lift juga, cuma agak bingung untuk naik turun. Ha ha ha..😂😂",True,True,2026-10-08 20:49:46
Telaga Punggur,Telaga Punggur Ferry Terminal,Ilham widiyanfatari,5,6 tahun lalu,"Mungkin untuk fasilitas dilengkapi lagi ,dan akses dari mulai masuk sampai ke perahu aga lumayan jauh juga naik turun ...",True,True,2026-10-08 20:49:46
Telaga Punggur,Telaga Punggur Ferry Terminal,Sudarwanto,4,5 tahun lalu,"Sudah tuambah keren, aman dan nyaman.. 😎👌👍",True,True,2026-10-08 20:49:46
Telaga Punggur,Telaga Punggur Ferry Terminal,Iwan To,4,Diedit 7 tahun lalu,Masih belum selesai pembangunannya sehingga masih belum tertata rapi...,True,True,2026-10-08 20:49:46
Telaga Punggur,Telaga Punggur Ferry Terminal,rusdi zulkarnain,4,10 bulan lalu,"TERMINAL FERRY TELAGA PUNGGUR melayani pemberangkatan/kedatangan ferry dan kapal roro ke beberapa jurusan seperti Tanjung Pinang, Pulau Singkep, Pulau Lingga atau Pelabuhan Tanjung Uban.",False,True,2026-10-08 20:49:46
Telaga Punggur,Telaga Punggur Ferry Terminal,Antonius Budi,5,5 tahun lalu,"Pelabuhan Roro, melayani perjalanan menggunakan kendaraan pribadi untuk di bawa ke pelabuhan tanjung uban dari pulau batam. Perjalan ditempuh dalam waktu kurang lebih 1 jam, dengan jadual mulai jam 07.00 sampai dengan 18.00",True,True,2026-10-08 20:49:46
Telaga Punggur,Telaga Punggur Ferry Terminal,Yusman Nahabiah,4,8 tahun lalu,Tempatnya hampir menyamai bandara. Cuma sekarang kan lagi perbaikan ataupun renovasi jadi tempat parkir masih becek dan kotor. Jadi kalau kita parkir motor di pelabuhan dan naik pas ketemu hari abis hujan sendal ataupun sepatu kita akan kotor. Itu aja sih. Kalau ada yang salah tolong di maafkan. Maav cuma itu foymtonya. Hehehe,True,True,2026-10-08 20:49:46
Telaga Punggur,Telaga Punggur Ferry Terminal,faisal Hariman Lubis,4,11 bulan lalu,"Lumayan ribet dengan rute boarding nya, naik turun puter puter namun menarik untuk pengalaman pertama kali, fasilitas lengkap dan yg penting harga normal",True,True,2026-10-08 20:49:46
Telaga Punggur,Telaga Punggur Ferry Terminal,Hasan Basri Mangunsong,5,11 bulan lalu,Kemanan penumpang sangat bagus . Dan transportasi online cukup memadai buat passenger yg dtng dr luar Batam. Lokasinya / area pelabuhan terjaga kerbrsihan dan estetika bangun tertata rapi,False,True,2026-10-08 20:49:46
Telaga Punggur,Telaga Punggur Ferry Terminal,khadijah tinni,5,6 tahun lalu,New info buat yang mau ke Sri Tenam Lingga via Punggur Batam. Ada jadwal baru yak. Jadi jadwal.dari Batam ke Sri Temam itu tiap.tanggal GANJIL.,True,True,2026-10-08 20:49:46
Telaga Punggur,Telaga Punggur Ferry Terminal,Depari Rental Mobil Batam,5,8 bulan lalu,"Pelabuhan Punggur menyediakan Ferry penyeberangan ke Tanjung Pinang, lobam, Pulau Dabo dan pulau pulai kecil di sekktaran daerah dan melayani Roro Tujuan Lobam, Kuala Tungkal dan Buton.",False,True,2026-10-08 20:49:46
Telaga Punggur,Telaga Punggur Ferry Terminal,Setio S,5,Diedit 2 tahun lalu,Jetty to Bintan/Tanjungpinang Pelabuhan ferry jurusan tanjungpinang speedboat jurusan tanjung uban,True,True,2026-10-08 20:49:46
Telaga Punggur,Telaga Punggur Ferry Terminal,Manja Sari Ta,4,setahun lalu,Pelayanan nya sangat khas Indonesia sekali. Pelabuhan nya bagus. Tertib. SDM nya sudah bagus tapi perlu ditingkatkan supaya semakin baik pelayanan nya. Kebersihan nya juga bagus dan perlu ditingkatkan. Berkali kali menggunakan jasa,True,True,2026-10-08 20:49:46
Telaga Punggur,Telaga Punggur Ferry Terminal,Yeono Yeono,4,Diedit 5 tahun lalu,"Pelabuhan laut ke Tg Pinang dan Tg Uban. Penempatan loket, ruang tunggu, ruang check in, jalur boarding masih bisa dibuat lebih baik",True,True,2026-10-08 20:49:46
Telaga Punggur,Telaga Punggur Ferry Terminal,Gunawan Amin,4,5 tahun lalu,Pelabuhan fery antar pulau khusus dari pulau Bintan dan sekitar menuju ke pulau Batam.. Cukup ramai dan tersedia Area parkir yang luas.. Juga pelayanan yang tertib,True,True,2026-10-08 20:49:46
Telaga Punggur,Telaga Punggur Ferry Terminal,Amidya Tri Agusti,5,7 tahun lalu,"Fasilitas umum yang sangat membantu penyebrangan antar pulau. Dari Batam menuju Tanjung Pinang, atau ke tempat tujuan lain. Dengan akses yang memudahkan dan pelayanan yang cukup baik.",True,True,2026-10-08 20:49:46
Telaga Punggur,Telaga Punggur Ferry Terminal,wahyu hidayat,5,3 tahun lalu,"Salah satu pelabuhan di Pulau Batam, penghubung antar pulau di KEPRI. salah satu rutenya yaitu tujuan tanjung uban & tanjung pinang",True,True,2026-10-08 20:49:46
Telaga Punggur,Telaga Punggur Ferry Terminal,Andri Febriyanto,5,setahun lalu,"terminal penyebrangan ke pulau bintan, tersedia kapal roro dan speed.",True,True,2026-10-08 20:49:46
Telaga Punggur,Telaga Punggur Ferry Terminal,invisible me,4,3 tahun lalu,"Kondisi bangunan semakin membaik, Ruang tnunggu lumayan nyaman, Dan dengan berbagai stand makanan dan oleh""",True,True,2026-10-08 20:49:46
Telaga Punggur,Telaga Punggur Ferry Terminal,Piozza Corp.,5,7 tahun lalu,Naik kapal Ferry disini kita akan disuguhkan dengan pemandangan laut nan indah.. angin yg kencang.. dan Singapura pun terlihat tidak jauh dari mata.. sungguh Indonesia yang mempesona,True,True,2026-10-08 20:49:46
Telaga Punggur,Telaga Punggur Ferry Terminal,Johan Joe,5,setahun lalu,Pelabuah telaga punggu sudah lumayan bagus,True,True,2026-10-08 20:49:46
Telaga Punggur,Telaga Punggur Ferry Terminal,Kost Eksekutif Dutamas Batam Center,3,setahun lalu,Terminalnya sdh bagus. Kapal Roro Ferrynya yang harus dimaintenance lagi biar Penumpangnya nyaman. Meski penyeberangan Batam Tanjung Uban kali ini dapat yang ada ruangan VIPnya,True,True,2026-10-08 20:49:46
Telaga Punggur,Telaga Punggur Ferry Terminal,hf defryzal,5,4 tahun lalu,"Pelayanan petugas nya baik, ramah dan murah senyum, terminal ferry terkeren yang pernah ada",True,True,2026-10-08 20:49:46
Telaga Punggur,Telaga Punggur Ferry Terminal,SRC AMALINA,4,Diedit 7 tahun lalu,"Menunggu kapal SATRIA PRATAMA , pengangkut mobil-mobil yang sempat terjebak berhari-hari di pelabuhan Buton.",True,True,2026-10-08 20:49:46
Telaga Punggur,Telaga Punggur Ferry Terminal,Henpriadi Koto,5,3 bulan lalu,Transit dalam perjalanan Batam Bintan pp naik motor.,False,True,2026-10-08 20:49:46
Telaga Punggur,Telaga Punggur Ferry Terminal,fizram (hafiz ramadhan),5,Diedit 7 tahun lalu,Tempat penyebrangan dari batam. Kebetulan saya kemarin ke tj. Pinang.,True,True,2026-10-08 20:49:46
Telaga Punggur,Telaga Punggur Ferry Terminal,Sari A5,5,Diedit 2 tahun lalu,"Parkirny selalu padat, hari minggu full, harap bersabar cari parkiran",True,True,2026-10-08 20:49:46
Telaga Punggur,Telaga Punggur Ferry Terminal,Bee,5,2 tahun lalu,Kalau mau ke batam-tanjung pinang bisa lewat pelabuhan ini. Bisa ke tanjung uban atau pelabuhan sri bintan,True,True,2026-10-08 20:49:46
Telaga Punggur,Telaga Punggur Ferry Terminal,Edie Wibowo,3,setahun lalu,"25 th yll sy menggunakan pelabuhan ini untuk ke tanjung pinang. Hal positif pengalaman kemarin saya gedung pelabuhan sudah diperbesar, cuman sayangnya kebersihannya kurang bagus. Dan banyak ruangan useless.",False,True,2026-10-08 20:49:46
Telaga Punggur,Telaga Punggur Ferry Terminal,Andri Palapa,5,setahun lalu,Terminal ferry penyebrangan ke Tanjung Pinang. Fasilitasnya lengkap. Lokasinya bersih.,True,True,2026-10-08 20:49:46
Telaga Punggur,Telaga Punggur Ferry Terminal,Agung JS,4,5 tahun lalu,Pelabuhan nya sudah bagus beda dengan yg dulu2,True,True,2026-10-08 20:49:46
Telaga Punggur,Telaga Punggur Ferry Terminal,Lica Astary,1,setahun lalu,"keberangkatan ga tepat waktu pls, pas sy telat 10 menit kapal dh berangkat , terus sy ikut di kapal brkutnya dh lewat 20 menit dari jam keberangkatan ga ada jalan-jalan , astaga kesel bgt",False,False,2026-10-08 20:49:46
Telaga Punggur,Telaga Punggur Ferry Terminal,Rachmad Dhody,5,2 tahun lalu,Trmpatnya nyaman dan bersih tersedia ruang tunggu dan tmpat ngopi,True,False,2026-10-08 20:49:46
Telaga Punggur,Telaga Punggur Ferry Terminal,heny Puspa,5,6 tahun lalu,Pelabuhan penyeberangan domestik yg berada di pulau batam kepulauan riau,True,True,2026-10-08 20:49:46
Telaga Punggur,Telaga Punggur Ferry Terminal,Handreas Seru,5,2 tahun lalu,Penumpang Kapal Roro pada lebaran ke 5 tahun 2024. Sangat menarik. Saya sangat menikmati perjalanan.,True,True,2026-10-08 20:49:46
Telaga Punggur,Telaga Punggur Ferry Terminal,Lendra Elmita,5,3 tahun lalu,Viewnya bagus banget di ruang tunggu dan pembelian tiket.,True,False,2026-10-08 20:49:46
Telaga Punggur,Telaga Punggur Ferry Terminal,bang map,2,8 tahun lalu,"Tempat pelabuan domestik batam.. Tanjung Pinang, uban, dabok, anambas dan wilayah kepri",True,True,2026-10-08 20:49:46
Telaga Punggur,Telaga Punggur Ferry Terminal,E S,5,9 bulan lalu,Jemput buah hati dari Tanjung uban 😍,True,True,2026-10-08 20:49:46
Telaga Punggur,Telaga Punggur Ferry Terminal,aditya eka,4,7 tahun lalu,"Sudah lebih baik dari sebelumnya, hanya tempat parkir saja yg msh harus dibenahi klo hujan becek dan berlumpur.",True,True,2026-10-08 20:49:46
Telaga Punggur,Telaga Punggur Ferry Terminal,ARIF MILADI WALI,4,setahun lalu,"pelabuhan di batam, sangat baik, pelayanan dna kenyamanan penumpang terjamin",True,True,2026-10-08 20:49:46
Telaga Punggur,Telaga Punggur Ferry Terminal,Idam Harun,4,Diedit setahun lalu,"Ke pulau Bintan kalau mau cepat , bagusnya naik speed, beli tiketnya di situ loket",True,True,2026-10-08 20:49:46
Telaga Punggur,Telaga Punggur Ferry Terminal,Toto Suhadi,5,3 tahun lalu,Pelabuhan penyebrangan utk pulang kampung (Tg.Pinang) dgn naik kapal yg mengasikkan. Trimks.,True,True,2026-10-08 20:49:46
Telaga Punggur,Telaga Punggur Ferry Terminal,Mekanik Elekterik,1,6 bulan lalu,Apakah tangal 15 ada kapal feri dari pungut ke pelabuhan tanjung buton,False,False,2026-10-08 20:49:46
Telaga Punggur,Telaga Punggur Ferry Terminal,Muhammad Hafiz,5,7 tahun lalu,semoga pihak pemerintah menertibkan parkir2 disekitar terminal dan taxi di pelabuhan. karena membuat tidak nyaman,True,True,2026-10-08 20:49:46
Telaga Punggur,Telaga Punggur Ferry Terminal,awie w,1,setahun lalu,Utk yg nunggu dipelabuhn roro kurang tmpt duduknya... Mau duduk kursi kosong pegawai tak ijinkan tp ttp ada org lain yg duduk g jelas pegawainya!!! Klu bs tambh lg kursi utk nunggu kapal yg lm bgt! Udah gt utk apa beli online jam nya blh,False,False,2026-10-08 20:49:46
Telaga Punggur,Telaga Punggur Ferry Terminal,Nh,5,Diedit 2 tahun lalu,"Jika ke pinang dan Lagoi bisa melalui pelabuhan ini,sekarang bgt rapi dan bersih",True,True,2026-10-08 20:49:46
Telaga Punggur,Telaga Punggur Ferry Terminal,Joelfrankiy,5,7 tahun lalu,Keindahan alam dan kapal dipinggiran pelabuhan Punggur,True,True,2026-10-08 20:49:46
Telaga Punggur,Telaga Punggur Ferry Terminal,Kamila Gemstone,5,7 tahun lalu,Pelabuhan domestik.. sy sendiri melakukan penyebrangan ke Tanjungpinang untuk pertama kalinya.. Tiket kapal nya murah hanya 54rb.. semua ok..👍,True,True,2026-10-08 20:49:46
Telaga Punggur,Telaga Punggur Ferry Terminal,Sigalingging Tv,1,setahun lalu,"Saya apresiasi dengan kapal tapi tidak dengan semua petugasnya, judes ngomongnya ga sopan belum lagi ketika kita bertanya ke petugas malah mukannya kayak mesem mesem padahal ini first time saya naik kapal roro, jadi bertanya gimna attitude pelayananya di training atau tidak ada trainingnya",False,False,2026-10-08 20:49:46
Telaga Punggur,Telaga Punggur Ferry Terminal,aris stiawan,5,6 tahun lalu,"Rapih terminalnya, bersih. Pelabuhan kelas bandara nih. Iya lah internasionaal. Setiap hari kedatangan arrival,siapa soh arival tuh?",True,True,2026-10-08 20:49:46
Telaga Punggur,Telaga Punggur Ferry Terminal,Hartono _,3,Diedit setahun lalu,Lumayan bagus. Tapi ya gitu² aja modelnya. Kalo dari loket tiket mau ke dermaga ferry harus tawaf dulu. Muter² melewati dua eskalator. Padahal ada shortcut yg bisa langsung ke gate boarding pass.,False,True,2026-10-08 20:49:46
Telaga Punggur,Telaga Punggur Ferry Terminal,cah dienk,4,Diedit 7 tahun lalu,"Setelah renovasi, ruang tiket, lobby dan terasa nyaman... pelabuhan serasa bandara",True,False,2026-10-08 20:49:46
Telaga Punggur,Telaga Punggur Ferry Terminal,Andre Traveler,1,2 tahun lalu,"Tolong BP Batam atau petugas siapa saja yang bertanggung jawab sama pelabuhan ini, tolong diperbaiki kualitas taksinya. Sangat tidak ramah.",False,True,2026-10-08 20:49:46
Telaga Punggur,Telaga Punggur Ferry Terminal,Luluk Eka,4,setahun lalu,"Diluar expektasi fasilitas terminal, loket, jalur antrian, food court, ruang tunggu nya bagus, tinggal akses transportasi nya agar lebih lengkap yg bisa akses masuk dan dan fair terutama jika berurusan dng taxi..(taxi on line biar bagaimanapun adalah pilihan yg pantas) visitor yg belum biasa perlu pelajari dulu sbl sampai, kalem, pelajari dulu setelah sampai dan jangan segan banyak tanya dan konfirmasi tarif dsb.",False,True,2026-10-08 20:49:46
Telaga Punggur,Telaga Punggur Ferry Terminal,Umri Margolang,3,6 tahun lalu,"Jasa taxi dari pelabuhan ke bandara Rp. 100.000,- jarak tempuh hanya kurang lebih 15 menit",True,True,2026-10-08 20:49:46
Telaga Punggur,Telaga Punggur Ferry Terminal,Kang Hadie,5,setahun lalu,2018 Pernah nyebrang dari tanjung pinang ke telaga punggur batam... kurang lebih 1 jam perjalanan laut dengan ferry cepat,False,True,2026-10-08 20:49:46
Telaga Punggur,Telaga Punggur Ferry Terminal,Amplang Ibibfood Pusat Oleh-oleh,5,setahun lalu,Pengalaman pertama di pelabuhan batam menuju tanjung pinang,True,True,2026-10-08 20:49:46
Telaga Punggur,Telaga Punggur Ferry Terminal,Mas Udri,4,6 bulan lalu,Cukup bagus dan perku sikit improp,False,True,2026-10-08 20:49:46
Telaga Punggur,Telaga Punggur Ferry Terminal,Dk,4,8 tahun lalu,"Bakalan keren nih, sedang dalam proses pengerjaan.",True,True,2026-10-08 20:49:46
Telaga Punggur,Telaga Punggur Ferry Terminal,Sulfan Efendi,4,Diedit 6 bulan lalu,Halte dibikin tempat parkir jadi kakau kita menurunkan penumpang susah dan halte terlalu dekat dengan gate keluar mobil dari pelabuhan mohon ditertipkan mobil yg parkir trmks,False,True,2026-10-08 20:49:46
Telaga Punggur,Telaga Punggur Ferry Terminal,Anton Edi Andoko,5,7 tahun lalu,Pelabuhan Domestik Punggur Trmpat Menunggu yg Nyaman dan Full Ac,True,True,2026-10-08 20:49:46
Telaga Punggur,Telaga Punggur Ferry Terminal,iwan syahroni roni,5,4 tahun lalu,Mantaap penyebrangan antar pulau ke Tanjung Pinang.,True,True,2026-10-08 20:49:46
Telaga Punggur,Telaga Punggur Ferry Terminal,Rizz,3,2 tahun lalu,"Semenjak sudah renov parkiran jadi lebih lapang. Lantai 3 penjualan tiket panas, AC gak sejuk WC-nya gak ada tisu dan sabun cuci tangan. Ruang tunggu lantai 2 lumayan sejuk dan WC-nya ada tisu serta sabun cuci tangan. Kapal Ferry kayak keong semenjak tak pakai solar subsidi.",False,True,2026-10-08 20:49:46
Telaga Punggur,Telaga Punggur Ferry Terminal,Bibs,2,5 tahun lalu,Pelayanan terminal tidak banyak perubahan dan tidak nyaman.,True,True,2026-10-08 20:49:46
Telaga Punggur,Telaga Punggur Ferry Terminal,Ariandi Bodenk (Aribodenk),5,setahun lalu,Semakin oke. Damai dan tentram. Semoga kedepan akan lebih indah dan khusus bagi penumpang merasakan kan keaman yg lebih baik lagi🤲 Kepri damai...,False,True,2026-10-08 20:49:46
Telaga Punggur,Telaga Punggur Ferry Terminal,Soleh Gustiar,1,setahun lalu,"Parkir kacau balau, sistem tiketing tidak berjalan baik, masih banyak penumpang membayar tiket di dalam speedboat",False,False,2026-10-08 20:49:46
Telaga Punggur,Telaga Punggur Ferry Terminal,BELLOH YELLOH,2,setahun lalu,"Tmpt wudhu ditutup kalo setelah subuh jadi harus nyari westafel, menurutku itu aj yg menurutku kecewa, yg oklah",False,False,2026-10-08 20:49:46
Telaga Punggur,Telaga Punggur Ferry Terminal,ISMAIL,5,Diedit 3 tahun lalu,Bagus cuma sayang tempat roronya nyandar,True,True,2026-10-08 20:49:46
Telaga Punggur,Telaga Punggur Ferry Terminal,Amy Auliya,4,7 tahun lalu,pelabuhan na bagus dan bersih..tempat tunggu nya juga nyaman..bisa sambil lihat kapal datang,True,True,2026-10-08 20:49:46
Telaga Punggur,Telaga Punggur Ferry Terminal,Ronie Harp,5,setahun lalu,sampai sat ini pelayanan di segala bidang sudah lumayan dan bersih itulah hasil keputusan gubernur kepri walikota batam dan berjalan dengan dukungan masyarakat dan pelaksana pelabuhan Ferry,False,True,2026-10-08 20:49:46
Telaga Punggur,Telaga Punggur Ferry Terminal,Johni Girsang,4,2 tahun lalu,"Ditempat kedatanga disediakan kursi roda Hanya saja untuk mencari parkir mobil susah banget, dan posisi pintu masuk setelah keluar harus kelilimg jauh karena jalannya searah mungkin jaraknya ada 2 s.d 3km",False,True,2026-10-08 20:49:46
Telaga Punggur,Telaga Punggur Ferry Terminal,Septiaji Adisurya,5,8 tahun lalu,"Bersih dan teratur, X-Ray nya blm jalan",True,True,2026-10-08 20:49:46
Telaga Punggur,Telaga Punggur Ferry Terminal,Renny Aznofita,5,6 tahun lalu,Semakin apdate tmpat ny.mantap.,True,True,2026-10-08 20:49:46
Telaga Punggur,Telaga Punggur Ferry Terminal,Adietya Muhlizar,5,7 tahun lalu,Terminal penyebrangan lumayan cakep dan bersih 👍,True,True,2026-10-08 20:49:46
Telaga Punggur,Telaga Punggur Ferry Terminal,Raina Ode,5,setahun lalu,Pelabuhan Ferry antar pulau.. bersih dan nyaman,True,False,2026-10-08 20:49:46
Telaga Punggur,Telaga Punggur Ferry Terminal,Ikbal Mechanical,4,2 tahun lalu,"Fasilitas ok utk pelabuhan Ferry, kekurangan sulit order transport online (Go-Jek, Grab dan sejenisnya) karena wilayah pelabuhan adalah lahan parkir taxi pangkalan. Mirip seperti di Bandara penumpang kdg harus jalan keluar untuk bisa naik transport online jika tidak dipesan dahulu sblm Ferry yg ditumpangi tiba",False,True,2026-10-08 20:49:46
Telaga Punggur,Telaga Punggur Ferry Terminal,Sean Tyno Anthory,5,2 tahun lalu,"Pelabuhan yang selalu digunakan saat menuju Tanjung Pinang, Tanjung Uban dan Dabo Singkep. Di dalam terminal tersedia berbagai tempat makan dan jualan oleh-oleh. Hanya parkiran mobil yang butuh keberuntungan untuk dapat tempat di akhir pekan. Karena tempat parkir terbatas",False,True,2026-10-08 20:49:46
Telaga Punggur,Telaga Punggur Ferry Terminal,U Dee Batam,3,Diedit 2 tahun lalu,"Sudah lumayan, tapi dibeberapa point mesti ada perbaikan atau peningkatan lagi. Space parkir sangat sedikit untuk ukuran pelabuhan utama antar pulau",False,True,2026-10-08 20:49:46
Telaga Punggur,Telaga Punggur Ferry Terminal,Leong Victor,4,7 bulan lalu,Tryout local ferry MV OCEANNA from Tanjung Pinang (Bintan) local ferry terminal to Telaga Pungur Ferry,False,True,2026-10-08 20:49:46
Telaga Punggur,Telaga Punggur Ferry Terminal,Hendri Kurniawan,4,Diedit setahun lalu,"Terminal Ferry antar pulau mulai rute Batam Yo tanjung pinang,labom,lagoi,uban dan Dabo Singkep dst..yg saat Fery data g dan pergi akan disuguhi dgn pemandangan pulau2 yg cukup indah utk diabadikan baik pulau kosong ataupun yg berpenghuni dgn berdekatan dgn pelabuhan Roro yg melayani penyebrangan ke seiPakning(pekan baru)sei lekam (Tj balai Karimun)dan perjalanan Roro kekualatungkal (Jambi) dan dekat dgn oerkampung kampung tua punghur",False,True,2026-10-08 20:49:46
Telaga Punggur,Telaga Punggur Ferry Terminal,tia lestari,5,8 tahun lalu,"Top ini pelabunan, pelayanan baik, kapal kapal nya juga bagus",True,True,2026-10-08 20:49:46
Telaga Punggur,Telaga Punggur Ferry Terminal,acep ranal,5,setahun lalu,"Pelabuhan Ferry yang ada di Kota Batam, terdapat pilihan kapal cepat alumminium dengan ukuran sedang, dan kapal cepat fiber dengan ukuran kecil. Pelabuhan Ferry Telaga Punggur adalah salah satu pelabuhan utama di Pulau Batam, Indonesia. Pelabuhan ini menjadi pintu gerbang utama untuk transportasi laut ke berbagai tujuan di Kepulauan Riau, seperti Tanjung Pinang, Tanjung Uban, dan beberapa lokasi di Pulau Bintan. Alamat: Jalan Patimura, Kabil, Kecamatan Nongsa, Batam.",False,False,2026-10-08 20:49:46
Telaga Punggur,Telaga Punggur Ferry Terminal,maria ingrid,5,2 tahun lalu,"Bersih, nyaman. kamar mandi juga bersih",True,True,2026-10-08 20:49:46
Telaga Punggur,Telaga Punggur Ferry Terminal,fatikha thurochmah,5,2 tahun lalu,Salah satu pelabuhan yg selalu ramai di batam,True,True,2026-10-08 20:49:46
Telaga Punggur,Telaga Punggur Ferry Terminal,Annissa Valentina,5,4 tahun lalu,"Tempatnya luas, bersih, hanya saja memang tidak bisa naik ojek online dari sini harus jalan terlebih dahulu ke pintu masuk, dan itu cukup jauh, tapi tempatnya oke kok untuk pelabuhan ini cukup bersih dan kulihat ada beberapa tempat makan dan minimarket di luarnya 😊",False,True,2026-10-08 20:49:46
Telaga Punggur,Telaga Punggur Ferry Terminal,Ozye Alloyse,5,7 tahun lalu,Pelabuhan yang luas dan cukup tertib untuk angkutan roro yang murah meriah 😊😊,True,True,2026-10-08 20:49:46
Telaga Punggur,Telaga Punggur Ferry Terminal,Gerhana Ml,4,7 tahun lalu,Terminal domistik yg udah di ubah dengan bentuk yg modern....dan canggih.... kenyamanan serta keamanan yg terjaga...,True,True,2026-10-08 20:49:46
Telaga Punggur,Telaga Punggur Ferry Terminal,Wahyu Budi Setyawan,5,8 tahun lalu,Terminal moderen yg sedang dalam proses pembangunan.,True,True,2026-10-08 20:49:46
Telaga Punggur,Telaga Punggur Ferry Terminal,febrianto eka putra,5,7 tahun lalu,Klw mau ke Anambas jangan dari sini. Kapal ke Anambas adanya dari Tanjung pinang,True,True,2026-10-08 20:49:46
Telaga Punggur,Telaga Punggur Ferry Terminal,Jubah Air,4,3 tahun lalu,Menyenangkan . . . Bersih dan rapi . . . Tapi loketnya kok selalu membingungkan ya,True,True,2026-10-08 20:49:46
Telaga Punggur,Telaga Punggur Ferry Terminal,fatch caritas,5,5 bulan lalu,Pernah kesitu dari batam mau nyebrang ke bintan,False,True,2026-10-08 20:49:46
Telaga Punggur,Telaga Punggur Ferry Terminal,Hendy Loh,1,7 tahun lalu,"Toilet Cowok lantai 1 sudah rusak sebulan lebih belum diperbaiki. Lahan parkir juga belum dicor & rapikan, berantakan sekali. Semoga bisa secepatnya dirapikan & fasilitas umum seperti toilet yg tiap hari digunakan jika rusak harusnya diperbaiki secepatnya. Semoga maintenance & kebersihannya bisa ditingkatkan. 😀",False,True,2026-10-08 20:49:46
Telaga Punggur,Telaga Punggur Ferry Terminal,Golden Land,1,2 tahun lalu,"Petugas kasir di pembelian tiket selalu pura-pura lupa mengembalikan uang penumpang. Walaupun hanya Rp500,- tetapi kebiasaan itu membuat kesal juga.",False,False,2026-10-08 20:49:46
Telaga Punggur,Telaga Punggur Ferry Terminal,Den Ko Ha,5,8 tahun lalu,Bisa parkir nginap Tinggal ke pinang,True,True,2026-10-08 20:49:46
Telaga Punggur,Telaga Punggur Ferry Terminal,Hendry Suprianto,3,setahun lalu,"Sejujurnya aga sebel kalau mau jemput orang ke sini, tempat jemputnya pendek, rame, kadang dipake parkir taxi, parkir di area dalam ga layak.",False,True,2026-10-08 20:49:46
Telaga Punggur,Telaga Punggur Ferry Terminal,Ipan Streids,5,2 tahun lalu,Pelabuhan Domestik untuk bepergian ke tg uban dan tg pinang.,True,True,2026-10-08 20:49:46
Telaga Punggur,Telaga Punggur Ferry Terminal,Danis S,5,2 tahun lalu,Tempatnya bersih dan rapi Semoga tetap terjaga seperti itu,True,True,2026-10-08 20:49:46
Telaga Punggur,Telaga Punggur Ferry Terminal,Sarno Kasman,4,6 tahun lalu,"Lumayan lancar dimasa pandemi ini,tidak dipersulit untuk keluar daerah...",True,True,2026-10-08 20:49:46
Telaga Punggur,Telaga Punggur Ferry Terminal,Meyliana Anastasya Rumapea,5,3 tahun lalu,"Agak sedikit kecewa sama supir taksinya, terlalu arogan. Mungkin bisa dikasih masukan dari pihak pelabuhannya biar kitanya juga enak dan gak takut buat milih naik taksi dari pelabuhan. Mungkin bisa dicontoh pelabuhan di pinang, ada tuh counter buat mesan taksi jadi gak semrawut",False,True,2026-10-08 20:49:46
Telaga Punggur,Telaga Punggur Ferry Terminal,Titania Arsad,5,4 tahun lalu,"Setelah tempatnya di renov jadi lebih bagus, cuman mungkin masih proses renov jadi masih berantakan, terus juga yg jual tiketnya ga sesuai, kmrn beli yg jam 9, pas masuk boarding pas aja udah gabisa karna jam 9 pas buru2 kirain ketinggalan kapal, eh ternyata emg kapalnya berangkat jam 10 jd ngaret 1 jam",False,True,2026-10-08 20:49:46
Telaga Punggur,Telaga Punggur Ferry Terminal,Adi Susanto,4,3 tahun lalu,"Tempatnya bersih, tertib, teratur, pelayanan bagus terlebih kepada Usia manula. Tidak ada calo. Cuman petunjuk. Arah masuk setelah penjualan tiket ke Dermaga oerlu diperjelas agar memudahkan penumpang usia manula.",False,True,2026-10-08 20:49:46
Telaga Punggur,Telaga Punggur Ferry Terminal,Binsar sitompul,4,8 bulan lalu,"Bagus,dan beli tiket sudah pakai online,petugas nya ramah ramah.",False,True,2026-10-08 20:49:46
Telaga Punggur,Telaga Punggur Ferry Terminal,Iskandar Fauzi,3,8 tahun lalu,"Secara keseluruhan memang masih dalam kelengkapan seluruh fasilitasnya... Masih ada pembenahan disana sini.... Konsep kedatangan dan keberangkatannya dipisahkan diatas dan di bawah. Memang masih banyak yang harus diperbaiki. Kondisi keseluruhannya memang belum terlalu rapi... Mulai pengaturan parkiran... Peembelian tiket, Nah ini kok dengan gedung yang bagus tapi masih terkesan sama seperti yang lama ya... Pengarahan penumpang buat yang baru pertama kali akan kesulitan... Krn memang arahan tanda tanda menurut saya tidak informatif. Sampai penumpang akan kebingungan krn bingung mau naik apa... Tidak ada yg mengarahkan dengan jelas.... Perlu ada tanda tanda yg clear. Atau mekanisme sistemnya harus diperbaiki.",False,True,2026-10-08 20:49:46
Telaga Punggur,Telaga Punggur Ferry Terminal,Indra C,5,2 tahun lalu,Lumayan adem banyak pohon teduh untuk memjemput rejeki,True,True,2026-10-08 20:49:46
Telaga Punggur,Telaga Punggur Ferry Terminal,Pandu Carita,3,3 tahun lalu,"Lumayan baik, yg mesti dibenahi adalah penataan taxi yg terlihat tdk diatur rapi. Para sopir mengejar ngejar penumpang, ini tdk nyaman. Harga2 yg ditawarkan sangat mahal",False,True,2026-10-08 20:49:46
Telaga Punggur,Telaga Punggur Ferry Terminal,IWpranoto,4,setahun lalu,"Mo ke bintan, tj pinang",True,True,2026-10-08 20:49:46
Telaga Punggur,Telaga Punggur Ferry Terminal,munir rubiakto,5,setahun lalu,Nyeberang ke pinang bayar 80.500 pp 161k sudah termasuk retribusinya. Dikapal nyaman sekali..perjalanan 1jam kurang lebihnya.,False,True,2026-10-08 20:49:46
Telaga Punggur,Telaga Punggur Ferry Terminal,Harri Sumpeno,4,setahun lalu,terminal ferry Telaga Punggur memiliki fasilitas : - tempat parkir inap - escalator dan lift - ruang tunggu yang luas - tidak ada calo tiket - terletak ditepi jalan - mudah dijangkau masyarakat,False,True,2026-10-08 20:49:46
Telaga Punggur,Telaga Punggur Ferry Terminal,Dewanto Dabo,4,Diedit 4 tahun lalu,"Nyaman, fasilitas bagus",True,True,2026-10-08 20:49:46
Telaga Punggur,Telaga Punggur Ferry Terminal,Semua Tentang Batam,5,9 tahun lalu,". Pelabuhan Telaga punggur akan disulap sebesar Mall Kakak. Badan Pengusahaan (BP) Batam masih terus melakukan perbaikan Pelabuhan Domestik Telagapunggur. Meskipun proses renovasi bangunan sudah selesai dan telah diserahterimakan, tapi gedung baru ini dinilai masih ada beberapa titik yang masih perlu dilakukan perbaikan untuk keselamatan calon penumpang Kakak. Staf Ahli Deputi III BP Batam, Bapak Nasrul Amri Latif mengatakan, pihaknya masih membuat beberapa simulasi agar lalu lintas di depan pelabuhan lancar.Ada beberapa titik yang masih kami benahi agar tidak ada masalah nantinya untuk keselamatan penumpang Kakak. Pelabuhan Domestik Telaga Punggur Batam yang menelan anggaran sekitar Rp64 M ini dibangun sejak pertengahan 2015 lalu dan ditargetkan selesai bulan Oktober 2017. Pelabuhan ini memiliki luas lahan 2,2 Ha dengan luas bangunan 4.600m2. Retavitalisasi pelabuhan ini dibangun 3 lantai dengan luas bangunan 3031 m2 dan digunakan untuk: -Area keberangkatan -UPT Pelabuhan Laut -Karantina -Syahbandar -P2K -Bea dan Cukai -Tempat Ibadah -Ruang VIP -Kawasan Komersil -Kawasan kedatangan penumpang -Penjualan Tiket kapal fery . Semoga pelabuhan Telaga Punggur makin kece ya Kakak.",False,True,2026-10-08 20:49:46
Telaga Punggur,Telaga Punggur Ferry Terminal,Irham Ali,3,4 tahun lalu,Kalau ditinjau dari kebersihan dan kerapihan.. Sudah cukup lumayan.. Namun sisatem keluar masuk agak sesikt merepotkan.. Darivpengalaman kami yang bawak anak2 dan bawa bnyk barang.. Antara pintu masuk orang dan barang agak bikin repot,False,True,2026-10-08 20:49:46
Telaga Punggur,Telaga Punggur Ferry Terminal,arlin natalia,5,Diedit 3 tahun lalu,Bagus... Rapih Dan bersih juga nyaman.,True,True,2026-10-08 20:49:46
Telaga Punggur,Telaga Punggur Ferry Terminal,Sudarsono Pulaujung,4,Diedit 4 tahun lalu,Mantap Sebagai salah satu pelabuhan penyeberangan antar pulau di kepri,True,True,2026-10-08 20:49:46
Telaga Punggur,Telaga Punggur Ferry Terminal,LDR BATAM,5,9 tahun lalu,Area dibawah gedung baru menjadi area parkir mobil sementara,True,True,2026-10-08 20:49:46
Telaga Punggur,Telaga Punggur Ferry Terminal,Teguh Perdana,4,8 tahun lalu,"fasilitas sudah bagus, hanya saja di tangga keberangkatan menggunakan eskalator tangga padahal banyak penumpang yang membawa barang bawaan, jadinya tidak efisien. masih banyak orang yang merokok, diperlukan pelatihan manajerial sehingga ""humans""nya bisa seperti di bandara pada umumnya",False,True,2026-10-08 20:49:46
Telaga Punggur,Telaga Punggur Ferry Terminal,De Si,4,Diedit 3 tahun lalu,"Parkiran, area tunggu penumpang dll cukup luas dan bersih. Parkir inap aman karena saya sering ke tanjung pinang 2 hari, motor saya parkirkan dipelabuhan sejauh ini masih aman",True,True,2026-10-08 20:49:46
Telaga Punggur,Telaga Punggur Ferry Terminal,rank mudo,3,setahun lalu,Terminal kedatangan tidak ramah untuk penumpang. Taxi pangkalan mengintai penumpang yang di jemput dengan kendaraan pribadi.,False,True,2026-10-08 20:49:46
Telaga Punggur,Telaga Punggur Ferry Terminal,Traveller Bintan,4,4 tahun lalu,"Parkiran beserak tdk rapi... Tdk ada petugas yg jaga,jd penumpang asal""kalau parkir mobil..sehingga buat macet dan sempit. Semoga bs ada petugas kedepannya.",False,True,2026-10-08 20:49:46
Telaga Punggur,Telaga Punggur Ferry Terminal,Syahruji IAI,4,setahun lalu,Transportasi aman dan murah antar pulau,True,True,2026-10-08 20:49:46
Telaga Punggur,Telaga Punggur Ferry Terminal,Rafael Raditya,3,6 tahun lalu,"Sudah bagus dari pada dulu...tapi jalur kedatangan seharusnya dibuat nyaman, yang berjalan kaki keluar agak bikin capeeeeee bangedddd naikkkk turunnn haduhhh, satu lagi transportasi dari lokasinya agak tersembunyi karena letak nya jauhhhh dari pintu kedatangan, klo taxi... Hmmmm tau lah harga nya mahalllllllll, semoga ada perbaikan system aja. Good job so far 👍👍👍👍👍👍👍",False,True,2026-10-08 20:49:46
Telaga Punggur,Telaga Punggur Ferry Terminal,Julia Atika,5,3 tahun lalu,"Perjalanan pertama dari Tungkal ke Batam sendiri, alhamdulilah sangat aman",True,True,2026-10-08 20:49:46
Telaga Punggur,Telaga Punggur Ferry Terminal,aidil afandi,5,2 tahun lalu,"Terminalnya bagus, bersih, staf staf juga baik dan ramah, diarahkan kemana kta harus beli tiket dan lain sebagianya, gak sempat foto karena buru-buru ngerjar waktu 10 menit langsung naik ferry ke tjg pinang.",False,True,2026-10-08 20:49:46
Telaga Punggur,Telaga Punggur Ferry Terminal,אב יצחק,5,7 tahun lalu,"Tahun 2019 merupakan mudik yang paling mudah walaupun awalnya sangat membingungkan ketika masuk pelabuhan ini. Penataan ruangan masuk sudah sangat rapi dan nyaman, berbeda dari tahun-tahun sebelumnya. Dengan adanya escalator dan ruang tunggu yang nyaman sehingga memudahkan calon penumpang memantau kapal yang keluar-masuk pelabuhan ini.",False,True,2026-10-08 20:49:46
Telaga Punggur,Telaga Punggur Ferry Terminal,seloso kliwon,3,7 tahun lalu,Pelabuhannya bagus tertata,True,True,2026-10-08 20:49:46
Telaga Punggur,Telaga Punggur Ferry Terminal,Jabal Nur (Janu),4,setahun lalu,"Mesin ATM cuman 1 jadi terbatas kalau tidak punya kartu BCA dan Mandiri, coba di tambah mesin atm bersama bank BRI",False,True,2026-10-08 20:49:46
Telaga Punggur,Telaga Punggur Ferry Terminal,Arman Asmara,5,8 tahun lalu,Dermaga dengan tujuan keberangkatan lokal😀 24 Oktober 2017 nyebrang ke Tg. Uban,True,True,2026-10-08 20:49:46
Telaga Punggur,Telaga Punggur Ferry Terminal,Yon Mansyah,3,7 tahun lalu,"Rame, pelayanan yg cepat dan tepat waktu",True,True,2026-10-08 20:49:46
Telaga Punggur,Telaga Punggur Ferry Terminal,Eman “Anz” Syukur,4,8 tahun lalu,Pelabuhan sudah sangat baik setelah adanya pembangunan di area sekitarnya. Hanya informasi sebagai petunjuk blm memadai. Masih sering ditemui kesemrawutan di luar area parkir. Diharapkan pihak pengelola bekerja sama dengan pihak keamanan untuk meningkatkan kenyamanan penumpang,False,True,2026-10-08 20:49:46
Telaga Punggur,Telaga Punggur Ferry Terminal,FAQIH03 Alfian,5,7 tahun lalu,"Temaptnya baru, dan masih di renofasi Bersih dan bagus tempatnya, mantab",True,True,2026-10-08 20:49:46
Telaga Punggur,Telaga Punggur Ferry Terminal,F.A. Febriyanto,3,9 tahun lalu,"Akses keluar-masuk pelabuhan lancar, tapi alurnya kurang rapi. Jika hujan ada kemungkinan becek tercampur tanah. Ruang tunggu oke, tapi kadang gaduh karena suara penjaga loket tiket. Jalan keluar-masuk anjungan hanya berupa pembatas tidak permanen",False,True,2026-10-08 20:49:46
Telaga Punggur,Telaga Punggur Ferry Terminal,Emde,4,Diedit setahun lalu,Akses utama penyeberangan dari batam ke bintan. Selalu ramai dipenuhi antrian penumpang. Setiap tahun ada perbaikan dan perubahan agar para penumpang semakin nyaman dan dipermudah dalam perjalanannya,False,True,2026-10-08 20:49:46
Telaga Punggur,Telaga Punggur Ferry Terminal,Titi Arimba,4,Diedit 7 tahun lalu,"Udah bagus, udah bersih, udah lebih teratur sekarang. Ruang tunggu nya lebih adem. Masuk penumpangnya dari lantai tiga, kemudian beli tiket dan pass. Turun ke lantai dua untuk check-in. Eitts belum selesai, turun sekali lagi baru sampai di pelabuhannya 😅",False,True,2026-10-08 20:49:46
Telaga Punggur,Telaga Punggur Ferry Terminal,Harbie Soebrata,4,3 tahun lalu,"Terminal Ferry yang melayani keberangkatan ke berbagai tujuan yang ada di Kepri. Tempatnya luas, fasilitas disini cukup lengkap, adanya tempat penjualan tiket, ATM bersama BNI & Mandiri, kantin stefi, permainan untuk anak"", free charging dan berbagai macam fasilitas . Suasana riuh rendah, karena aktivitas beli dan menjual tiket, terminal telaga Punggur tergolong ramai dan sibuk.",False,True,2026-10-08 20:49:46
Telaga Punggur,Telaga Punggur Ferry Terminal,Be Saja,1,6 tahun lalu,Bangunan sdh ok ...hanya bagi yg bawa mobil sendiri untuk penjemputan agak repot..parkir sempit....dulu bisa lgs jemput tanpa mesti cari parkiran.. .sekarang kagak bisa..di penuhi taxi semua...terutama lokasi terdekat pintu kluar.....mudah2an dari pihak dishub ada solusi...karena saya jempuat keluarga yg harus pake kursi roda mesti di bopong...kasian.. Jalur taxi dan penumpang di batasin... Dari atas di bagi pake tali dan kerucut pembatas...eh di bawah kagak bisa masuk di blok jalur taxi.....batasin ya bapak2...buat pelayanan publik teritama yg bawa pasien...bravo..,False,True,2026-10-08 20:49:46
Telaga Punggur,Telaga Punggur Ferry Terminal,suheimi Sp,5,4 tahun lalu,Kondisi cuaca gelap mau hujan terus ni di uban😇😇😇,True,True,2026-10-08 20:49:46
Telaga Punggur,Telaga Punggur Ferry Terminal,Thecute Wild,5,6 tahun lalu,"Kalau mau menyebrang dari Batam ke Tanjung Pinang, dari sini tempatnya. Setelah direnovasi oleh pihak BP Batam, pelabuhannya menjadi sangat bagus seperti bandara. Hanya saja kebersihan lantai ditempat ini memang masih perlu ditingkatkan. Satu hal yang agak disayangkan dari tempat ini, ojek online dilarang menjemput penumpang.",False,True,2026-10-08 20:49:46
Telaga Punggur,Telaga Punggur Ferry Terminal,Tantimin Advokat,4,3 tahun lalu,Pelabuhan telaga punggur naik ferry oceanna menuju tg pinang,True,True,2026-10-08 20:49:46
Telaga Punggur,Telaga Punggur Ferry Terminal,Rony Andrian,5,7 tahun lalu,Penyebrangan ferry baik kapal cepat maupun kapal roro,True,True,2026-10-08 20:49:46
Telaga Punggur,Telaga Punggur Ferry Terminal,Lgaol Marbun,5,5 tahun lalu,Sangat bagus tertata rapi nyaman,True,True,2026-10-08 20:49:46
Telaga Punggur,Telaga Punggur Ferry Terminal,Dewi Asmara,5,4 tahun lalu,Tempatnya nyaman.tapi sopir taksinya pasang harga tinggi.jd byk yg order taksi online yg lebih murah.giliran penumpang order taksi online di permasalahkan.tolong dong klau gk mau penumpang order taksi online...jangan pasang harga tinggi.macam meras org.apalagi kalau tau bukan warga batam.mereka ambil kesempatan.,False,True,2026-10-08 20:49:46
Telaga Punggur,Telaga Punggur Ferry Terminal,Yossi Indriani,5,7 tahun lalu,"Pelabuhan yg luas, ada mushola dan toilet yg lumayan bersih. Biasanya melalui pelabuhan ini untuk tujuam batam - Tanjungpinang atau sebaliknya. selaim biaya tiket kita juga membayar pas masuk pelabuhan sebesar 10k",False,True,2026-10-08 20:49:46
Telaga Punggur,Telaga Punggur Ferry Terminal,ahdhan dhany Tour and Travel,3,3 tahun lalu,"Parkir mobil disini masih sembraut Parkir suka suka yg kendaraan, kadang utk 3 mobil d pake sm mereka jadi dua mobil karna letak mobil nya gk teratur, berjarajk bs nyampe 2 mter Klu bs kasih garis utk 1 mobil gtu, jadi orang gk parkir suka2 mereka",False,True,2026-10-08 20:49:46
Telaga Punggur,Telaga Punggur Ferry Terminal,Helmi Razif,3,Diedit 8 tahun lalu,"Tarif taxi counter nya mahal bro dan seharusnya bus DAMRI / Trans Batam dikasi masuk ke dalam area pelabuhan, bukannya diluar... capek jalannya 😥 untuk fasilitas pelabuhan sudah cukup bagus walaupun saat ini masih dalam tahap renovasi 👍",False,True,2026-10-08 20:49:46
Telaga Punggur,Telaga Punggur Ferry Terminal,Randy Thio張沅鑫,5,4 tahun lalu,pelabuhan lokal untuk menuju ke tanjung pinang / pulau bintan perubahannya masi nanggung tapi boleh lah dibanding sebelumnya untuk akses masuk kapalnya tolong diatur biar ga berebutan dan cepat cepat masuk kapal,False,True,2026-10-08 20:49:46
Telaga Punggur,Telaga Punggur Ferry Terminal,Naufal Widian,5,Diedit 3 tahun lalu,"Bangunannya bersih, tqpi masih banyak space kosong yang tidak terpakai didalam bangunan yang seharusnya bisa di manfaatkan lebih baik lagi",False,True,2026-10-08 20:49:46
Telaga Punggur,Telaga Punggur Ferry Terminal,detra,3,Diedit 11 bulan lalu,Tempat turun taxi ke tpt jual tiket jaraknya lumayan jauh. Dari tpt tiket ke tot scan barcode jg jauh. Akses utk kursi roda ribet,False,True,2026-10-08 20:49:46
Telaga Punggur,Telaga Punggur Ferry Terminal,Mariana Rahmawati,5,3 tahun lalu,pertama kali ke telaga Punggur mau ke pinang,True,True,2026-10-08 20:49:46
Telaga Punggur,Telaga Punggur Ferry Terminal,Nadia Khaira,3,8 tahun lalu,"Terminalnya sedang direnovasi. Tempat parkir kendaraan cukup luas di dalam, hanya belum diperkeras, sehingga kalo hujan becek. Keberangkatan ferry masih belom on schedule. Seringkali telat 10-30 menit dari jadwal. Penjual tiket masih berebut penumpang seperti biasa, sehingga cukup ribut di sekitar lokasi penjualan tiket",True,True,2026-10-08 20:49:46
Telaga Punggur,Telaga Punggur Ferry Terminal,Nur Wulandari,4,8 tahun lalu,Sedang tahap pembangunan untuk pelebaran dan peningkatan fasilitas. Parkir untuk mobil/motor bermalam juga banyak di depan area ini. Sehingga penumpang bisa menitipkan motor/mobilnya untuk beberapa hari.,False,True,2026-10-08 20:49:46
Telaga Punggur,Telaga Punggur Ferry Terminal,Abdul Gafur,5,setahun lalu,terminak bersih dan rapi,True,True,2026-10-08 20:49:46
Telaga Punggur,Telaga Punggur Ferry Terminal,Haqqy Rerian Erlangga,4,6 tahun lalu,"Terminal yang bersih dan sekarang tertata rapih dibandingkan beberapa tahun silam,parkir udah lumayan luas bagi yg memiliki kendaraan,disini juga tersedia transportasi umum atau taksi ,tetapi ada hendaknya melakukan penawaran sebelum pergi ke lokasi yang dituju",False,True,2026-10-08 20:49:46
Telaga Punggur,Telaga Punggur Ferry Terminal,Isnin Syn,3,Diedit 3 tahun lalu,"Plabubannya bagus pelayanan juga baik, hanya saja sulit untuk memesan taxi online atau grab di lokasi ini kita di paksa untuk naik taxsi plabuhan, saran ada kenalan atau saudara untuk menjemput saat tiba di plabuhan",False,True,2026-10-08 20:49:46
Telaga Punggur,Telaga Punggur Ferry Terminal,Eben Sinuraya,5,setahun lalu,"Sebaiknya jika mau pesan taksi, langsung di Terminal nya saja, kalau pesan Online, jauh jalan apalagi kalau kita punya barang banyak",False,True,2026-10-08 20:49:46
Telaga Punggur,Telaga Punggur Ferry Terminal,Budi Susetyo (Budi logging),4,setahun lalu,Cukup rapih tertib kru naik bisa dipetcaya (portir barang),False,True,2026-10-08 20:49:46
Telaga Punggur,Telaga Punggur Ferry Terminal,Wong YoJo,4,6 tahun lalu,"Salah satu pelabuhan di pulau Batam. Dari pelabuhan ini berbagai armada kapal cepat melayani pelabuhan tujuan di pulau-pulau di berbagai penjuru Kepri. Bangunan relatif masih baru, tapi fasilitas seperti rumah makan masih kurang memadai/nyaman.",False,True,2026-10-08 20:49:46
Telaga Punggur,Telaga Punggur Ferry Terminal,Eddy Bralink,5,setahun lalu,Ruang tggu nyaman ...view bangus k,True,True,2026-10-08 20:49:46
Telaga Punggur,Telaga Punggur Ferry Terminal,Gunawan channel,5,5 tahun lalu,"Tempatnya bersih,parkir kendaraan aman,cuma saya setiap kesitu nyebrang ke Tanjung Uban selalu naik speed boat,serasa naik kora kora,tapi kebetulan yang saya pernah jalanin catain nya handal handal,mantap pokok nya,ada yang lupa Prokes juga diterapkan disitu,pengunjung jangan lupa,akun e-hack nya,tapi kalaupun belum punya,ada kok disitu petugasnya,yang ramah ramah",False,True,2026-10-08 20:49:46
Telaga Punggur,Telaga Punggur Ferry Terminal,shoohibun najiib,5,Diedit 4 tahun lalu,"Pelabuhannya sudah bagus, dan lengkap. Untuk akses keluar mobil kurang tepat, jalan yang harusnya bisa digunakan dipakai untuk parkir dan jalur taxi",False,True,2026-10-08 20:49:46
Telaga Punggur,Telaga Punggur Ferry Terminal,Abdul Rohim,5,8 tahun lalu,Gedung bagus. Cuma kurang petunjuk arah. Apalagi ini gedung baru. Jalan satu arah. Tempat parkir ditata rapi. Juga perlu petunjuk. Food cort juga disediakan yg rapi. Baik dari tingkat ojek sampai pengusaha. Makasih,False,True,2026-10-08 20:49:46
Telaga Punggur,Telaga Punggur Ferry Terminal,to sin,4,7 tahun lalu,Buat pengunjung pelabuhan harap berhati-hati menggunakan transportasi umum didaerah ini. Sebaiknya gunakan transportasi umum resmi Trans Batam. Hindari ojek pangkalan atau taksi pangkalan yg memasang tarif sesuka hati. Jangan mengorder Ojek online atau taksi online karena akan mengakibatkan keributan dan ketidaknyamanan.,False,True,2026-10-08 20:49:46
Telaga Punggur,Telaga Punggur Ferry Terminal,Hendrik AS,5,8 tahun lalu,Diatas KMP BARAU sesaat sebelum sailling dr Pelabuhan Telaga Punggur...,True,True,2026-10-08 20:49:46
Telaga Punggur,Telaga Punggur Ferry Terminal,Hotdi Simanullang,5,Diedit 2 tahun lalu,Nyaman dan aman. Mantaplah...,True,True,2026-10-08 20:49:46
Telaga Punggur,Telaga Punggur Ferry Terminal,angel dhara audrey,2,6 tahun lalu,Kali Pertama Sih Ak Naik Fery Ini...Tapi Keadaan Pelabuhannya Sangat Mengecewakan...Sanitasi Udara Diruangan Bawah Kurang Mungkin Karena Itu Hari AC nya Mati Kali Yaaa...Kasian Anak2 Juga Ada Yg Bawa Baby Kulihat Kepanasan Juga...Gk Ada Social Distancing...Tempat Cuci Tangan Atau HandSanitizer Gk Ada Kulihat...Pelayanan Pelabuhan Pun Kurang...Semoga Kedepannya Lebih Baik,False,True,2026-10-08 20:49:46
Telaga Punggur,Telaga Punggur Ferry Terminal,Erwin Fairus,5,7 tahun lalu,"Alternatif penyeberangan dengan kapal roro, speed ataupun feri ke tg uban, pinang, karimun dan tujuan .",True,True,2026-10-08 20:49:46
Telaga Punggur,Telaga Punggur Ferry Terminal,Roy Safriadi Sevendi Siregar,4,3 tahun lalu,"Pilihan kapal banyak, jadwal juga tepat waktu",True,True,2026-10-08 20:49:46
Telaga Punggur,Telaga Punggur Ferry Terminal,Edy kiswanto,2,8 tahun lalu,"Pelabuhan lokal yg menyediakan transportasi ke pulau-pulau di Kepri, mayoritas kapal menuju ke Tanjung Pinang. Tempat Parkir yang disediakan tidak jelas, banyak oknum2 taxi yang bermain disitu, tarif bervariasi dan sangat tidak sopan, hati2 jangan tertipu, usahain utk menawar, apabila harga tidak wajar, mendingan jalan kaki keluar gedung utk mencari taxi yg lain.",False,True,2026-10-08 20:49:46
Telaga Punggur,Telaga Punggur Ferry Terminal,Nadia Veinyard,4,8 tahun lalu,"Cukup bagus dgn pembangunan yg ad, mgkn bs dipertimbangkan dgn adanya fasilitas trolley bagi penumpang kapal, maka akan sempurna",False,False,2026-10-08 20:49:46
Telaga Punggur,Telaga Punggur Ferry Terminal,mia afritia,4,7 bulan lalu,Seperti pelabuhan pada umumnya,False,True,2026-10-08 20:49:46
Telaga Punggur,Telaga Punggur Ferry Terminal,Angga Anantataqwa,4,8 tahun lalu,At least Pelabuhan Terminal Ferry Telaga Punggur ini sudah lebih baik dari sebelumnya dibangun. sudah ada ruang tunggu ber-ac dan eskalator. hanya saja untuk keberangkatan kita harus turun 2 lantai untuk sampai ke dermaga.,False,True,2026-10-08 20:49:46
Telaga Punggur,Telaga Punggur Ferry Terminal,acep ranal,5,Diedit setahun lalu,"Salah satu pelabuhan domestik di Kota Batam, terletak di Kelurahan Kabil Kecamatan Nongsa, ada pelabuhan ferry lapal cepat, speed boat, ada juga pelabuhan roro atau ASDP, dengan tujuan berbagai pulau baik di dalam maupun di luar Provinsi Kepulauan Riau.",False,True,2026-10-08 20:49:46
Telaga Punggur,Telaga Punggur Ferry Terminal,Antonius Panjaitan,2,setahun lalu,Tiket kapal ro-ro menuju Kuala Tungkal dibilang habis lalu disarankan beli kepada agen di area itu juga,False,False,2026-10-08 20:49:46
Telaga Punggur,Telaga Punggur Ferry Terminal,Riska Anggit Dwiningtyas,4,4 tahun lalu,"Fasilitas sudah cukup bagus, hanya perlu ditingkatkan lagi kebersihan dan kerapiannya agar layanan yang diberikan bisa semakin optimal.",False,True,2026-10-08 20:49:46
Telaga Punggur,Telaga Punggur Ferry Terminal,ikan hiu,4,7 tahun lalu,super padat lah. tapi memang mantap. hehehe,True,True,2026-10-08 20:49:46
Telaga Punggur,Telaga Punggur Ferry Terminal,Salah Jurusan,3,8 tahun lalu,Fisiknya mirip bandara.... Tapi pelayanannya perlu di tingkatkan lagi....,True,True,2026-10-08 20:49:46
Telaga Punggur,Telaga Punggur Ferry Terminal,Eka Handa,4,7 tahun lalu,"Bagus terminalnya, cuma sayangnya penumpang kadang ketinggalan kapal karena tidak ada koordinasi dari penjual tiket kepada operator kapal. Udah keburu beli tiket, eh kapalnya udah jalan, terpaksa nunggu lagi walaupun kapalnya selalu ada, tapi waktu jadi terbuang.",False,True,2026-10-08 20:49:46
Telaga Punggur,Telaga Punggur Ferry Terminal,guntur sukoco,5,7 tahun lalu,salah satu terminal penerbangan yang dikelola cukup baik oleh pemerintah baik fasilitas yang berada di dalamnya agen-agen penjualan nya dan juga pelayaran yang luar biasa seperti bandara terdapat sebuah lift eskalator yang memudahkan para pengunjung atau para traveller untuk memudahkan menyeberang menggunakan kapal Ferry dari Batam ke Tanjungpinang maupun dari maupun ke pulau pulau yang berada di sekitaran Batam.,False,True,2026-10-08 20:49:46
Telaga Punggur,Telaga Punggur Ferry Terminal,Bara Surya Liestiawan,2,7 tahun lalu,"Yah pelabuhan aja buat kalo emang perlu aja. Tempat parkirnya dari dulu parah abis. Sekarang udah pake jembatan2an juga tetap aja parah. Malah parkir mobilnya di tanah, kalo ujan lumpur dan gampang selip, parah abis.",False,True,2026-10-08 20:49:46
Telaga Punggur,Telaga Punggur Ferry Terminal,Victory Albert,5,8 tahun lalu,"jika akan berpergian ke tanjung pinang atau pun tanjung ubun dan beberapa pulau bisa menggunakan pelabuhan ini, pertama kita harus membeli tiket untuk keberangkatan, jika berpergian bersama rombongan ada baiknya utus satu orang untuk membelikan tiketnya sebelum rombongan tiba di lokasi untuk mempermudah penyeberangan. menurut info disana kapal akan berangkat setiap 15 menit.",False,True,2026-10-08 20:49:46
Telaga Punggur,Telaga Punggur Ferry Terminal,Achmad Yani,5,7 tahun lalu,Terminal ferry telaga punggur sangat layak menjadi terminal ferry internasional.. bangunan 3 lantai dengan interior sangat memanjakan penumpang.. mendukung mobilitas penumpang disediakan lift dan skalator.. dijamin penumpang betah berlama2 di ruang tunggu.. melengkapi suasana asri dalam ruang tunggu terdapat mini garden bisa dijadikan tempat swafoto.. demikian juga layanan penjualan tiket yang diatur dengan cukup apik.. terminal ferry yang menghubungkan batam dan tanjung pinang serta bintan sangat nyaman bagi penikmat traveler..,False,True,2026-10-08 20:49:46
Telaga Punggur,Telaga Punggur Ferry Terminal,Wira HD,5,5 tahun lalu,"Pelabuhan laut batam ke tanjungpinang... Bagi yg berpergian di masa pandemi, cukup mengisi eHAC dan menjaga jarak.. Di pintu masuk ada sensor suhu tubuh tinggal arahkan telapak tangan ke sensor, jd mengurangi antrian",False,True,2026-10-08 20:49:46
Telaga Punggur,Telaga Punggur Ferry Terminal,dimas kid,4,6 tahun lalu,Pelabuhan yg menyediakan tranportasi laut ke tujuan pulau yg ada di kepulauan Riau. Sdh mulai tertata baik. Saat ini parkir nya di hitung sekali masuk belum di hitung per jam. Lumayan hemat jadi nya,False,True,2026-10-08 20:49:46
Telaga Punggur,Telaga Punggur Ferry Terminal,Eko Syaiful Arifin,3,5 tahun lalu,"Bangunan bagus tetapi SDM dan perawatan pengelolaan pelabuhanya kurang professional sehingga seperti bangunan bintang 5 tapi dikelola operator bintang 2, semoga diperbaiki segera",False,True,2026-10-08 20:49:46
Telaga Punggur,Telaga Punggur Ferry Terminal,Hanif Kharisma Trashasri Amiseno (HAKHATA),5,5 tahun lalu,"Pelabuhan Ferry Punggur, salah satu pelabuhan yg ada di Batam terletak didaerah Punggur. Pelabuhan nya nyaman bersih dan dimasa pandemi ini protokol nya cukup ketat untuk pengguna jasa ferry pelabuhan Talaga Punggur. Jam operasional mulai pagi hari start kapal pertama kisaran jam 7 dan kapal terakhir kisaran jam 6. Bagibug mau menyeberang ke pinang, uban atau Anambas wajib anti gen dan protokol kesehatan nya ya guys 👍🏼👍🏼",False,True,2026-10-08 20:49:46
Telaga Punggur,Telaga Punggur Ferry Terminal,Bimo R,3,7 tahun lalu,Mulai berbenah,True,True,2026-10-08 20:49:46
Telaga Punggur,Telaga Punggur Ferry Terminal,Riapatria Nur,4,7 tahun lalu,Pelyanannya mantap sekali..tapi kalau kapal ada yg rusak duhh nunggunya lama bangetsangat menyenangkan menyebrang dari oulau batam ke tanjung uban..bawa mobil..sekali sekali menikmati perjalanan agak jauhan..kan biasanya cm keliling keliling batam doank..dengan adanya roro sangat membantu..sblm berangkat lihat jadwal keberangkatan roro nya ya gaes..biar ga nunggu lama..,False,True,2026-10-08 20:49:46
Telaga Punggur,Telaga Punggur Ferry Terminal,Desmayu,5,7 tahun lalu,Pelabuhan yang mulai berkembang mnjadi yg lebih baik.. pelayanannya dn bangunan gedungnya.. yahh walau skrg klo mau berangkat harus lewat gedung atas baru turun kebwh.. udh lumayan baik sih.. nah klo kedatangan kita dr gedung bwah klo mau naik taxi angkutan umum gitu harus jalan ke atas lagi.. krn gedung bwah byk parkir mobil..,False,True,2026-10-08 20:49:46
Telaga Punggur,Telaga Punggur Ferry Terminal,Abu Ishaq el Ranayi,4,7 tahun lalu,"Walaupun sudah menggunakan sistem boarding pass bagi calon penumpang kapal ferry tujuan lingga, namun tetap saja pengelola pelabuhan ini BELUM MAMPU dalam menertibkan penumpang saat masuk kapal. Saya SANGAT KECEWA setiap kali menggunakan jasa pelabuhan ini selalu berdesak-desakan saat mau masuk ke dalam kapal apalagi bagi para penumpang yang membawa anak-anak dan bayi.",False,True,2026-10-08 20:49:46
Telaga Punggur,Telaga Punggur Ferry Terminal,Imam Mustofa,3,7 tahun lalu,Tempatnya semakin bagus dan rapi tetapi parkiran masih blm tertata dan lift masih belum sering berfunsi kasihan orang tua atau orang yg menggunakan tongkat,False,True,2026-10-08 20:49:46
Telaga Punggur,Telaga Punggur Ferry Terminal,Sutrisno Adi Chandra,5,5 tahun lalu,"Punggur dah keren!!! Cakepp... Stand nya masih sepi tapi.. Buat BP Batam, kalau bisa di ajak kerja sama Bank buat di ada in ATM di pelabuhan ini..",False,True,2026-10-08 20:49:46
Telaga Punggur,Telaga Punggur Ferry Terminal,susita sita,5,6 tahun lalu,"Karena kita negara kepulauan, maritim, untuk ke Tanjung pinang, perlu menyeberangi pulau di pelabuhan punggur,.cukup baik dari segi pelayanan ny, dan lumayan untuk kapalny cukup nyaman. Harga tiketny jg terjangkau",False,False,2026-10-08 20:49:46
Telaga Punggur,Telaga Punggur Ferry Terminal,Elven Chalis,5,7 tahun lalu,"Terminal Ferry Telaga Punggur cukup nyaman, aman dan jadwal ferry ke Tanjungpinang tepat waktu harapan untuk angkutan darat kesana terutama para sopir taksi tidak perlu pake paksa dan ngotot untuk mendapatkan penumpang",False,False,2026-10-08 20:49:46
Telaga Punggur,Telaga Punggur Ferry Terminal,desvika ice,5,4 tahun lalu,"Pelabuhan ferry di daerah Batam bagi yang akan melakukan perjalanan menuju tanjung pinang, tanjung uban, tanjung batu dan daerah di Kepulauan Riau. Tempat y asik bgt, bersih, rapi, pegawai y ramah.",True,True,2026-10-08 20:49:46
Telaga Punggur,Telaga Punggur Ferry Terminal,Khrisna Sanjaya,5,setahun lalu,"Pelayanan cepat, tidak ribet, dan on time. Pokoknya gk ngecewain deh, good job buat petugasya",False,True,2026-10-08 20:49:46
Telaga Punggur,Telaga Punggur Ferry Terminal,Endial Fil Ardh,5,Diedit 4 tahun lalu,"Lumayan gede pelabuhannya. Semoga terjaga kebersihannya. Berkualitas pelayanannya ke masyarakat luas, terlebih wisatawan yg berkunjung ke Batam & Bintan.",False,True,2026-10-08 20:49:46
Telaga Punggur,Telaga Punggur Ferry Terminal,Guardian Hasibuan,3,8 tahun lalu,Masih tahap pembangunan jadi belum rapi. Nanti kalau udah nampak hasil akhirnya baru deh di kasi bintang 5. Transportasi online gak bisa masuk kesini.,False,True,2026-10-08 20:49:46
Telaga Punggur,Telaga Punggur Ferry Terminal,Dibawah Standar,5,3 bulan lalu,Terminal yang nyaman bernuansa melayu,False,False,2026-10-08 20:49:46
Telaga Punggur,Telaga Punggur Ferry Terminal,JESA JE,5,Diedit 6 tahun lalu,"Dimasa covid , ketentuan yang berlaku seperti tempat umum - pemeriksaan Tubuh ,juga tersedia tempat untuk cuci tangan. Saran buat teman2 yang ingin berpergian, sebaiknya teman2 mengakses aplikasi eHAC terlebih dahulu guna mempermudah/menghemat waktu, jdi silahkan instal - paduan selengkapnya ada diarea pelabuhan kok, tapi buat yg yg lebih memilih tidak install aplikasi, akan di cek secara manual .pengecekan: KTP serta tujuan keberangkatan",False,True,2026-10-08 20:49:46
Telaga Punggur,Telaga Punggur Ferry Terminal,Iwan Lovina,3,5 tahun lalu,"Untuk parkiran nya gak ikuti aturan perda tentang parkir yg 15 menit pertama free,bukan masalah 2000 nya tapi tentang aturan apalagi pelabuhan BP Batam sendiri",False,True,2026-10-08 20:49:46
Telaga Punggur,Telaga Punggur Ferry Terminal,Tri Van Der Saryanto,4,7 tahun lalu,"Agak ribet juga ketika bawa motor atau mobil, area parkir tidak nyaman dan kadang berair. Tapi ya sesuai dengan tarif parkir (motor seribu rupiah). Harus naik turun dan ada sistem Harbor Tax. Walaupun demikian Harbor Tax sudah include ke Tiket untuk pelabuhan ini. Namun untuk pelabuhan Ferry yg di Tanjung Pinang masih terpisah, sehingga harus bayar Harbor Tax dulu baru bayar Tiket..",False,True,2026-10-08 20:49:46
Telaga Punggur,Telaga Punggur Ferry Terminal,Jay Cole,4,7 tahun lalu,"Pelabuhannya sudah direnovasi tetapi pelayanannya harus ditingkatkan juga. Seperti penjempuyan taxi online belum bisa dipelabuhan ini, harusnya batam sudah mengikuti negara-negara tetangga .",False,True,2026-10-08 20:49:46
Telaga Punggur,Telaga Punggur Ferry Terminal,Mabnia Nibseam,4,7 tahun lalu,Tempat belum sepenuh nya selesai pembangunan,True,False,2026-10-08 20:49:46
Telaga Punggur,Telaga Punggur Ferry Terminal,Edy Susanto,5,6 tahun lalu,"Terminal Ferry Domestik Telaga Punggur melayani rute ferry ke Pulau Bintan. Terdapat fasilitas lift dari lantai dasar ke lantai keberangkatan. Fasilitas ponton nya, sepertinya masih perlu ditingkatkan kenyamanannya (situasi per September 2020).",False,True,2026-10-08 20:49:46
Telaga Punggur,Telaga Punggur Ferry Terminal,Jeanette J,5,8 tahun lalu,"Terminal sdh diperbaharui, bersih, nyaman, pemandangan dr dlm melalui kaca, melihat laut yg indah. Toilet bersih, ada eskalator unt turun ke dermaga",False,True,2026-10-08 20:49:46
Telaga Punggur,Telaga Punggur Ferry Terminal,Abdul Rahman Sarabiti,4,7 tahun lalu,"Fasilitas nyaa masih kurang,untuk keparkiran nya terlalu jauh, dan untuk ketempat bus way nya jauh juga, kasian yang bawak barang banyak liftnyaa juga kurang.",False,True,2026-10-08 20:49:46
Telaga Punggur,Telaga Punggur Ferry Terminal,jauhar mubarok,5,6 tahun lalu,"Pelabuhan Punggur demikian biasa disebut. Punggur merupakan pelabuhan ferry untuk rute/tujuan domestik. Dari pelabuhan punggur melayani penyeberangan menuju tanjungpinang, daik, jagoh, tanjunguban, karimun, dan pulau . Punggur merupakan gerbang pelabuhan bagi pengunjung yg hendak ke ibukota provinsi kepulauan riau. Alhamdulillah sekarang sdh cukup bagus tertata. Seharusnya bisa lebih rapi lagi.",False,True,2026-10-08 20:49:46
Telaga Punggur,Telaga Punggur Ferry Terminal,Afan Agusto,5,7 tahun lalu,"Bagus, parkir luas dan teratur bersih dan nyaman",True,True,2026-10-08 20:49:46
Telaga Punggur,Telaga Punggur Ferry Terminal,Datuk Seri Rizky Bagus Oka,5,7 tahun lalu,"Pelabuhan domestik, baru di Renovasi, bersih nyaman",True,True,2026-10-08 20:49:46
Telaga Punggur,Telaga Punggur Ferry Terminal,Fajrin Nur,5,4 tahun lalu,Kalo mau nyebrang harus pake barcode app peduli lindungi ato kartu vaksin kalo g ada cukup unjukkan KTP. Dah beres,False,True,2026-10-08 20:49:46
Telaga Punggur,Telaga Punggur Ferry Terminal,Kumara,5,Diedit 4 tahun lalu,Tempat untuk menyeberang dari Batam ke pulau bintan,True,True,2026-10-08 20:49:46
Telaga Punggur,Telaga Punggur Ferry Terminal,dj mar3art,3,6 tahun lalu,Bersih sepi sunyi senyap karena corona,True,True,2026-10-08 20:49:46
Telaga Punggur,Telaga Punggur Ferry Terminal,Dwiki Ichsan Akbar,1,2 tahun lalu,"Tiket tiket online yg sangat ribet, jadwal roro yg gak jelas nyampe jam berapa bersandar jam berapa sumpah dah buruk sekali",False,False,2026-10-08 20:49:46
Telaga Punggur,Telaga Punggur Ferry Terminal,Joko Setiawan,5,setahun lalu,Kapal2nya ready kalo buat menikmati danau Toba,False,True,2026-10-08 20:49:46
Telaga Punggur,Telaga Punggur Ferry Terminal,difa hg,5,8 tahun lalu,"Tempat bagus dan nyaman, harga kapal juga murah, pelayanan ramah, transportasi menuju kesini juga mudah diakses, penduduk ramah sekali. Ngga nyesel datang kesini. Rasnya pengen datangggggg lagi kesini. Nanti kalau ada rezeki mau datang kesini lagi. Aamiin",False,True,2026-10-08 20:49:46
Telaga Punggur,Telaga Punggur Ferry Terminal,Iggy Budiman,4,8 tahun lalu,"Lebih dekat ke Batam Center, Bandara dan Nongsa daripada Sekupang.",True,True,2026-10-08 20:49:46
Telaga Punggur,Telaga Punggur Ferry Terminal,Nasher Saputra,5,6 tahun lalu,"Tempat orang bepergian ke pulau seberang seperti pulau bintan, karimun dan singkep",True,True,2026-10-08 20:49:46
Telaga Punggur,Telaga Punggur Ferry Terminal,Meinaria Sidauruk,5,11 bulan lalu,"Pelabuhannya bersih, jadwalnya tepat waktu, petugasnya ramah",False,True,2026-10-08 20:49:46
Telaga Punggur,Telaga Punggur Ferry Terminal,Rashida Lara,5,setahun lalu,"Pelabuhan yg tertata rapi, bersih, modern, pelayanan ramah..",False,True,2026-10-08 20:49:46
Telaga Punggur,Telaga Punggur Ferry Terminal,yoel utami,5,7 tahun lalu,Lebih rapi..tp jd lebih jauh akses k ferry nya.yg tanya jln cm butuh 5mnt.ini bisa 15mntan sampai 20mnt.apa lagi klw bawa anakkasian anak nya jln lumayan jauh walau dlm ruangan,False,False,2026-10-08 20:49:46
Telaga Punggur,Telaga Punggur Ferry Terminal,Warlia Yasin,5,6 tahun lalu,"Ya Allah rasa diteriaki dsini, Marketingnya emang kayak gini yah? Kok baru nyampe tapi penjual tiketnya meneriaki dn ribut sekali.bikin gak nyaman",True,True,2026-10-08 20:49:46
Telaga Punggur,Telaga Punggur Ferry Terminal,Rissa Churria (Ummi Rissa),5,6 tahun lalu,"Terminal Ferry Telaga Punggur terletak di Jl. Patimura, Kabil, Kecamatan Nongsa, Kota Batam, Kepulauan Riau 29467. Dari bandara Hang Nadim Batam ke Punggur hanya 20 menit saja menggunakan taxy. Nah ongkos taxinya tuh 100 ribu. Tempat ini adalah pelabuhan yang ada di Batam. Kepulauan Riau. . Bila anda ingin bepergian dari Batam ke Tanjung Pinang, sesekali cobalah menggunakan jalur laut dengan menggunakan kapal laut. Dari pelabuhan ini ke Tanjung Pinang kurang lebih hanya 1 jam saja. Onkos dari Bunggur ke Tanjung Pinang 62 ribu rupiah.",False,True,2026-10-08 20:49:46
Telaga Punggur,Telaga Punggur Ferry Terminal,The Tutor,5,2 tahun lalu,"Rapi bersih, toilet bagus. Untuk bangunan depan jalan masuk sebaiknya segera diselesaikan .",False,True,2026-10-08 20:49:46
Telaga Punggur,Telaga Punggur Ferry Terminal,HengkiApr 01,5,3 tahun lalu,Pelabuhan nya bersih cepat dengan halte bis juga dekat,True,True,2026-10-08 20:49:46
Telaga Punggur,Telaga Punggur Ferry Terminal,JOn LG,4,2 tahun lalu,Saya kesana dengan 15 rekan kerja dan saat itu syukurnya tidak terlalu ramai. Fasilitasnya lumayan bagus dan tidak ribet saat itu,False,True,2026-10-08 20:49:46
Telaga Punggur,Telaga Punggur Ferry Terminal,Rini Astuti,4,3 tahun lalu,Akses keluar pelabuhannya cukup baik.,True,True,2026-10-08 20:49:46
Telaga Punggur,Telaga Punggur Ferry Terminal,dell_21 lestari,5,6 tahun lalu,Masih Sepi Penumpang yang disaat new normal,True,True,2026-10-08 20:49:46
Telaga Punggur,Telaga Punggur Ferry Terminal,Didi Junaidi,3,8 tahun lalu,"Petugasnya kurang senyum, cembetut aja kelaut aja",True,True,2026-10-08 20:49:46
Telaga Punggur,Telaga Punggur Ferry Terminal,Muhammad Rafiq,5,3 tahun lalu,Tempat yang merindukan.,True,True,2026-10-08 20:49:46
Telaga Punggur,Telaga Punggur Ferry Terminal,Okta Eka Putra,3,7 tahun lalu,"No comment-lah, secara standarisasi cukup baik tapi masih harus banyak diperbaiki terutama budaya kerja dan hal"" yang berkaitan dengan kualitas layanan dan kenyamanan konsumen.",False,True,2026-10-08 20:49:46
Telaga Punggur,Telaga Punggur Ferry Terminal,Ridwan Ismail,2,7 tahun lalu,"Masih berantakan kalo di bandingkan sama pelabuhan negara tetangga. Kayak gak ada pengelolanya. Kalo yang baru pertama kali masuk pelabuhan ini pake mobil, yakin deh bingung.",False,True,2026-10-08 20:49:46
Telaga Punggur,Telaga Punggur Ferry Terminal,Dasma PB,4,4 tahun lalu,Utk kedatangan di speed boat terminal selain mengisi Ehac di applikasi Peduli Lindungi bisa dengan foto KTP. Sangat terbantu utk orang2 yang kurang familiar dengan peduli Lindungi,False,True,2026-10-08 20:49:46
Telaga Punggur,Telaga Punggur Ferry Terminal,cLianyka,5,4 tahun lalu,"Akses pelabuhan very tanjungpinang ,batam, uban, dan wilayah lain dikepri Semkin bagus dan tertata rapih, semoga kedepannya konstruksinya ttp bertahan lama,",False,True,2026-10-08 20:49:46
Telaga Punggur,Telaga Punggur Ferry Terminal,TravelNtour Tapaktangan,4,8 tahun lalu,"Pelabuhan baru bangun di bangun terlihat modern dan tertata rapi, tapi untuk transportasi masih belum tertata taxi masih berseliweran parkir dipinggir jalan n harganya mahal",False,True,2026-10-08 20:49:46
Telaga Punggur,Telaga Punggur Ferry Terminal,Pakcik Dolly,5,2 tahun lalu,Pelabuhan dengan fasilitas yg lengkap..,True,True,2026-10-08 20:49:46
Telaga Punggur,Telaga Punggur Ferry Terminal,NyentrikWEB Batam,5,2 tahun lalu,"Pelabuhan domestik ke tg pinang, uban, bintan, dabo. Kmu lgi nyri jasa bikin website? Bisa search : nyentrikweb",False,True,2026-10-08 20:49:46
Telaga Punggur,Telaga Punggur Ferry Terminal,Mulia Sijabat,2,8 tahun lalu,"Tempatnya semakin baik hanya saya semakin menyulitkan penguna motor yang ingin menginap. Jalur menuju ke kapal juga semakin jauh, ditambah seringnya ekskalator yang suka mati.",False,True,2026-10-08 20:49:46
Telaga Punggur,Telaga Punggur Ferry Terminal,Supra yogi,4,7 tahun lalu,"Pelayanan dan prasarana di pelabuhan telaga punggur cukup memuaskan,nyaman,aman,tertib,bersih dan modern,tapi sarana/tempat parkir kendaraan baik roda empat mau pun roda dua belum memadai",False,False,2026-10-08 20:49:46
Telaga Punggur,Telaga Punggur Ferry Terminal,DAVID JOHNIE,4,Diedit 6 tahun lalu,"Salah satu terminal ferry yang sibuk di batam, lewat terminal ini kita bisa ke tanjung pinang, uban, dll. Minus nya /Kendala nya disini kita tidak bisa menggunakan atau mengorder ojek atau taxi online, dikarena kan ada nya larangan sepihak dr pihak taxi2 lokal di terminal ferry ini. tapi klo ke terminal ini naik taxi atau ojek online ga apa2, yang ga boleh naik / pesan ojek / taxi online di lingkungan pelabuhan ini.",False,True,2026-10-08 20:49:46
Telaga Punggur,Telaga Punggur Ferry Terminal,Yudhi Wiratama,3,Diedit 3 tahun lalu,"Lumayan bagus dan tertib,fasilitas parkir yg perlu di tingkatkan , agar menjadi standard pelabuhan .",False,True,2026-10-08 20:49:46
Telaga Punggur,Telaga Punggur Ferry Terminal,Akhbar Sabililah,1,5 tahun lalu,"Pelayanan buruk, pusat informasi terbatas. Petugas tiket tidak memberitahukan jadwal yang sebenarnya, sehingga keberangkatan lebih cepat dari jam yang telah ditentukan.",False,False,2026-10-08 20:49:46
Telaga Punggur,Telaga Punggur Ferry Terminal,Abednego Juntak (Nego),5,6 tahun lalu,"Pelayanan baik, bersih, teratur dan tepat waktu",True,True,2026-10-08 20:49:46
Telaga Punggur,Telaga Punggur Ferry Terminal,Alex Chung,5,2 tahun lalu,Terima kasih kepada Pengelola. Sekarang beli tiket lebih mudah via Livin' Bank Mandiri.,True,False,2026-10-08 20:49:46
Telaga Punggur,Telaga Punggur Ferry Terminal,Novriandi Hardinata Saputra,5,7 tahun lalu,"Salah satu pelabuhan fery terpadat di kepri,tempatnya sudah sangat nyaman dan bagus,pelayanan juga memadai,kapal yg membawa penumpang juga sudah sangat bagus dan memadai keselamatan berlayarnya.",False,True,2026-10-08 20:49:46
Telaga Punggur,Telaga Punggur Ferry Terminal,Givi Ofgivia,5,5 tahun lalu,"Juli 2021; Masuk langsung diminta tes Genose di tempat (bila kita belum ada melakukan). Kemudian seperti biasa, beli tiket, boarding pass, cek tiket, masuk ferry.",False,True,2026-10-08 20:49:46
Telaga Punggur,Telaga Punggur Ferry Terminal,Slamet Sukanto,4,8 tahun lalu,"saya tidak merasa rugi membayar seaport tax jika kondisi pelabuhan menjadi lebih baik seperti ini. tolong pelihara, perbaiki yang masih perlu dibenahi dan pertahankan yang sudah baik.",False,True,2026-10-08 20:49:46
Telaga Punggur,Telaga Punggur Ferry Terminal,Atik Kaharudin,5,2 tahun lalu,Pelabuhan Sudah keren nggak pake ngantri sampai mo pingsan kek dulu bersih lebih rapi dan terkoordinir,False,False,2026-10-08 20:49:46
Telaga Punggur,Telaga Punggur Ferry Terminal,Rizal Piliank,4,6 tahun lalu,"Ini salah satu pelabuhan yg melayani rute penyebrangan ke berbagai pulau dari batam.lebih banyak rute kapal dari sini. Sayang nya taksi pangkalan yang ada disini sangat"" arogan.",False,True,2026-10-08 20:49:46
Telaga Punggur,Telaga Punggur Ferry Terminal,Darmoyo,4,5 tahun lalu,"Tujuan Batam - Tj. Pinang, fasilitas memadai dan aman",True,True,2026-10-08 20:49:46
Telaga Punggur,Telaga Punggur Ferry Terminal,Reza Maha,5,2 tahun lalu,Ferry ke Tanjung Pinang,True,True,2026-10-08 20:49:46
Telaga Punggur,Telaga Punggur Ferry Terminal,Abu Yazid,4,8 tahun lalu,Transportasi laut yg sangat membantu... tapi gak sedapnya pas mau beli tiket... semua penjual tiket berteriak menawarkan tiket... perasaan jadi kayak di pajak sambo. 😂,False,True,2026-10-08 20:49:46
Telaga Punggur,Telaga Punggur Ferry Terminal,faber pangondian,4,Diedit setahun lalu,"Pelabuhan yg selalu ramai, bersih dan rapi ..Toilet perlu dijaga kebersihannya lebih beraih",False,True,2026-10-08 20:49:46
Telaga Punggur,Telaga Punggur Ferry Terminal,Rio Pambudi,5,7 tahun lalu,Pelabuhan di lengkapi lif dan eskalator.gampang cari taxsi karena di pintu keluar sudah ada .tapi kl mau murah keluar pelabuhan bentar belok kiri ada halte bis trsns batam ada di situ.,False,True,2026-10-08 20:49:46
Telaga Punggur,Telaga Punggur Ferry Terminal,Surya Aji (Aji),3,3 tahun lalu,"Standar, belum ada pemesanan Ro-ro via online Pembelian tiket langsung dan pembayaran by tapcash",False,True,2026-10-08 20:49:46
Telaga Punggur,Telaga Punggur Ferry Terminal,alasroban,4,6 tahun lalu,"Dahulu sering naik kapal dari sini. Nyebrang ke tj pinang, nyebrang ke tj uban. Waktu itu masih jelek & kumuh. Sekarang terlihat di foto-foto terbaru nampaknya sudah di percantik.",False,True,2026-10-08 20:49:46
Telaga Punggur,Telaga Punggur Ferry Terminal,Winter_Soldier,4,6 tahun lalu,Pelabuhan Bagus. Batam-Tg.Pinang,True,True,2026-10-08 20:49:46
Telaga Punggur,Telaga Punggur Ferry Terminal,Muhamad Andries,3,8 tahun lalu,"Untuk kelas pelabuhan internasional dirasa sangat kurang memuaskan. Pelayanan di pelabuhan sangat kurang. Layanan informasi juga sangat kurang. Pelabuhan juga masih semraut, terkadang jika kurang memperhatikan kita bisa saja ketinggalan pelayaran kita.",False,True,2026-10-08 20:49:46
Telaga Punggur,Telaga Punggur Ferry Terminal,Tedy Ardha,4,3 tahun lalu,Tempat bersih dan teratur. Hanya saja keberangkatan sering sekali lewat 10 menit dari jadwal. Mohon lebih diperhatikan,False,True,2026-10-08 20:49:46
Telaga Punggur,Telaga Punggur Ferry Terminal,Suhairian Syah,5,7 tahun lalu,Pelabuhannya sudah mulai tertata dan tertib pengaturannya. Lahan parkirnya luas.. Semoga makin modern dan makin tertib,False,True,2026-10-08 20:49:46
Telaga Punggur,Telaga Punggur Ferry Terminal,Catur Budiyoso,4,8 tahun lalu,"Parkiran nya masih belum layak, coba di semenisasi semua dan dibikin garis parkir biar makin rapi dan muat banyak mobil",False,True,2026-10-08 20:49:46
Telaga Punggur,Telaga Punggur Ferry Terminal,Elva Hendri,5,setahun lalu,Ruangan tunggu bersih dan luas,True,True,2026-10-08 20:49:46
Telaga Punggur,Telaga Punggur Ferry Terminal,Rodo juntak,5,5 tahun lalu,Menuju perjuangan,True,False,2026-10-08 20:49:46
Telaga Punggur,Telaga Punggur Ferry Terminal,Tiang Grage,4,8 tahun lalu,Bangunan baru lebih elegan dan bersih Jasa taxi sudah lebih teratur namun belum memungkinkan untuk angkutan berbasis online,False,True,2026-10-08 20:49:46
Telaga Punggur,Telaga Punggur Ferry Terminal,BOS Mufassa,3,8 tahun lalu,Penyebrangan pertama ke tanjung pinang,True,True,2026-10-08 20:49:46
Telaga Punggur,Telaga Punggur Ferry Terminal,JE_WE 1,3,5 tahun lalu,"Agak membingungkan bagi penumpang yg baru pertama sekali melakukan perjalanan, karena tidak begitu banyak tanda arah yang dipajang ditempat tersebut...",False,True,2026-10-08 20:49:46
Telaga Punggur,Telaga Punggur Ferry Terminal,Desy AR,5,7 tahun lalu,"Ini pelabuhan bisa menuju pulau Bintan, pulau yang begitu indah , karena saya dan keluarga telat naik kapal Ferry, kami memutuskan untuk naik jet poil/sevitbut wadaw super super ngebut, mantappppp",False,True,2026-10-08 20:49:46
Telaga Punggur,Telaga Punggur Ferry Terminal,surya alexander,5,setahun lalu,Salah satu tempat terbaik jika anda mau ke tanjung uban,False,True,2026-10-08 20:49:46
Telaga Punggur,Telaga Punggur Ferry Terminal,GBI Tabgha Tanjung Uban,5,6 tahun lalu,Lebih baik dari tahun 2019 Maju terus pelayanan Terminal Ferry Telaga Punggur Parkiran motor sudah lebih baik Tinggal parkiran mobil yang belum di selesaikan semenisasi nya,False,True,2026-10-08 20:49:46
Telaga Punggur,Telaga Punggur Ferry Terminal,Abdullah Munir Soko,5,3 tahun lalu,"Sangat baik, Fasilitas area parkir roda dua dan empat tersedia dan terpantau aman.",False,True,2026-10-08 20:49:46
Telaga Punggur,Telaga Punggur Ferry Terminal,Syaif muhami shidiq (Kukirakira),2,9 tahun lalu,"bangunan kurang bagus, banyak calo dan adanya uang masuk 10rb ke pelabuhan, buat apa tuuh kan udh bayar tiket",False,True,2026-10-08 20:49:46
Telaga Punggur,Telaga Punggur Ferry Terminal,anton sidabutar,4,5 tahun lalu,Pelayanan tiketingnya bagus.. Dan kapal berangkat tepat waktu. yang gak bagus di luar terminal banyak supir taksi yg berkeliaran cari penumpang dengan agak maksa.,False,True,2026-10-08 20:49:46
Telaga Punggur,Telaga Punggur Ferry Terminal,Yulius Birama Yogya,5,Diedit 8 bulan lalu,Pelabuhan domestik yang melayani Tanjung Pinang Dan Tanjung Uban dengan ruang tunggu yg lega Juga dilengkapi dengan parkir inap yang aman dan nyaman,True,True,2026-10-08 20:49:46
Telaga Punggur,Telaga Punggur Ferry Terminal,Neuerhadi Bae,4,7 tahun lalu,Satu-satunya pelabuhan penyeberangan dari Batam Ke nb Pulau Bintan yaitu Tanjungpinang dan Tanjung Uban. Beroperasi mulai jam 07.30 sampai jam 17.30.,False,True,2026-10-08 20:49:46
Telaga Punggur,Telaga Punggur Ferry Terminal,heri rusli,2,8 tahun lalu,Sungguh jauh berbeda dari sebelumnya.ruang tunggu penumpang lebih nyaman dan tenang.sayang parkir kendaraan sangat jauh dari pintu keluar pelabuahn,False,False,2026-10-08 20:49:46
Telaga Punggur,Telaga Punggur Ferry Terminal,Boby Gunarso,4,7 tahun lalu,"interior bersih, tapi sayangnya di luar kesannya agak tandus. akan lebih baik jika diperbanyak pepohonan dan aspal jalan masuk diperbaiki.",False,True,2026-10-08 20:49:46
Telaga Punggur,Telaga Punggur Ferry Terminal,Kenangan terindah,5,setahun lalu,"Keren banget, ruang tunggu nyaman, tempat beli jajan banyak dan harga bersahabat....",False,True,2026-10-08 20:49:46
Telaga Punggur,Telaga Punggur Ferry Terminal,Hudha Salman,3,8 tahun lalu,Penghubung kota Batam dgn Kota Tanjungpinang (pulau Bintan) Kapal Ferry : Baruna dan Marina Jadwal Baruna setiap 30 menit di jam genap (misal 08.00 ato 08.30 dst) Jadwal Marina setiap 30 menit di jam Ganjil (misal 08.15 ato 08.45),False,True,2026-10-08 20:49:46
Telaga Punggur,Telaga Punggur Ferry Terminal,muhammad munib,5,Diedit 8 tahun lalu,"Mantab gan, kondisi dah 100%",True,True,2026-10-08 20:49:46
Telaga Punggur,Telaga Punggur Ferry Terminal,Kanedi Wahyudi,4,7 tahun lalu,"Pelayanan dan fasilitas sudah mulai bagus dr beberapa tahun yg lalu, saat ini angin lumayan kencang dan begitu juga dgn ombak nya",False,True,2026-10-08 20:49:46
Telaga Punggur,Telaga Punggur Ferry Terminal,Mestawa,5,7 tahun lalu,"Pelabuhan punggur adalah pelabuhan yang sudah resmi. Aman baik kita naik taksi, babas dari pencurian, perampokan, kemajuan pelabuhan punggur berkembang dari tahun ketahun",True,True,2026-10-08 20:49:46
Telaga Punggur,Telaga Punggur Ferry Terminal,Arief Yunius,4,Diedit 4 tahun lalu,"Pelabuhan domestik ke Tanjung pinang, tanjung uban dan sekitarnya. Pelabuhan roro dari batam ke Tanjung Uban. Bangunannya lumayan bagus dengan konsep jembatan parkirnya yang unik.",False,True,2026-10-08 20:49:46
Telaga Punggur,Telaga Punggur Ferry Terminal,Dika WiJaya,4,Diedit 6 tahun lalu,Fasilitas terjaga baik dan juga nyaman. Sebaiknya kantin ada juga di dalam agar dapat bersantai saat menunggu kapal.,False,True,2026-10-08 20:49:46
Telaga Punggur,Telaga Punggur Ferry Terminal,Brian Dika,4,5 tahun lalu,Kebersihannya terbaik dibandingkan pelabuhan yang lain. Tapi abang taxinya agak memaksa padahal udah ada yang jemput.,False,True,2026-10-08 20:49:46
Telaga Punggur,Telaga Punggur Ferry Terminal,Haryo S Nugroho,5,3 tahun lalu,Pelabuhan untuk penyeberangan ke tj Uban dan tj pinang. Bulan desember sampai awal Februari lumayan juga gelombangnya diabnding bulan bulan yg lain,False,True,2026-10-08 20:49:46
Telaga Punggur,Telaga Punggur Ferry Terminal,Novan Dwiky Adimas,5,7 tahun lalu,"Cukup rapi mewah dan teratur pelabuhan kelas terbaik, tiketing, boarding pass, dan keberangkatan tersistem dengan baik, bersih tempatnya, semoga selalu dijaga dan dikelola dengan baik",False,True,2026-10-08 20:49:46
Telaga Punggur,Telaga Punggur Ferry Terminal,DIMAS AGUS MAHARDIKA,2,Diedit 2 tahun lalu,Sangat merepotkan jika harus naik ke lantai 3 untuk membeli tiket lalu turun ke lantai 2 untuk menunjukkan pass dan tiket dan kemudian turun kembali ke lantai 1 dan menuju dermaga,False,True,2026-10-08 20:49:46
Telaga Punggur,Telaga Punggur Ferry Terminal,andri purniawan,3,8 tahun lalu,"Ruang tunggunya sdh ""Oke"", tp sayangnya jalan akses menuju ke kapal masih terlihat agak berantakan",False,True,2026-10-08 20:49:46
Telaga Punggur,Telaga Punggur Ferry Terminal,Luhur Setia,5,5 tahun lalu,Jalur menuju tanjung pinang .. tanjung uban... pelabuhan tertata rapi dan tersedia parkir luas dapat menginap,False,True,2026-10-08 20:49:46
Telaga Punggur,Telaga Punggur Ferry Terminal,Bakhtiar ER,4,4 tahun lalu,"Tempat nunggu pas mau nyebrang ke Tj Pinang, lokasi bersih, banyak jual makanan skarang dan harga yahh lumayanlah..👍",False,True,2026-10-08 20:49:46
Telaga Punggur,Telaga Punggur Ferry Terminal,nurdin _,4,7 tahun lalu,"Sekarang pelabuhan ini sudah bagus & menggunakan eskalator untuk menaiki second floor, juga kebersihan terjaga",True,True,2026-10-08 20:49:46
Telaga Punggur,Telaga Punggur Ferry Terminal,UJ OFFICIAL,2,5 tahun lalu,Sangat disayangkan sekelas terminal seperti itu tanpa ada wifi utk umum kalah oleh hotel kelas melati,False,True,2026-10-08 20:49:46
Telaga Punggur,Telaga Punggur Ferry Terminal,aly afifi,4,8 tahun lalu,"Pelayanan standart untuk terminal kapal, secara umum baik, bahkan sekarang ada peningkatan dengan lift sebagai penunjang sarana yang ada",False,True,2026-10-08 20:49:46
Telaga Punggur,Telaga Punggur Ferry Terminal,Adianto Meilano,2,9 tahun lalu,Parkirnya tidak rapi. Jalan oenuh dengan mobil. Semoga bisa dirapikan. Dan pembangunannya dipercepat penyelesaiannya.,False,True,2026-10-08 20:49:46
Telaga Punggur,Telaga Punggur Ferry Terminal,Adhi Wijaya,5,11 bulan lalu,Menuju ke Punggur dari Kantor... Melewati susasana dan Aroma yang menyayat hati...,False,True,2026-10-08 20:49:46
Telaga Punggur,Telaga Punggur Ferry Terminal,Chung Kills,4,7 tahun lalu,Bersih dan nyaman,True,True,2026-10-08 20:49:46
Telaga Punggur,Telaga Punggur Ferry Terminal,Geng Maksi Batam,4,3 tahun lalu,"Terminal keberangkatan domestik laut di daerah punggur. Tidak kalah bagus dengn terminal internasional. Bagus, bersih dan tertata rapi.",False,True,2026-10-08 20:49:46
Telaga Punggur,Telaga Punggur Ferry Terminal,Vidria Erita,5,7 tahun lalu,Pelabuhan yang letak ny bagus. Bisa menjadi pusat perhubungan laut batam bintan tanjung pinang. Pokoknya bs jd pelabuhan center nanti nya,False,True,2026-10-08 20:49:46
Telaga Punggur,Telaga Punggur Ferry Terminal,Rims Fae,3,8 tahun lalu,Tempatnya masih belum rapi dan msh blm bagus spt prlabuhan lainnys. Tempat parkir msh tanah dan ssh dpt parkiran u mobil,False,True,2026-10-08 20:49:46
Telaga Punggur,Telaga Punggur Ferry Terminal,"N ruli Ruliyana,Se",5,3 tahun lalu,Pelabuhan Ferry Telaga Punggur di Kota Batam kepulauan Riau melayani jalur domestik ke Tanjung Uban serta Tanjung Pinang juga disampingnya ada pelabuhan penyeberangan Roro,False,True,2026-10-08 20:49:46
Telaga Punggur,Telaga Punggur Ferry Terminal,Aan Tan,5,setahun lalu,cabenya mantap..ayamnya krenyes..harganya murah....,False,True,2026-10-08 20:49:46
Telaga Punggur,Telaga Punggur Ferry Terminal,Bewe kurniawan,3,8 tahun lalu,Sudah semakin bagus dan bersih setelah renovasi.. pelabuhan untuk menuju tanjung uban dan tanjungpinang,False,True,2026-10-08 20:49:46
Telaga Punggur,Telaga Punggur Ferry Terminal,dirta rani,5,8 tahun lalu,jangan pernah beli tiket ferry dengan jam keberangkatan terlalu mepet. karena aksesnya lumayan jaud dr counter penjualan tiket ke pelabuhan ferrynya,False,True,2026-10-08 20:49:46
Telaga Punggur,Telaga Punggur Ferry Terminal,Channel YouTube LAMBE MUNCIS,5,Diedit 8 tahun lalu,Pelabuhannya sekarang tambah kece.,True,True,2026-10-08 20:49:46
Telaga Punggur,Telaga Punggur Ferry Terminal,Maman Nurjaman,4,6 bulan lalu,Tempat cukup baik,False,True,2026-10-08 20:49:46
Telaga Punggur,Telaga Punggur Ferry Terminal,Awal Ginting,1,setahun lalu,Jelek ...kotor dan berdebu perlu dilakukan perhatian khusus dan orang yang bertanggung jawab,False,True,2026-10-08 20:49:46
Telaga Punggur,Telaga Punggur Ferry Terminal,rengit leuweung channel,5,7 tahun lalu,Edisi # nyaman indah murah terjamin perjalanan y...bisa keliling pulau kecil pakai sevit but dr pelabuhan ferry punggur batam...sok cobaan tuh 👍👍👍👍,True,True,2026-10-08 20:49:46
Telaga Punggur,Telaga Punggur Ferry Terminal,Yusuf Ahmadi,5,5 tahun lalu,"Semakin bagus tapi mohon papan petunjuk arah dan informasi diperbesar, diperjelas, dan diperbagus. Jangan berupa kertas atau petunjuk kecil.",False,True,2026-10-08 20:49:46
Telaga Punggur,Telaga Punggur Ferry Terminal,Fahri Boy alfatih,3,8 tahun lalu,"Sudah mengalami perubahan seperti pembangunan fisik ruangan, fasilitas, tempat parkir semakin luas",False,True,2026-10-08 20:49:46
Telaga Punggur,Telaga Punggur Ferry Terminal,rihan vieri,3,4 tahun lalu,"Masih belum bisa dijemput memakai taksi online, sepertinya d monopoli olwh taksi pangkalan.",False,True,2026-10-08 20:49:46
Telaga Punggur,Telaga Punggur Ferry Terminal,Faisal Sir,5,4 tahun lalu,"Boarding pass Rp. 10.000,- Kapal Ferry berangkat on time, jika telat datang bisa ditinggal. Ada rumah makan Padang di dalam terminal.",False,True,2026-10-08 20:49:46
Telaga Punggur,Telaga Punggur Ferry Terminal,Syarifah Asyura,4,7 tahun lalu,"Pelabuhan untuk arah destinasi ke tanjungpinang, uban, dan beberapa pulau lain sekitar batam, kapal tersedia sampai dengan jam 5.30 sore ke tanjungpinang",False,True,2026-10-08 20:49:46
Telaga Punggur,Telaga Punggur Ferry Terminal,M Ricy Ismail,5,3 tahun lalu,"Pelabuhan penyeberangan dari batam ke tanjung pinang, tanjung uban dll. Didalam terminal banyak terdapat tempat makan dan toko oleh oleh.",False,True,2026-10-08 20:49:46
Telaga Punggur,Telaga Punggur Ferry Terminal,Nimas Ernawati,4,8 tahun lalu,pelabuhan telaga punggur semakin nyaman..semakin ok..sehbs direnovasi..tp eskalator nya knp g jalan semua ya..he..he..mksh,False,True,2026-10-08 20:49:46
Telaga Punggur,Telaga Punggur Ferry Terminal,Nurdin Syah,4,8 tahun lalu,"Mantap, perlu ditingkat fasilitas dan yg paling penting pengunjung yg keluar terminal butuh fasilitas kendaraan yg nyaman, murah, ramah mcm orang melayu",False,True,2026-10-08 20:49:46
Telaga Punggur,Telaga Punggur Ferry Terminal,Sanggom Monalisa Hutabarat,5,7 tahun lalu,"Saya batusan dari sini kemarin, sangat bagus dan indah pemandangannya. Anda akan menemukannkecantikan alam pantai yang sangat baagus disini.",True,True,2026-10-08 20:49:46
Telaga Punggur,Telaga Punggur Ferry Terminal,Ajid Gaming,4,8 tahun lalu,"Pelabuhan dan fasilitasnya sudah terlihat mewah dan bagus, Hanya masih terlalu banyak space kosong jadi terlihat sepi",False,True,2026-10-08 20:49:46
Telaga Punggur,Telaga Punggur Ferry Terminal,Onya Tatyana,5,2 tahun lalu,"Udah lebih oke sekarang, semoga next bisa lebih banyak pilihan pembayaran selain cash",False,True,2026-10-08 20:49:46
Telaga Punggur,Telaga Punggur Ferry Terminal,Emylio Saputra Lingga,5,7 tahun lalu,"pelabuhan trasmigrasi para penumpang antar pulau, sekarang suasananya cukup tertata dengan baik dan perlu penataan ulang lg agar terlihat bersih dan rapi.",False,True,2026-10-08 20:49:46
Telaga Punggur,Telaga Punggur Ferry Terminal,Ade Rahman,4,7 tahun lalu,"Terminal pelabuhan ferry batam ke tanjungpinang. Tempatnya bersih, pelayanan sudah sangat baik. Namun masih belum terdapat atm center.",False,True,2026-10-08 20:49:46
Telaga Punggur,Telaga Punggur Ferry Terminal,Baba Kembar,2,8 tahun lalu,"Area parkir nya sangat tidak nyaman, klo turun hujan becek, parkir mobil penuh dgn taksi yg mangkal",False,True,2026-10-08 20:49:46
Telaga Punggur,Telaga Punggur Ferry Terminal,Nayya Achmad,5,6 tahun lalu,Pelabuhan telaga punggur menjadi dermaga untuk berangkat ke pinang Dengan menggunakan kapal roro besar kita juga bisa berangkat ke buton dari pelabuhan ini,False,True,2026-10-08 20:49:46
Telaga Punggur,Telaga Punggur Ferry Terminal,Nofa,4,3 tahun lalu,Semua ok cuma pas mau scan tiket kaga bisa petugas nya lambat mau bantu,False,False,2026-10-08 20:49:46
Telaga Punggur,Telaga Punggur Ferry Terminal,Percetakan Warna Grafindo,5,9 tahun lalu,Terminal pelabuhan fery untuk menyeberang ke tanjung pinang dan pulau2 lain di kepri. Tapi sayang lokasi parkirnya kurang luas sehingga sulit untuk parkir kendaraan,False,True,2026-10-08 20:49:46
Telaga Punggur,Telaga Punggur Ferry Terminal,073_ Nanda D Kartika,3,8 tahun lalu,"Yah setidaknya lebih baik dari pada roro punya. Buatin kursi2 buat yang nunggu2 kenapa... Lelah tauk, nunggu kapal selanjutnya. Aigoo",False,True,2026-10-08 20:49:46
Telaga Punggur,Telaga Punggur Ferry Terminal,Rosmini Sihombing,5,6 tahun lalu,Semakin canti rapi pelabuhannya,True,True,2026-10-08 20:49:46
Telaga Punggur,Telaga Punggur Ferry Terminal,Sutarmi Syafri,5,8 bulan lalu,Terminalnya nyaman dan luar biasa,False,False,2026-10-08 20:49:46
Telaga Punggur,Telaga Punggur Ferry Terminal,Buyung Manik,5,7 tahun lalu,Terminal fery Telaga punggur adalah terminal penyebeberangan fery ke tanjung pinang dan dabok disini juga terdapat penyeberangan ke tanjung uban menggunakan speed boad dan roro dan speed boad ke lagoi,False,True,2026-10-08 20:49:46
Telaga Punggur,Telaga Punggur Ferry Terminal,Allun Aja,5,3 tahun lalu,"Pelabuhanny bagus,,pelayananny baik,,makanan dikantinny jg enak,,tpi buruh bongkar muatny pasang harga tinggi",False,False,2026-10-08 20:49:46
Telaga Punggur,Telaga Punggur Ferry Terminal,Fatma vhey,4,7 tahun lalu,Tempatnya udah lebih besar dari yang sebelumnya dan jauh lebih bagus. Udah ada liftnya juga. Tempatnya bersih. Semoga lebih bagus lagi yah,False,True,2026-10-08 20:49:46
Telaga Punggur,Telaga Punggur Ferry Terminal,Dedy Kurniawan,3,8 tahun lalu,Tempanya luas dan nyaman Jadi kalau menunggu tidak merasa resah dengan fasilitas yg bagus diruang tunggu,False,False,2026-10-08 20:49:46
Telaga Punggur,Telaga Punggur Ferry Terminal,Rhudie Permana,4,6 tahun lalu,Tempat lumayan luas ..,True,True,2026-10-08 20:49:46
Telaga Punggur,Telaga Punggur Ferry Terminal,Icap Jendral,5,8 tahun lalu,Pelayanan lumayan memuaskan,True,True,2026-10-08 20:49:46
Telaga Punggur,Telaga Punggur Ferry Terminal,hidayatullah muhammad,5,2 tahun lalu,- Fasilitas Lengkap & Ramah Pengguna - Alur Keberangkatan & Kedatangan sangat jelas dan teratur.,False,True,2026-10-08 20:49:46
Telaga Punggur,Telaga Punggur Ferry Terminal,Khalfian Rhapsody,4,2 tahun lalu,Makin banyak perbaikan.,True,True,2026-10-08 20:49:46
Telaga Punggur,Telaga Punggur Ferry Terminal,chua qianlong,5,8 tahun lalu,"Bagus bersih bagian dalam ,, diluar agak kurang ..mungkin karna ada pembangunan insfratruktur jalan dsbg ..",False,False,2026-10-08 20:49:46
Telaga Punggur,Telaga Punggur Ferry Terminal,Aldi Finoto,5,3 tahun lalu,Bgus Bersih Nyaman,True,True,2026-10-08 20:49:46
Telaga Punggur,Telaga Punggur Ferry Terminal,Riand,4,3 tahun lalu,Pelabuhan penyeberangan ke Tanjungpinang,True,True,2026-10-08 20:49:46
Telaga Punggur,Telaga Punggur Ferry Terminal,Pak Agoes Batam,4,6 tahun lalu,"kebetulan kondisi tadi sepi, jadi lumayan nyamanlah. semoga semakin meningkat.",False,True,2026-10-08 20:49:46
Telaga Punggur,Telaga Punggur Ferry Terminal,Betriyasih Yulasmi,4,setahun lalu,kali ini sih liat waktu sampai keluarnya mundur🤣,False,True,2026-10-08 20:49:46
Telaga Punggur,Telaga Punggur Ferry Terminal,Eduard dalima,5,5 tahun lalu,On time tujuan Batam Tanjung pinang Tanjung uban Tarempa dll tempat bersih harga tiket ekonomis mantap lah pokoknya,False,True,2026-10-08 20:49:46
Telaga Punggur,Telaga Punggur Ferry Terminal,alfian budyatomo,5,7 tahun lalu,Sudah sangat terorganisir dengan baik. Bersih.,True,True,2026-10-08 20:49:46
Telaga Punggur,Telaga Punggur Ferry Terminal,Gibran Toto,5,6 tahun lalu,"Fasilitas udah oke, tinggal tingkatkan jam pelayaran kapal ke berbagai pulau",True,True,2026-10-08 20:49:46
Telaga Punggur,Telaga Punggur Ferry Terminal,Martinus Tarigan,3,9 bulan lalu,Kebersihan perlu diperhatikan dan di tingkatkan,False,False,2026-10-08 20:49:46
Telaga Punggur,Telaga Punggur Ferry Terminal,SITI Nurhalimah,4,7 tahun lalu,Sebenarnya bagus cuman kalo mau keluar susah bisa salah arah karena gak ada petunjuknya,False,True,2026-10-08 20:49:46
Telaga Punggur,Telaga Punggur Ferry Terminal,Ryannaldo Noorhidayat,4,setahun lalu,Salah satu pintu masuk Batam dr jalur perairan.,False,True,2026-10-08 20:49:46
Telaga Punggur,Telaga Punggur Ferry Terminal,Eddi Adinata,5,7 tahun lalu,Gua pertama kali masuk loket tiketnya saya milih kapal marina aja dah dr pada pusing cari kapalnya yg cocok,False,False,2026-10-08 20:49:46
Telaga Punggur,Telaga Punggur Ferry Terminal,selly herawati,5,5 tahun lalu,"Pelabuhan yg cukup besar, katanya sih dsni bisa untuk destinasi domistik, internasional dan juga RoRo. Tempatnya juga bersih",False,True,2026-10-08 20:49:46
Telaga Punggur,Telaga Punggur Ferry Terminal,Muhammad Iqra,4,7 tahun lalu,"Ramai, ada lift dan eskalator, cukup rapih, pelayanan baik, kapal tiap setengah jam ada.",False,True,2026-10-08 20:49:46
Telaga Punggur,Telaga Punggur Ferry Terminal,sarno Aja,4,3 tahun lalu,Penyebrangan batam ketanjung uban,True,True,2026-10-08 20:49:46
Telaga Punggur,Telaga Punggur Ferry Terminal,SETIAWAN DFC,5,6 tahun lalu,Di lantai 3 kamu harus membeli tiket untuk bisa mendapatkan kursi keberangkatan kamu.,True,True,2026-10-08 20:49:46
Telaga Punggur,Telaga Punggur Ferry Terminal,Hijrian Family,5,setahun lalu,"Rapi dan bersih, alhamdulillah bisa meraskaan nyeberang disini.",False,True,2026-10-08 20:49:46
Telaga Punggur,Telaga Punggur Ferry Terminal,Warnet Maimo,1,8 tahun lalu,Kesannya kumuh biarpun bangunan megah. Taksinya mahal-mahal. Sementara taksi online dilarang ambil penumpang.,False,True,2026-10-08 20:49:46
Telaga Punggur,Telaga Punggur Ferry Terminal,achmad zulfikri,4,3 tahun lalu,"Nyebrang k tj uban lewat pel punggur,lumayan bersih,mewah,lengkap jajanan dn makanan",False,True,2026-10-08 20:49:46
Telaga Punggur,Telaga Punggur Ferry Terminal,Henky Andema,5,3 tahun lalu,"Pelayanan oke dan tidak ribet, hanya saja pembenahan toilet harus dilakukan.",False,True,2026-10-08 20:49:46
Telaga Punggur,Telaga Punggur Ferry Terminal,Arko,4,setahun lalu,Check in online bikin susah,True,True,2026-10-08 20:49:46
Telaga Punggur,Telaga Punggur Ferry Terminal,Zayed World,3,7 tahun lalu,"Padahal ketempat keberangkatan dekat, tp berputar2. Capek deh klo bawa anak kecil dan barang.",False,True,2026-10-08 20:49:46
Telaga Punggur,Telaga Punggur Ferry Terminal,IkaRini,5,7 tahun lalu,Terminal Ferry bagi yang akan menyebrang ke tanjung pinang dari batam... pelabuhan Bersih dan nyaman... Fasilitas modern dan ok,False,True,2026-10-08 20:49:46
Telaga Punggur,Telaga Punggur Ferry Terminal,Last Guide,2,setahun lalu,"Masih seperti dulu, untuk pemakaian transportasi online susah..",False,True,2026-10-08 20:49:46
Telaga Punggur,Telaga Punggur Ferry Terminal,Fredy Wong,4,7 tahun lalu,"sudah mulai tertata rapi, kecuali parkiran mobil motornya yang masih membingungkan..,",False,True,2026-10-08 20:49:46
Telaga Punggur,Telaga Punggur Ferry Terminal,Hasbullah Sentra,5,8 tahun lalu,Pelayanannya sudah mulai bagus dan fasilitas semakin baik namun sepertinya manajemen pelabuhannya kurang optimal,False,True,2026-10-08 20:49:46
Telaga Punggur,Telaga Punggur Ferry Terminal,Deddy rempit,2,8 tahun lalu,Bp batam nya sangat lah smbong dan juga ga mau bantu anak asli batam aja susah nya setengah mapus... Tau lah kami org miskin,False,False,2026-10-08 20:49:46
Telaga Punggur,Telaga Punggur Ferry Terminal,Sukhirul Sudipo,5,2 tahun lalu,Lengkap dengan Mushalla dan tempat makan di samping halaman parkir Pelabuhan Kundur,False,True,2026-10-08 20:49:46
Telaga Punggur,Telaga Punggur Ferry Terminal,Mar Yani,5,3 tahun lalu,"Lumayan gak pernah nyesal, ga terlalau rame jadi ga perlu antri lama2",False,True,2026-10-08 20:49:46
Telaga Punggur,Telaga Punggur Ferry Terminal,Eka UmiJourney,5,8 tahun lalu,Makin nyaman makin bersih makin rapi. Keren,True,False,2026-10-08 20:49:46
Telaga Punggur,Telaga Punggur Ferry Terminal,Nona Wierly,5,7 tahun lalu,"2 kali kesini, tapi arah/ direction nya sangat membantu, satpamnya ramah buat arahin kita harus kemana",False,True,2026-10-08 20:49:46
Telaga Punggur,Telaga Punggur Ferry Terminal,Fitri Yenti,4,8 tahun lalu,Pelabuhannya dah rapi sekarang..beda banget sm dulu.semoga bisa dipelihara dg baik,False,True,2026-10-08 20:49:46
Telaga Punggur,Telaga Punggur Ferry Terminal,hadi komix,1,Diedit 6 tahun lalu,Jasa transportasi pelabuhan bar bar... saya bilang tidak mau naik taxinya di ikuti trs smpai halte trans,False,False,2026-10-08 20:49:46
Telaga Punggur,Telaga Punggur Ferry Terminal,Angga Fatah,3,7 tahun lalu,"Mengalami perubahan yg signifikan setiap tahunnya, area parkir sudah tertata.",False,True,2026-10-08 20:49:46
Telaga Punggur,Telaga Punggur Ferry Terminal,Andika Nur Hardianto,4,Diedit 8 tahun lalu,Sangat bagus . Tapi jalan keluarnya menurut saya membingungkan pendatang baru,False,True,2026-10-08 20:49:46
Telaga Punggur,Telaga Punggur Ferry Terminal,Brando Sagala,1,7 tahun lalu,Tidak nyaman bagi pengguna taxi online.....ditempat ini hak kita sebagai pengunjung yang datang kebatam tidak bebas,False,True,2026-10-08 20:49:46
Telaga Punggur,Telaga Punggur Ferry Terminal,Yan Cahyadi Anas Family,4,Diedit 2 tahun lalu,"Pelabuhan domestik di Pulau Batam yang memiliki rute tujuan tanjung pinang, tanjung Uban, jagoh Dabo Singkep",False,True,2026-10-08 20:49:46
Telaga Punggur,Telaga Punggur Ferry Terminal,AceTube TV,5,2 tahun lalu,"Ok, Tapi perlu akses yang dekat untuk ke pelabuhan Roro. (Saran)",False,False,2026-10-08 20:49:46
Telaga Punggur,Telaga Punggur Ferry Terminal,Han Rizky,4,8 tahun lalu,"Pelabuhan ferry ini sedang direnovasi, sangaaaaaaat lama renovasinya, bertahun-tahun tak selesai. Alhamdulillah sdh bisa digunakan",False,True,2026-10-08 20:49:46
Telaga Punggur,Telaga Punggur Ferry Terminal,novi Sianipar,3,7 tahun lalu,Tidak ada troli untuk membawa barang-barang.. Harus bayar kuli panggul 50k,False,True,2026-10-08 20:49:46
Telaga Punggur,Telaga Punggur Ferry Terminal,margaretha nurrunisa,5,7 tahun lalu,Terminal bagus dan bersih. Sbg penghubung utk penumpang yg mau ke tj pinang dan skitarnya.,False,True,2026-10-08 20:49:46
Telaga Punggur,Telaga Punggur Ferry Terminal,Dwiky Ibn Muthy,3,7 tahun lalu,Akses jalannya terlalu kotor saat hujan. Dan masih banyak yg perlu di perbaiki,False,False,2026-10-08 20:49:46
Telaga Punggur,Telaga Punggur Ferry Terminal,Juny Oscalativa,4,setahun lalu,Sayang lahan parkirnya berantakan,False,True,2026-10-08 20:49:46
Telaga Punggur,Telaga Punggur Ferry Terminal,Sudarmono Abu Faiq,5,8 tahun lalu,Terminal masih dalam perbaikan...parkir motornya masih becek...semoga segera diperbaiki dengan ditambah kanopi...,False,False,2026-10-08 20:49:46
Telaga Punggur,Telaga Punggur Ferry Terminal,Herdi Wahyudi,3,8 tahun lalu,Dari parkiran mobil naik tangga ke lantai 3. Gakada eskalator apah? Parkiran becek..,False,True,2026-10-08 20:49:46
Telaga Punggur,Telaga Punggur Ferry Terminal,CHANDRA,5,3 tahun lalu,Perlu dimodernisasi agar pelayanan semakin meningkat kualitas dan kuantitasnya,False,True,2026-10-08 20:49:46
Telaga Punggur,Telaga Punggur Ferry Terminal,Teguh Dinata,4,7 tahun lalu,"Harusnya barang dimasukan ke x ray, ini mah kalau org mau bawa barang2 terlarang lolos semua dah",False,True,2026-10-08 20:49:46
Telaga Punggur,Telaga Punggur Ferry Terminal,Deus Blasphemic,1,6 tahun lalu,"Salah satu pelabuhan utama ke Tj. Pinang, tapi tidak banyak pilihan transportasi darat. Dikuasai oleh mafia taxi pangkalan",False,False,2026-10-08 20:49:46
Telaga Punggur,Telaga Punggur Ferry Terminal,Ega Yuvitasari,5,4 tahun lalu,"Tempatnya bersih, nyaman. Semua fasilitas dirawat dg baik",False,True,2026-10-08 20:49:46
Telaga Punggur,Telaga Punggur Ferry Terminal,Fikri Irpan Fauzi,5,7 tahun lalu,Mempermudah perjalanan laut 👍,True,True,2026-10-08 20:49:46
Telaga Punggur,Telaga Punggur Ferry Terminal,Rhama Yunita,5,4 tahun lalu,"Kebersihan bagus, suasananya aman dan nyaman. Pelayananannya cukup memuaskan",False,False,2026-10-08 20:49:46
Telaga Punggur,Telaga Punggur Ferry Terminal,Muammar,5,3 tahun lalu,Tempat dan pelayanannya bagus,True,True,2026-10-08 20:49:46
Telaga Punggur,Telaga Punggur Ferry Terminal,rayasad 123,4,setahun lalu,"pelayanan naikin lagi ,trutama bagian loket tiket",False,True,2026-10-08 20:49:46
Telaga Punggur,Telaga Punggur Ferry Terminal,J M,5,6 tahun lalu,"Oke Pelabuhannya ^ _ ^, Kapalnya enak meskipun banyak bau makanan karena wajar kan para penumpang makan 😊.",False,True,2026-10-08 20:49:46
Telaga Punggur,Telaga Punggur Ferry Terminal,Aditya Wahyu Kusuma,5,7 tahun lalu,Fasilitas lebih lengkap dan modern setelah dilakukan perombakan bangunan secara menyeluruh,False,True,2026-10-08 20:49:46
Telaga Punggur,Telaga Punggur Ferry Terminal,eddy darkzz,4,3 tahun lalu,"Petugas parkirnya baik, cuma parkiran dalam berantakan dan tidak ada penunjuk",False,True,2026-10-08 20:49:46
Telaga Punggur,Telaga Punggur Ferry Terminal,Bangparoh (bangparoh),5,Diedit 3 tahun lalu,"Salah satu pelabuhan terbersih, sangat disayangkan ojol masih gg bisa masuk pelabuhan,",False,True,2026-10-08 20:49:46
Telaga Punggur,Telaga Punggur Ferry Terminal,Della Nofliza Putri,4,7 tahun lalu,"Kalo hujan, utk parkiran mobil hadehh hancurrr. Tanah kuning semua. Yg lain goodlah",False,True,2026-10-08 20:49:46
Telaga Punggur,Telaga Punggur Ferry Terminal,David Irawan,5,setahun lalu,Pelabuhan lokal tersibuk di batam,True,True,2026-10-08 20:49:46
Telaga Punggur,Telaga Punggur Ferry Terminal,Sabamhot pandiangan,5,2 tahun lalu,Bagusss bersih dan nyaman,True,True,2026-10-08 20:49:46
Telaga Punggur,Telaga Punggur Ferry Terminal,Muhammad Hendri,3,8 tahun lalu,"Tempatnya lumayan, lokasi parkir belum tertata rapi msh becek.",False,True,2026-10-08 20:49:46
Telaga Punggur,Telaga Punggur Ferry Terminal,M. Sofuan Iwan,4,5 tahun lalu,Pelayanan yg cukup memuaskan. Tingkatkan terus jasa pelayanannya dan semoga sukses selalu,False,True,2026-10-08 20:49:46
Telaga Punggur,Telaga Punggur Ferry Terminal,Bobby,1,7 tahun lalu,"Pelabuhan plg hancur penataannya, tempat jemput malah jadi tempat standby nya taxi, persis kayak di hang nadim..",False,True,2026-10-08 20:49:46
Telaga Punggur,Telaga Punggur Ferry Terminal,lovenia.citra. resmita,5,7 tahun lalu,Tempat yg bersih dan nyaman 😊,True,True,2026-10-08 20:49:46
Telaga Punggur,Telaga Punggur Ferry Terminal,Erik Firmansyah,5,5 tahun lalu,Terminal ferry yang sangat bagus dan lengkap fasilitasnya luar biasa. Suatu kebanggan bisa menggunakannya untuk berpergian,False,True,2026-10-08 20:49:46
Telaga Punggur,Telaga Punggur Ferry Terminal,dewanto,4,Diedit 3 tahun lalu,Terminal Ferry yang aman dan nyaman,True,True,2026-10-08 20:49:46
Telaga Punggur,Telaga Punggur Ferry Terminal,Bernhard,5,8 tahun lalu,"Setiap selang waktu 15 menit, akan ada ferry yang berangkat ke tanjung Pinang, ibukota prov. Kep. Riau-Indonesia..",False,True,2026-10-08 20:49:46
Telaga Punggur,Telaga Punggur Ferry Terminal,arjuna ndae,5,3 tahun lalu,"Menyediakan kapal yg menuju tarempa, jemaja, bitung, tanjung pinang dll.",False,True,2026-10-08 20:49:46
Telaga Punggur,Telaga Punggur Ferry Terminal,Muhammad Nur Bijak Bestari,5,7 tahun lalu,"Pelabuhan Punggur best wkwk nyebrang ke pinang,tg.batu,dll di pelabuhan ini banyak elevator dan lift dah bagus wkwk",False,True,2026-10-08 20:49:46
Telaga Punggur,Telaga Punggur Ferry Terminal,Firman Rakhidaya,5,5 tahun lalu,Sudah bagus dan tambah lagi fasilitas yang mendukung sebagai pelabuhan domestik,False,True,2026-10-08 20:49:46
Telaga Punggur,Telaga Punggur Ferry Terminal,Domu Marbun,1,Diedit 3 tahun lalu,"Pelayanan Kurang memadai, ruang tunggu tidak memadai,jadwal kapal tidak sesuai di ticket, dll",False,True,2026-10-08 20:49:46
Telaga Punggur,Telaga Punggur Ferry Terminal,Nova Saputra,5,7 tahun lalu,"Sudah dua kali kesini naik kapal Roro, sering terjadi antrian panjang kalau hari-hari besar",False,True,2026-10-08 20:49:46
Telaga Punggur,Telaga Punggur Ferry Terminal,RA Video,4,2 tahun lalu,Bisa sekali masuk mahal. Padahal cuma ngedrop / jemput penumpang,False,True,2026-10-08 20:49:46
Telaga Punggur,Telaga Punggur Ferry Terminal,Dayteti Pirta,5,8 tahun lalu,Penjualan tiket ny sdh teratur.. Tempat nya bersih.. Ruang tunggu jg nyaman..,False,True,2026-10-08 20:49:46
Telaga Punggur,Telaga Punggur Ferry Terminal,Iis Tio,4,8 tahun lalu,Sedang ada pembangunan fasilitas layanan agar suasana pelabuhan lebih kondusif,False,True,2026-10-08 20:49:46
Telaga Punggur,Telaga Punggur Ferry Terminal,dhimas sumardiansyah,5,3 tahun lalu,Hari hari ramai. Siap siap cari parkiran. Kurang nya area parkir,False,True,2026-10-08 20:49:46
Telaga Punggur,Telaga Punggur Ferry Terminal,Asrirrani Virdaus,3,3 tahun lalu,"Cukup baik,beda dg 10thn yll tertata rapi.",False,True,2026-10-08 20:49:46
Telaga Punggur,Telaga Punggur Ferry Terminal,muhammad iqbal,5,Diedit 2 tahun lalu,Nyaman ruang tunggu nya luas Banyak tempat makan Best,False,True,2026-10-08 20:49:46
Telaga Punggur,Telaga Punggur Ferry Terminal,Wiwit Widono,4,9 tahun lalu,Perlu ditingkatkan pelayanan dan gedung baru segera diaktifkan supaya pelayanan meningkat.,False,True,2026-10-08 20:49:46
Telaga Punggur,Telaga Punggur Ferry Terminal,Ibnu Bondan,5,4 tahun lalu,Atap belum sepenuhnya melindungi dari hujan. Terutama di celah antar bangunan.,False,True,2026-10-08 20:49:46
Telaga Punggur,Telaga Punggur Ferry Terminal,Wilsen Chen,2,9 tahun lalu,"Ketika naik kapal semuany berdesakan, ga ad tempat buat ngantri.. Turis bisa bingung kalo datang kesini",False,True,2026-10-08 20:49:46
Telaga Punggur,Telaga Punggur Ferry Terminal,"Andri Arianto, S.H",5,8 tahun lalu,Makin keren meski masih banyak struktur bangunan yang belum tuntas keliatannya..,True,False,2026-10-08 20:49:46
Telaga Punggur,Telaga Punggur Ferry Terminal,Alfarizi Al-hakim,4,7 tahun lalu,Udah mulai membenah dan semakin bagus cmn tolong di koreksi lagi fasilitas nya,False,True,2026-10-08 20:49:46
Telaga Punggur,Telaga Punggur Ferry Terminal,Tj Pinang,5,3 tahun lalu,Perjalanan menuju kampung halaman,True,True,2026-10-08 20:49:46
Telaga Punggur,Telaga Punggur Ferry Terminal,F. SITORUS,5,2 tahun lalu,Kebersihan sangat bagus serta Fasilitas trasportasi dapat di jangkau dengan mudah,False,True,2026-10-08 20:49:46
Telaga Punggur,Telaga Punggur Ferry Terminal,Tri Hadmanto,4,6 tahun lalu,"Gedungnya masih baru, namun angkutan dari dan ke kota harus diatur lebih baik lagi",False,True,2026-10-08 20:49:46
Telaga Punggur,Telaga Punggur Ferry Terminal,Dandy Satria,4,8 tahun lalu,"Fasilitas baru, lebih aman. Hanya saja fasilitas toilet kurang terawat dan bau",False,True,2026-10-08 20:49:46
Telaga Punggur,Telaga Punggur Ferry Terminal,Mardatilla Rahayu,5,5 tahun lalu,Kapalnya nyaman. Tdk terasa goyang2 kena ombak walaupun sedang hujan,False,True,2026-10-08 20:49:46
Telaga Punggur,Telaga Punggur Ferry Terminal,Fatra Hadibowo,5,setahun lalu,Cukup Baik,True,True,2026-10-08 20:49:46
Telaga Punggur,Telaga Punggur Ferry Terminal,ifdil jamal,5,5 tahun lalu,sudah jauh lebih nyaman,True,True,2026-10-08 20:49:46
Telaga Punggur,Telaga Punggur Ferry Terminal,syamsudinbob45 bob,4,8 tahun lalu,Kenapa Taxi Online gak bisa kita sewa di pelabuhan Telaga Punggur...? Ada apa...?,False,True,2026-10-08 20:49:46
Telaga Punggur,Telaga Punggur Ferry Terminal,Iwan Pakpahan,3,8 tahun lalu,Tempat belum siap untuk pelayanan karena mati lampu tidak ada genset yg dihidupkan,False,False,2026-10-08 20:49:46
Telaga Punggur,Telaga Punggur Ferry Terminal,danang maulana,3,9 tahun lalu,"Lokasi yang sedang dilakukan renovasi, menjadikan kawasan pelabuhan menjadi semrawut.",False,True,2026-10-08 20:49:46
Telaga Punggur,Telaga Punggur Ferry Terminal,dag's,5,9 tahun lalu,"Salah satu pelabuhan speed dari Pulau Batam menuju Pulau Bintan, bisa ke Tanjung Uban maupun Tanjung Pinang 😎",False,True,2026-10-08 20:49:46
Telaga Punggur,Telaga Punggur Ferry Terminal,Eko Purwanto,2,7 tahun lalu,Makanan dan minuman relatif terjangkau...ada mushalla buat sholat.,False,True,2026-10-08 20:49:46
Telaga Punggur,Telaga Punggur Ferry Terminal,khanda angga,4,2 tahun lalu,"Mantapp, tempat parkir kurang luas.",False,False,2026-10-08 20:49:46
Telaga Punggur,Telaga Punggur Ferry Terminal,katapi _,5,8 tahun lalu,Sudah banyak perubahan....walaupun terkadang kalau dari pinang saat turun terkadang bingung keluar lewat atas,False,True,2026-10-08 20:49:46
Telaga Punggur,Telaga Punggur Ferry Terminal,etty puriati,5,Diedit 8 tahun lalu,Seafood Kelong relatif murah dari tempat yg lain..sambil mkn ombaknya bro ..;-),False,False,2026-10-08 20:49:46
Telaga Punggur,Telaga Punggur Ferry Terminal,Fadhlan A,3,9 tahun lalu,pelabuhannya masih kurang memadai untuk lahan parkir dan drop off calon penumpang.,False,True,2026-10-08 20:49:46
Telaga Punggur,Telaga Punggur Ferry Terminal,Syafrianto,4,Diedit 2 tahun lalu,"Sudah agak bagus, namun masih perlu penataan lagi agar lebih rapi dan teratur",False,True,2026-10-08 20:49:46
Telaga Punggur,Telaga Punggur Ferry Terminal,eko sasmito hadi,4,3 tahun lalu,Terlalu sempit utk ukuran lalu lintas antar pulau yg cukup oadat,False,True,2026-10-08 20:49:46
Telaga Punggur,Telaga Punggur Ferry Terminal,Andyka S.,4,7 tahun lalu,Sudah berbenah menjadi lebih baik namun masih belum bisa order kendaraan online,False,True,2026-10-08 20:49:46
Telaga Punggur,Telaga Punggur Ferry Terminal,ikrom osteriks,4,3 tahun lalu,Cukup nyaman pelabuhan... Tinggal pelayann dlm fery yg kurg,False,True,2026-10-08 20:49:46
Telaga Punggur,Telaga Punggur Ferry Terminal,Rie,5,3 tahun lalu,"Ampun Ojek sini pada maksa, saran transportasi umum mending langsung ke damri aja",False,True,2026-10-08 20:49:46
Telaga Punggur,Telaga Punggur Ferry Terminal,Stephanie Young,1,8 tahun lalu,"Pelabuhannya oke, yang gak oke itu kita didekatin dan diikutin terus""an sma taxi pangkalan disitu.",False,True,2026-10-08 20:49:46
Telaga Punggur,Telaga Punggur Ferry Terminal,deni safroni,5,6 tahun lalu,"Semenjak renovasi pelabuhan nya makin paten, bukan kaleng2 😄👍",False,True,2026-10-08 20:49:46
Telaga Punggur,Telaga Punggur Ferry Terminal,Erfan koerrniawan moechtar,5,Diedit 2 tahun lalu,"Alhamdulillah, aman",True,True,2026-10-08 20:49:46
Telaga Punggur,Telaga Punggur Ferry Terminal,Peri Kecil,5,6 tahun lalu,Asyik nya menyusuri lautan,True,True,2026-10-08 20:49:46
Telaga Punggur,Telaga Punggur Ferry Terminal,Little RF Family,2,9 tahun lalu,"Pengelolahnnya masih kurang, ketika masuk ke kapal pengaturanya kurang baik,sampe desak2 kan...",False,True,2026-10-08 20:49:46
Telaga Punggur,Telaga Punggur Ferry Terminal,Suhe Aja,5,7 tahun lalu,"Tempatnya bagus, petunjuk cukup informatif, tersedia jalur untuk kursi roda",False,True,2026-10-08 20:49:46
Telaga Punggur,Telaga Punggur Ferry Terminal,Winson Taw,5,4 tahun lalu,"Pelabuhan yang bisa ke Tanjung Pinang, Tanjung Uban(Bintan), Daik, Sei Tenam, Dabo Singkep(Lingga)",False,True,2026-10-08 20:49:46
Telaga Punggur,Telaga Punggur Ferry Terminal,try febrianto,5,4 tahun lalu,Pelabuhan punggur kota Batam,True,True,2026-10-08 20:49:46
Telaga Punggur,Telaga Punggur Ferry Terminal,Nona'Aini,5,7 tahun lalu,Sekarang sudah lebih bagus ala ala bandara. Penjemput atau pengantar bisa antar langsung ke ferry apabila sangat mendesak,False,True,2026-10-08 20:49:46
Telaga Punggur,Telaga Punggur Ferry Terminal,diajeng sulastri,5,4 tahun lalu,Sekarang sdh Baguss.. Mau ditingkatkan terus Malah..biar makin joss,False,True,2026-10-08 20:49:46
Telaga Punggur,Telaga Punggur Ferry Terminal,Agus Pamungkas,3,8 tahun lalu,Bangunannya masih dalam tahap renovasi. Tapi so far terminal ferry ini sgt bagus.,False,True,2026-10-08 20:49:46
Telaga Punggur,Telaga Punggur Ferry Terminal,Hendro Sairin,5,7 tahun lalu,Beda dengan pelabuhan ferry yang lain,True,True,2026-10-08 20:49:46
Telaga Punggur,Telaga Punggur Ferry Terminal,Ali Furgan,4,7 tahun lalu,Sudah lebih baik dan bagus dibandingkan yg dulu. Banyak perubahan yg terjadi.,False,True,2026-10-08 20:49:46
Telaga Punggur,Telaga Punggur Ferry Terminal,Deky Timor,5,3 tahun lalu,"Mantap akhirnya bisa sampai juga di kota batas, semoga bisa berkunjung lagi😊",False,True,2026-10-08 20:49:46
Telaga Punggur,Telaga Punggur Ferry Terminal,dr. erie pama,5,2 tahun lalu,"Bagus viewnya , enak bwt merenung sambil ngopi",False,True,2026-10-08 20:49:46
Telaga Punggur,Telaga Punggur Ferry Terminal,yosseadrian,3,6 tahun lalu,Jarak dari tempat penjualan tiket ke kapal terlalu jauh. Tapi ruangannya bersih.,False,True,2026-10-08 20:49:46
Telaga Punggur,Telaga Punggur Ferry Terminal,Brayn Yosua,4,4 tahun lalu,"Fasilitasnya lumayan, cuman masih belum terlalu tertib.",False,True,2026-10-08 20:49:46
Telaga Punggur,Telaga Punggur Ferry Terminal,SOFIAN ANSHARY,5,3 tahun lalu,Terminal domestik batam tg pinang,True,True,2026-10-08 20:49:46
Telaga Punggur,Telaga Punggur Ferry Terminal,Mohamad Fauzi,5,6 tahun lalu,"Kaget sewaktu sampai kesini, perubahan drastis dr sekitar 4 thn lalu, jauh lebih rapi dan tertata, MANTAAAABZ,,,,👍👍👍",False,True,2026-10-08 20:49:46
Telaga Punggur,Telaga Punggur Ferry Terminal,Darma Wangsyah,4,3 tahun lalu,"Tempat pelabuhan kapal ferry kalau kapal air dari pelabuhan kijang ke tanjung pinang, lumayan jauh",False,True,2026-10-08 20:49:46
Telaga Punggur,Telaga Punggur Ferry Terminal,Suhar maulana,4,11 bulan lalu,"Masih semerawut,, Kotor dan tidak terawat",False,True,2026-10-08 20:49:46
Telaga Punggur,Telaga Punggur Ferry Terminal,Kelas 3D,3,Diedit 3 tahun lalu,Di depan pintu keberangkatannya amburadul pengantar mobil dan motor gak teratur,False,True,2026-10-08 20:49:46
Telaga Punggur,Telaga Punggur Ferry Terminal,heroes,4,8 tahun lalu,Mulai tertata rapi walaupun dari pintu masuk ke dermaga masih terasa jauh,False,True,2026-10-08 20:49:46
Telaga Punggur,Telaga Punggur Ferry Terminal,NEO BATAM,5,3 tahun lalu,Lokasi saat ini sudah semakin luas dan nyaman lahan parkir juga luas,False,True,2026-10-08 20:49:46
Telaga Punggur,Telaga Punggur Ferry Terminal,Maria Magdalena,3,8 tahun lalu,Mencukupi untuk pelabuhan. Dan kalau berniat jalan ke pelabuhan sebaiknya naik ke pelabuhan ini karena dekat.,False,True,2026-10-08 20:49:46
Telaga Punggur,Telaga Punggur Ferry Terminal,Ade Permanik Channel,3,8 tahun lalu,"Pelabuhan sudah modern, ada liftnya, WC-nya juga bersih...",False,True,2026-10-08 20:49:46
Telaga Punggur,Telaga Punggur Ferry Terminal,Ayiph Sastroe,3,7 tahun lalu,Pelayanan cukup memuaskan.hanya saja keberangkatan kapal sering tidak on time,False,True,2026-10-08 20:49:46
Telaga Punggur,Telaga Punggur Ferry Terminal,Iqbal Key,3,6 tahun lalu,Masih tahap pembangunan..semoga kedepan makin tertata...good,False,True,2026-10-08 20:49:46
Telaga Punggur,Telaga Punggur Ferry Terminal,Kevinsyah Hanafi Siregar,5,4 tahun lalu,Bagus tempatnya,True,True,2026-10-08 20:49:46
Telaga Punggur,Telaga Punggur Ferry Terminal,ppk bintan,4,8 tahun lalu,"Jalan masih semrawut, terutama parkir di badan jalan, begitu juga,area dalam.blm.tertata",False,False,2026-10-08 20:49:46
Telaga Punggur,Telaga Punggur Ferry Terminal,M. Fadly Br umum,4,7 tahun lalu,"Pelabuhan penyeberangan.. Batam dengan beberapa tujuan pulaj seperti tanjung pinang, tanjung uban, kepulauan anambas dan pulah pulaj kecil lain nya",True,True,2026-10-08 20:49:46
Telaga Punggur,Telaga Punggur Ferry Terminal,setihadmoyo luhur,5,5 tahun lalu,Pelabuhan menuju tanjung pinang ...dantanjung uban.. bersih ..rapi ...jos gandos,False,True,2026-10-08 20:49:46
Telaga Punggur,Telaga Punggur Ferry Terminal,kasdianto kasdianto,5,8 tahun lalu,"Salah satu akses penting menuju kota Tanjungpinang, dan nyaman pelayanannya",False,True,2026-10-08 20:49:46
Telaga Punggur,Telaga Punggur Ferry Terminal,Andre Hardiansyah,5,3 tahun lalu,"Fasilitas sangat bagus,respon petugas ramah,pelayanan baik",False,True,2026-10-08 20:49:46
Telaga Punggur,Telaga Punggur Ferry Terminal,Agustiar Azet,3,8 tahun lalu,Terminal sudah bagus tapi untuk keberangkatan penumpang capek karena harus berputar,False,True,2026-10-08 20:49:46
Telaga Punggur,Telaga Punggur Ferry Terminal,nipra Hd Sormin,3,9 tahun lalu,Tempat duduk di ruang tunggu terlalu sedikit.. Parkir mobil blm tertib,False,True,2026-10-08 20:49:46
Telaga Punggur,Telaga Punggur Ferry Terminal,Chrisnico Adli,4,9 tahun lalu,Akan dikasih bintang 5 jikalau pelabuhan barunya sudah resmi digunakan,False,True,2026-10-08 20:49:46
Telaga Punggur,Telaga Punggur Ferry Terminal,Sendhyyy,5,8 tahun lalu,"Terminal ferry buat nyebrang ke Bintan or Tanjung Pinang dari sini guys, ke Bintan 15 menit hrga tiket 50rbu ajah",False,True,2026-10-08 20:49:46
Telaga Punggur,Telaga Punggur Ferry Terminal,Hary Eka Pratama,5,6 tahun lalu,Kalau mau ke batam- Tanjungpinang ya lewat sini nii... Semoga makin bagus pelayanan dan fadilitasnya,False,True,2026-10-08 20:49:46
Telaga Punggur,Telaga Punggur Ferry Terminal,Hengky Suryanto,5,8 tahun lalu,Bagus Pelabuhannya sudah seperti bandara hanya x ray blum jalan,False,True,2026-10-08 20:49:46
Telaga Punggur,Telaga Punggur Ferry Terminal,Wilda Asryani,5,7 tahun lalu,Ramai org berkunjung jika liburan. Tempatnya lebih rapi daripada dulu.,False,True,2026-10-08 20:49:46
Telaga Punggur,Telaga Punggur Ferry Terminal,Gogok Tri,4,7 tahun lalu,"Terminal kedatangan dan keberangkatan sudah bagus, cuman dermaga masih sama seperti dulu.",False,True,2026-10-08 20:49:46
Telaga Punggur,Telaga Punggur Ferry Terminal,Edi Puspa,4,6 tahun lalu,"Alhamdulillah, sudah nyaman. Tidak ada lagi calo. Gedungnya sudah bagus.",False,True,2026-10-08 20:49:46
Telaga Punggur,Telaga Punggur Ferry Terminal,Ismail albintani,3,7 tahun lalu,"Seputar terminal Ferry sdh mulai tertata dengan baik, taxinya juga sdh mulai tertib dan ramah",False,True,2026-10-08 20:49:46
Telaga Punggur,Telaga Punggur Ferry Terminal,Yusrizal Rizal,4,2 tahun lalu,"Pelabuhannya bagus, untuk kwalitas peningkatnya cukup baik",False,True,2026-10-08 20:49:46
Telaga Punggur,Telaga Punggur Ferry Terminal,Mas Indra,5,setahun lalu,Mantap tempatnya luar biasa,False,False,2026-10-08 20:49:46
Telaga Punggur,Telaga Punggur Ferry Terminal,Richyan Hendro,4,7 tahun lalu,Kalo mau nyebrang kesini gaes,True,True,2026-10-08 20:49:46
Telaga Punggur,Telaga Punggur Ferry Terminal,DAMON OFFICIAL,1,5 tahun lalu,Kotor dan tidak nyaman karna banyak taxi pangkalan yg arogan dan kurang sopan,False,True,2026-10-08 20:49:46
Telaga Punggur,Telaga Punggur Ferry Terminal,Ikhwan Addinusurya,4,6 tahun lalu,Sangat menarik,True,True,2026-10-08 20:49:46
Telaga Punggur,Telaga Punggur Ferry Terminal,Laras Setyo Windyrianto,1,setahun lalu,HELM KU HILANG BEJIRRRRR PADAHAL PARKIR DI DALAM,False,True,2026-10-08 20:49:46
Telaga Punggur,Telaga Punggur Ferry Terminal,Jendri Sunandar Saragih SE MSi Ak,5,4 tahun lalu,Lumayan bagus dermaganya,True,True,2026-10-08 20:49:46
Telaga Punggur,Telaga Punggur Ferry Terminal,Fuk Lie,5,7 tahun lalu,"Bagus sekarang, bersih dan nyaman tempatnya..tempat parkir juga luas sekarang",False,True,2026-10-08 20:49:46
Telaga Punggur,Telaga Punggur Ferry Terminal,Bambang Hartono,5,6 tahun lalu,Tempat wisata favorit kami terutama pasir timbul nya...Mantaapppp,False,True,2026-10-08 20:49:46
Telaga Punggur,Telaga Punggur Ferry Terminal,Fery Budiono,5,8 tahun lalu,"pelabuhan penyebrangan yg bagus, bersih, teratur, ada improvement dibanding 15 thn yg lalu",False,True,2026-10-08 20:49:46
Telaga Punggur,Telaga Punggur Ferry Terminal,Michael P Hutauruk,5,2 tahun lalu,Pelabuhan nya cukup bersih dan tertata baik,False,True,2026-10-08 20:49:46
Telaga Punggur,Telaga Punggur Ferry Terminal,Soni Herawan,4,5 tahun lalu,"Ramah peduli ,tepat waktu",True,True,2026-10-08 20:49:46
Telaga Punggur,Telaga Punggur Ferry Terminal,rudi julianto,3,7 tahun lalu,tempatnya gede tapi banyak yang kosong. mau nyari toilet pun susah,False,True,2026-10-08 20:49:46
Telaga Punggur,Telaga Punggur Ferry Terminal,Syafri Anto,4,7 tahun lalu,Da mulai tertata tapi fasilitas baru byk da tak berfungsi,False,True,2026-10-08 20:49:46
Telaga Punggur,Telaga Punggur Ferry Terminal,Joko Anggara,5,6 tahun lalu,Pelabuhan sangat bagus bersih jalur tidak membingungkan pelayanannya sangat ramah👍⭐⭐⭐⭐🌟,False,False,2026-10-08 20:49:46
Telaga Punggur,Telaga Punggur Ferry Terminal,ami devita,4,7 tahun lalu,Salah satu pelabuhan Domestik di Batam yang melayani rute Batam - Tanjung Pinang (Tanjung Pinang - Batam) dari Batam - Tanjung Uban( PP) Batam - Dabo (PP),False,True,2026-10-08 20:49:46
Telaga Punggur,Telaga Punggur Ferry Terminal,Zulkarnain,5,8 tahun lalu,Terimakasih banget infonya sangat teratur Dan mudah akses di pelabuhan telaga Punggur,False,True,2026-10-08 20:49:46
Telaga Punggur,Telaga Punggur Ferry Terminal,Bangun Tua Harahap,4,10 bulan lalu,Lumayan bagus pelayanannnya,False,True,2026-10-08 20:49:46
Telaga Punggur,Telaga Punggur Ferry Terminal,Sukadi Adi,5,3 tahun lalu,"Tempat penyebangan ke pulua2 sekitar Kepri ,tmpt nyaman dan aman",False,True,2026-10-08 20:49:46
Telaga Punggur,Telaga Punggur Ferry Terminal,doni hamdani,3,9 tahun lalu,"Sering lewat pelabuhan ini,tetapi ATM CENTER belom ada di sini padahal akses yang cukup ramai di sini",False,True,2026-10-08 20:49:46
Telaga Punggur,Telaga Punggur Ferry Terminal,Rendy Eko Prasetio,5,setahun lalu,Pulang ke Tanjungpinang kota Gurindam,True,True,2026-10-08 20:49:46
Telaga Punggur,Telaga Punggur Ferry Terminal,Muhammad Yani Sidi T,3,7 tahun lalu,"Saat ini sudah nyaman di bagian dalam, hanya parkirnya masih ruwet.",False,True,2026-10-08 20:49:46
Telaga Punggur,Telaga Punggur Ferry Terminal,Naufal Firdaus,3,7 tahun lalu,"Dermaga yg bersih, penataan yg bagus, tapi loket menawarkan dg teriak teriak",False,True,2026-10-08 20:49:46
Telaga Punggur,Telaga Punggur Ferry Terminal,supriadi,5,Diedit 8 tahun lalu,Cukup nyaman dan yang serunya banyaknya jajanan yang dijual disekitar,False,True,2026-10-08 20:49:46
Telaga Punggur,Telaga Punggur Ferry Terminal,Efendy Asiong,1,7 tahun lalu,sehrsnya jika batam mw berkembang. jgn di larang2 yg namanya perkmbngan teknologi.,False,True,2026-10-08 20:49:46
Telaga Punggur,Telaga Punggur Ferry Terminal,Fendy Soloment,5,3 tahun lalu,Perlu terus ditingkatkan kenyamanan dan kebersihan baik terminal maupun kapalnya,False,True,2026-10-08 20:49:46
Telaga Punggur,Telaga Punggur Ferry Terminal,Muhammad Nasir,4,6 tahun lalu,"Sudah mulai bagus, area Parkir agar lebih diperbagus",False,False,2026-10-08 20:49:46
Telaga Punggur,Telaga Punggur Ferry Terminal,Yudha Adrian,4,8 tahun lalu,"Sedang di renovasi, semoga cepat selesai agar jadi lebih nyaman",False,True,2026-10-08 20:49:46
Telaga Punggur,Telaga Punggur Ferry Terminal,Powo Salim,5,6 tahun lalu,"Pelabuhan domestik akses keluar batam dengan tujuan Tj. Pinang, tj. Uban . Dan ke pulau pulau yg lain",False,True,2026-10-08 20:49:46
Telaga Punggur,Telaga Punggur Ferry Terminal,lucky 89,4,6 tahun lalu,Konter jangan teriak teriak maksa pembeli.. harus dirubah model konter pembelian,False,True,2026-10-08 20:49:46
Telaga Punggur,Telaga Punggur Ferry Terminal,Ogik Haryadi,5,3 tahun lalu,Pertamakali di Batam nafar ramadhan 1444h,True,True,2026-10-08 20:49:46
Telaga Punggur,Telaga Punggur Ferry Terminal,Rini Pratiwi,5,3 tahun lalu,Mau kesini lagi,True,True,2026-10-08 20:49:46
Telaga Punggur,Telaga Punggur Ferry Terminal,Mandala Sidabutar,2,8 tahun lalu,Bagus..tapi masalah tadi yg begitu anarkis dan pemaksaan,False,False,2026-10-08 20:49:46
Telaga Punggur,Telaga Punggur Ferry Terminal,Syafril Aziz,3,8 tahun lalu,Inilah satu2nya Pelabuhan penyeberangan dr P batam ke Sumatera (Tg Buton),False,True,2026-10-08 20:49:46
Telaga Punggur,Telaga Punggur Ferry Terminal,Gidion Sim,4,8 tahun lalu,"Mulai ada perbaikan, tapi tetap tempat parkir ga sempurna",False,True,2026-10-08 20:49:46
Telaga Punggur,Telaga Punggur Ferry Terminal,Sukiran Medan,4,4 tahun lalu,Mendekati perfect. Toilet tdk terjaga kebersihannya,False,True,2026-10-08 20:49:46
Telaga Punggur,Telaga Punggur Ferry Terminal,Fakhrie Hidayat Hsb,3,setahun lalu,"Bayarnya masih cash, hadeehh thn 2024 ini",False,True,2026-10-08 20:49:46
Telaga Punggur,Telaga Punggur Ferry Terminal,Jongos Miskin,1,8 tahun lalu,"Layanan boardingnya kurang jadi tdk tau ferry di posisi mana, kurang ramah sekelilingny",False,True,2026-10-08 20:49:46
Telaga Punggur,Telaga Punggur Ferry Terminal,avri lita,5,2 tahun lalu,"Perdana naik speed ke pulau Bintan,, oke pelayanan nya",False,True,2026-10-08 20:49:46
Telaga Punggur,Telaga Punggur Ferry Terminal,Khalid Daulay,1,9 tahun lalu,Terminal msh dalam proses pembangunan sejak setahun yg lalu tak kunjung selesai,False,True,2026-10-08 20:49:46
Telaga Punggur,Telaga Punggur Ferry Terminal,Coco Pio,5,4 tahun lalu,luar biasa,True,False,2026-10-08 20:49:46
Telaga Punggur,Telaga Punggur Ferry Terminal,Romy Ardian,4,3 tahun lalu,"Sudah makin bagus pelayanan nya, semoga dipertahankan",True,True,2026-10-08 20:49:46
Telaga Punggur,Telaga Punggur Ferry Terminal,Amri arif,3,8 tahun lalu,"Parkiran mobilx smoga lebih cepat kelar, kasian kendaraan yg parkir",False,True,2026-10-08 20:49:46
Telaga Punggur,Telaga Punggur Ferry Terminal,Mhd. Munirul Ikhwan,4,8 tahun lalu,Mantap sekarang.,True,True,2026-10-08 20:49:46
Telaga Punggur,Telaga Punggur Ferry Terminal,JODI RISKY NOVRIWAN SIANTURI,5,setahun lalu,"""Fasilitas-Nya Sangat Memuaskan.""",False,True,2026-10-08 20:49:46
Telaga Punggur,Telaga Punggur Ferry Terminal,harry santoso,5,5 tahun lalu,Sudah Rapi Pelabuhannya.. Tinggal Dirawat Dan dijaga bersama,False,True,2026-10-08 20:49:46
Telaga Punggur,Telaga Punggur Ferry Terminal,Mukmin Sapto Pamungkas,4,9 tahun lalu,"Penjual tiketnya mantep, kepala sampai keluar l-keluar wkwk",False,True,2026-10-08 20:49:46
Telaga Punggur,Telaga Punggur Ferry Terminal,adzkiya fatimah azzahra,4,8 tahun lalu,Smakin baik dan bagus Walaupun msh dlm perbaikan...,False,False,2026-10-08 20:49:46
Telaga Punggur,Telaga Punggur Ferry Terminal,Ardiansyah Djaelani,5,7 tahun lalu,Bagus namun Penataan Perparkiran dan Lalu Lintas kendaraan belum nyaman,False,True,2026-10-08 20:49:46
Telaga Punggur,Telaga Punggur Ferry Terminal,Reza Kick,4,3 tahun lalu,"nyaman, pelayanan prima konter taksi kurang rapi",False,False,2026-10-08 20:49:46
Telaga Punggur,Telaga Punggur Ferry Terminal,Wilia Siska,3,8 tahun lalu,Terminalnya besar hanya saja tidak ada mini market dan ruang tunggunya,False,True,2026-10-08 20:49:46
Telaga Punggur,Telaga Punggur Ferry Terminal,weihan yao,2,9 tahun lalu,sudah direnovasi hampir 3 tahun tapi tidak selesai - selesai. sedih melihatnya,False,True,2026-10-08 20:49:46
Telaga Punggur,Telaga Punggur Ferry Terminal,Mery astesya,2,3 tahun lalu,Jauh banget mutar jalan mau ke ferry.... Kalau barang banyak... Pingsan sampe ferry,False,True,2026-10-08 20:49:46
Telaga Punggur,Telaga Punggur Ferry Terminal,Daniel kok san,4,2 tahun lalu,Terminal ferry dari pulau ke pulau sekitaran Kepri. Tempatnya rapi dan bersih,False,True,2026-10-08 20:49:46
Telaga Punggur,Telaga Punggur Ferry Terminal,Mustari Ari,1,6 tahun lalu,Parah signal IM3 ga bisa sama sekali akibatnya ga bisa untuk ehac,False,True,2026-10-08 20:49:46
Telaga Punggur,Telaga Punggur Ferry Terminal,Trhoz ID,4,8 tahun lalu,Baik nya ditambah penataan dermaga dan informasi kapal yang akan berangkat.,False,True,2026-10-08 20:49:46
Telaga Punggur,Telaga Punggur Ferry Terminal,Mulyadi,2,7 tahun lalu,Terminalnya masih dalam proses pengerjaan dan mangkrak sudah 1tahun lebih,False,True,2026-10-08 20:49:46
Telaga Punggur,Telaga Punggur Ferry Terminal,Bachrul Baharuddin,4,Diedit 7 tahun lalu,Ekskalator untuk naik rusak... Memberatkan orang tua...,False,True,2026-10-08 20:49:46
Telaga Punggur,Telaga Punggur Ferry Terminal,Budi Hidayat 70,4,7 tahun lalu,Terminal ferry nya sekarang lebih bagus dari yg dulu..ruang tunggu keberangkatan lebih nyaman,False,True,2026-10-08 20:49:46
Telaga Punggur,Telaga Punggur Ferry Terminal,Awang Maulhana,5,7 tahun lalu,Tempat yang tak pernah sepi. Semoga pembangunnanya lekas selesai.,False,True,2026-10-08 20:49:46
Telaga Punggur,Telaga Punggur Ferry Terminal,Fanie Wong,2,9 tahun lalu,Masih kacau karna pembangunan blm siap dan bnyk debu...,False,False,2026-10-08 20:49:46
Telaga Punggur,Telaga Punggur Ferry Terminal,Andri Felani,2,8 tahun lalu,terminal blm selesai...parking lotnya sempit...blm rapi...blm nyaman....,False,True,2026-10-08 20:49:46
Telaga Punggur,Telaga Punggur Ferry Terminal,Yogi,5,7 tahun lalu,Biasanya disini selalu padat dan ramai. Pelabuhan penyebrangan antara Batam - Tanjung Pinang.,False,True,2026-10-08 20:49:46
Telaga Punggur,Telaga Punggur Ferry Terminal,Giftson,5,6 tahun lalu,Pelayanan tiket baik dan keadaan gedung cukup bersih dan nyaman,False,True,2026-10-08 20:49:46
Telaga Punggur,Telaga Punggur Ferry Terminal,Ris Woko,4,7 tahun lalu,Kurang bersahabat bagi orang menggunakan kursi roda,False,True,2026-10-08 20:49:46
Telaga Punggur,Telaga Punggur Ferry Terminal,Riyono Sugeng,5,6 tahun lalu,Pelabuhan yg bersih tp sayang ruang tunggu belum memadai,False,True,2026-10-08 20:49:46
Telaga Punggur,Telaga Punggur Ferry Terminal,jufri aulia,5,Diedit 2 tahun lalu,Allhamdulillah setiap hari ada Roro ke tungkal.,False,True,2026-10-08 20:49:46
Telaga Punggur,Telaga Punggur Ferry Terminal,Mahmud Mahmud,4,7 tahun lalu,"buat yg mw nyebrang ke batam, jadwal kapal banyak, tiap jam ada",False,True,2026-10-08 20:49:46
Telaga Punggur,Telaga Punggur Ferry Terminal,Dwi Adhari Nugraha,4,5 tahun lalu,"Pintu masuk antar Pulau di Batam, sekarang sudah jauh lebih baik dari dulu :)",False,True,2026-10-08 20:49:46
Telaga Punggur,Telaga Punggur Ferry Terminal,Tensa Zanketsu,5,8 tahun lalu,Banyak pilihan untuk ojek dan taxi,True,True,2026-10-08 20:49:46
Telaga Punggur,Telaga Punggur Ferry Terminal,bram setiawan,3,7 tahun lalu,"Dalemnya semakin bagus, tp luarnya masih perlu dibenahi",False,True,2026-10-08 20:49:46
Telaga Punggur,Telaga Punggur Ferry Terminal,Arie Vin,5,Diedit 2 tahun lalu,"Tujuan pinang, tg. Uban, dabo singkep, natuna, roro Kuala tungkal Jambi,",False,True,2026-10-08 20:49:46
Telaga Punggur,Telaga Punggur Ferry Terminal,Sugiman mulyawikarta,3,8 tahun lalu,"Pelabuhan penyeberangan Batam-Tanjung Pinang PP. Harap berhati2, karena rame disini",False,True,2026-10-08 20:49:46
Telaga Punggur,Telaga Punggur Ferry Terminal,akrim lasalimu,2,Diedit 8 tahun lalu,"Uang masuk nya mahal,tidak sesuai sama fasilitas yg ada",False,True,2026-10-08 20:49:46
Telaga Punggur,Telaga Punggur Ferry Terminal,jek surimai,3,7 tahun lalu,bagus krn masih baru tp tax nya mahal banget.,False,True,2026-10-08 20:49:46
Telaga Punggur,Telaga Punggur Ferry Terminal,Mei Liean Valentina,4,8 tahun lalu,Sudah semakin baik setelah pembaharuan.. semoga semakin rapi lagi,False,True,2026-10-08 20:49:46
Telaga Punggur,Telaga Punggur Ferry Terminal,Sunny Murtaqi,3,8 tahun lalu,"yang ingin nyeberang ke/dari batam disini tempatnya, tapi kalo sore jam 5 antrinya booo..",False,True,2026-10-08 20:49:46
Telaga Punggur,Telaga Punggur Ferry Terminal,Jurnalis JH,5,8 tahun lalu,"Lagi di renovasi, pastinya akan bagus nanti setelah bagus di 2018",False,True,2026-10-08 20:49:46
Telaga Punggur,Telaga Punggur Ferry Terminal,Aurelino Nizar,5,4 tahun lalu,Akses ke Berbagai Pulau di Kepri,True,True,2026-10-08 20:49:46
Telaga Punggur,Telaga Punggur Ferry Terminal,Teddy wahono,5,setahun lalu,Nyerang kapal Muaro Tungkal ke Batam degan roda empat,False,False,2026-10-08 20:49:46
Telaga Punggur,Telaga Punggur Ferry Terminal,Moh Thahir,5,7 tahun lalu,"Pelabuhan Punggur memiliki fasilitas yg cukup, dan layak, tetatur dan bersih.",False,True,2026-10-08 20:49:46
Telaga Punggur,Telaga Punggur Ferry Terminal,Rumzi Rumzi,3,7 tahun lalu,Ini pelabuhan penghubung Tanjungpinang Batam .... 30 menit sdh sampai bandara hang Nadim Batam,False,True,2026-10-08 20:49:46
Telaga Punggur,Telaga Punggur Ferry Terminal,Calvin Herianto,4,2 tahun lalu,Sdh banyak berkembang dan jauh lebih baik dari dulu,False,True,2026-10-08 20:49:46
Telaga Punggur,Telaga Punggur Ferry Terminal,Ikhsan Akmar,4,8 tahun lalu,"tempatnya nyaman, tempat parkirnya luas dan kapal motornya banyak",False,True,2026-10-08 20:49:46
Telaga Punggur,Telaga Punggur Ferry Terminal,Ibnu Salman,5,4 tahun lalu,"Tempat nya bersih, pelayanan ramah, banyak yang jualan",False,True,2026-10-08 20:49:46
Telaga Punggur,Telaga Punggur Ferry Terminal,The Hunterlove,5,Diedit 8 tahun lalu,"Gedung baru super mewah,security tingkat tinggi,view pulau-pulau kecil.",False,True,2026-10-08 20:49:46
Telaga Punggur,Telaga Punggur Ferry Terminal,tommy siahaan,4,9 tahun lalu,"Pelabuhan berkelas international,yg melayani rute batam-Tg.pinang dengan kapal ferry dan kapal roro",False,True,2026-10-08 20:49:46
Telaga Punggur,Telaga Punggur Ferry Terminal,Robby Lou,2,8 tahun lalu,"Tempat kotor, petunjuk arah terbatas, dan banyak preman taxi",False,True,2026-10-08 20:49:46
Telaga Punggur,Telaga Punggur Ferry Terminal,Wiwik Sofyanti,4,6 tahun lalu,"Kalau Sabtu Minggu penuh, desak desakan apalagi hari hari libur",False,True,2026-10-08 20:49:46
Telaga Punggur,Telaga Punggur Ferry Terminal,Muhammad Rusmanto,5,6 tahun lalu,Indah bangett....,True,True,2026-10-08 20:49:46
Telaga Punggur,Telaga Punggur Ferry Terminal,erwin pasha official,4,3 tahun lalu,Speed ke tanjung uban selalau bawa penumpang kelebihan muatan...,False,True,2026-10-08 20:49:46
Telaga Punggur,Telaga Punggur Ferry Terminal,Alexander Lumbangaol,5,8 tahun lalu,Ruang tunggu bagus n bersih. Tdk ada lagi calo,False,True,2026-10-08 20:49:46
Telaga Punggur,Telaga Punggur Ferry Terminal,Keluarga Yasidy,5,8 tahun lalu,Sangat rapi dan teratur,True,True,2026-10-08 20:49:46
Telaga Punggur,Telaga Punggur Ferry Terminal,Bun RieRie,3,Diedit 6 tahun lalu,"Terminal sudah direnovasi, kondisinya juga bersih,,,, hanya manajement yang kurang jelas.",False,True,2026-10-08 20:49:46
Telaga Punggur,Telaga Punggur Ferry Terminal,ACIK ALI,3,5 tahun lalu,Mantabs La Ada tempat utk melihat lalu lintas kapal,False,True,2026-10-08 20:49:46
Telaga Punggur,Telaga Punggur Ferry Terminal,Bambang Bambang,4,8 tahun lalu,Pelabuhan punggur saat ini sudah lumayan bagus..80% ok..,False,False,2026-10-08 20:49:46
Telaga Punggur,Telaga Punggur Ferry Terminal,Ade Fathurrahman,4,7 tahun lalu,"Kalau mau ke kapal Fery nya, jalan agak jauh. Harus turun 3 lantai",False,True,2026-10-08 20:49:46
Telaga Punggur,Telaga Punggur Ferry Terminal,K O E N T J O R O,5,3 tahun lalu,kapal untuk nyebrang ke tj pinang nyaaa gak tentu jam nyaaa hemmmm,False,True,2026-10-08 20:49:46
Telaga Punggur,Telaga Punggur Ferry Terminal,Miss Sherlin,5,6 tahun lalu,Kalian pasti tau tempat ini..,True,True,2026-10-08 20:49:46
Telaga Punggur,Telaga Punggur Ferry Terminal,Arif Yogi,5,7 tahun lalu,Petugasnya ramah... sayang kadang poter suka berebut,False,True,2026-10-08 20:49:46
Telaga Punggur,Telaga Punggur Ferry Terminal,PITA,5,6 tahun lalu,"Pelabuhan sdh oke, tampilannya sudah standar internasional.",False,True,2026-10-08 20:49:46
Telaga Punggur,Telaga Punggur Ferry Terminal,bunda julismar,5,Diedit 2 bulan lalu,Lumayan bagus dan nyaman selama menunggu kapal datang,True,True,2026-10-08 20:49:46
Telaga Punggur,Telaga Punggur Ferry Terminal,Wandi Santosa,3,8 tahun lalu,Pelabuhan penghubung Bintan Batam. Ga nyaman dg penjual tiketnya. Berisik.,False,True,2026-10-08 20:49:46
Telaga Punggur,Telaga Punggur Ferry Terminal,Zainal Abidin,4,7 tahun lalu,salah satu akses buat ke tanjung pinang jika kita berada di pulau batam,False,True,2026-10-08 20:49:46
Telaga Punggur,Telaga Punggur Ferry Terminal,Winandy Gandung,5,8 tahun lalu,"Fasilitas sudah bagus dari beberapa tahun yg lalu, parkir yg agak susah,",False,True,2026-10-08 20:49:46
Telaga Punggur,Telaga Punggur Ferry Terminal,Esanov Putra,4,8 tahun lalu,Semakin rapi dan berbenah.. semoga selalu tambah baik,False,True,2026-10-08 20:49:46
Telaga Punggur,Telaga Punggur Ferry Terminal,DEDI SANGIRJUJUAN,3,6 tahun lalu,"Berusaha untuk memperjuangkan, moga keberkahan yg kita harapkan....",True,False,2026-10-08 20:49:46
Telaga Punggur,Telaga Punggur Ferry Terminal,Titin Zain Sri Prihatin Wahyuni PS (Titin),4,7 tahun lalu,Banyak perbaikan. Sekarang ruang tunggunya lebih nyaman.,False,True,2026-10-08 20:49:46
Telaga Punggur,Telaga Punggur Ferry Terminal,Rangkoto,3,6 tahun lalu,Nyari transportasi online susah Krn sdh d kuasai taksi lokal,False,True,2026-10-08 20:49:46
Telaga Punggur,Telaga Punggur Ferry Terminal,Martinus Widodo,5,8 tahun lalu,Bagus sebagai Pelabuhan Kapal Penyeberangan antar Pulau di Riau n Kepulauan.,False,True,2026-10-08 20:49:46
Telaga Punggur,Telaga Punggur Ferry Terminal,ZULFANDY,2,9 tahun lalu,Jangan gunakan argo resmi. Kendaraan Warna hijau. Harga yang tidak wajar. Modus.,False,True,2026-10-08 20:49:46
Telaga Punggur,Telaga Punggur Ferry Terminal,Alifandi Erolflin,4,8 tahun lalu,Aman dan nyaman. padahal pertama kali saya berkunjung.,False,True,2026-10-08 20:49:46
Telaga Punggur,Telaga Punggur Ferry Terminal,riery Chempie,3,Diedit 8 tahun lalu,Pelabuhan baru tapi belum rampung dan sangat tidak efisien skali.. bad !!,False,True,2026-10-08 20:49:46
Telaga Punggur,Telaga Punggur Ferry Terminal,Mantan Ajah,5,8 tahun lalu,Indah sekali pemandangannya kalau melihat dari atas kapal ferry,False,False,2026-10-08 20:49:46
Telaga Punggur,Telaga Punggur Ferry Terminal,Endso 72,4,7 tahun lalu,Untuk ke pinang saya biasa nya naik dari sini karena lokasi deket dari rmh,False,True,2026-10-08 20:49:46
Telaga Punggur,Telaga Punggur Ferry Terminal,Eko Zuldiansyah,5,Diedit 8 tahun lalu,Utk dermaganya perlu diperluas utk naik dan turun penumpang kapal,False,True,2026-10-08 20:49:46
Telaga Punggur,Telaga Punggur Ferry Terminal,Lucky Darmawan,4,Diedit 4 tahun lalu,"Sudah lumayan teratur, keluar masuknya kendaraan",False,True,2026-10-08 20:49:46
Telaga Punggur,Telaga Punggur Ferry Terminal,Zontrisman Mandaliko,3,8 tahun lalu,"Merupakan pelabuhan penghubung antara pulau Batam dan pulau pulau sekitarnya seperti Bintan, daik lingga, dll.",False,True,2026-10-08 20:49:46
Telaga Punggur,Telaga Punggur Ferry Terminal,Triyono Vivo,5,3 tahun lalu,Mantap walau sebagian masih tahap pembangunan,False,True,2026-10-08 20:49:46
Telaga Punggur,Telaga Punggur Ferry Terminal,fahmi Piranad,5,setahun lalu,Penyeberangan yg bersih dan ok,False,True,2026-10-08 20:49:46
Telaga Punggur,Telaga Punggur Ferry Terminal,bontor tobing,5,3 tahun lalu,Pelabuhan di batam untuk bawa kendaraan mobil/ sepeda motor dari batam-bintan PP,False,True,2026-10-08 20:49:46
Telaga Punggur,Telaga Punggur Ferry Terminal,Mama Tishabel,5,4 tahun lalu,Nyaman saat tidak berdesakan..ga mesti takut kelaparan,False,False,2026-10-08 20:49:46
Telaga Punggur,Telaga Punggur Ferry Terminal,tri muljono,4,7 tahun lalu,Kebersihan tempat bagus keamanan oke porter mantap ..,False,True,2026-10-08 20:49:46
Telaga Punggur,Telaga Punggur Ferry Terminal,"Wandi , Nofri",4,8 tahun lalu,Dermaga yg nyaman dan aman...pelayanan cukup bagus..,False,True,2026-10-08 20:49:46
Telaga Punggur,Telaga Punggur Ferry Terminal,RJonI Btm,4,5 tahun lalu,Sudah mulai ramai sejak Pandemi dulu Sepi..,False,True,2026-10-08 20:49:46
Telaga Punggur,Telaga Punggur Ferry Terminal,Yudi Handoko,4,Diedit 3 tahun lalu,"Bersih, parkir luas, kurang dingin.",False,True,2026-10-08 20:49:46
Telaga Punggur,Telaga Punggur Ferry Terminal,farid fta,5,setahun lalu,masi sama spt biasa,False,True,2026-10-08 20:49:46
Telaga Punggur,Telaga Punggur Ferry Terminal,Iman Prabawa,5,6 tahun lalu,Tempat kalau kita mau ke Tanjung Pinang atau kota Uban naik kapal.,False,True,2026-10-08 20:49:46
Telaga Punggur,Telaga Punggur Ferry Terminal,bayu kriswahyudi,5,8 tahun lalu,"Dimohon segera diperbaiki lokasi parkir inap, terima kasih",False,True,2026-10-08 20:49:46
Telaga Punggur,Telaga Punggur Ferry Terminal,Rudy Rusmiady,5,5 tahun lalu,Pelabuhan domestik batam tujuan antar kota batam dan kabupaten di kepualaun riau.,False,False,2026-10-08 20:49:46
Telaga Punggur,Telaga Punggur Ferry Terminal,Lukman nil hakim,3,Diedit 6 tahun lalu,Kita tidak perlu menunggu lama untuk keberangkatan ke kota tanjungpinang,False,True,2026-10-08 20:49:46
Telaga Punggur,Telaga Punggur Ferry Terminal,Said Rusdi,4,5 tahun lalu,pelayanan mereka nggk pake perasaan ..kurang sabar 🥺,False,True,2026-10-08 20:49:46
Telaga Punggur,Telaga Punggur Ferry Terminal,siswadi amrullah,4,7 tahun lalu,Lumayan bagus tapi fasilitas parkir masih kurang,False,True,2026-10-08 20:49:46
Telaga Punggur,Telaga Punggur Ferry Terminal,Aries tari,3,8 tahun lalu,Bagus tapi pelayan simpang siur.kurang didikin kayaknya,False,True,2026-10-08 20:49:46
Telaga Punggur,Telaga Punggur Ferry Terminal,bugie kurniawan,4,9 tahun lalu,Terminal pelabuhan domestik utk tujuan batam ke daerah lain di wilayah kepri,False,True,2026-10-08 20:49:46
Telaga Punggur,Telaga Punggur Ferry Terminal,Bahrul Muslimin,4,Diedit 8 tahun lalu,"Pelabuhan ya nyaman tpt tgg nya pun nyaman bersih, luas lagi.",False,True,2026-10-08 20:49:46
Telaga Punggur,Telaga Punggur Ferry Terminal,roy Arch Design,4,4 tahun lalu,Lumayan jauh perjalanan dari pintu gerbang hingga ke kapal.,False,True,2026-10-08 20:49:46
Telaga Punggur,Telaga Punggur Ferry Terminal,Kelik Wap,4,6 tahun lalu,"Lumayan bagus, kapal berangkat tepat waktu",False,True,2026-10-08 20:49:46
Telaga Punggur,Telaga Punggur Ferry Terminal,Nengah Adiyasa,4,6 tahun lalu,Sudah lebih baik setelah gedung barunya dibuka,False,True,2026-10-08 20:49:46
Telaga Punggur,Telaga Punggur Ferry Terminal,HUSNI THAMRIN,5,4 bulan lalu,Ramai,False,False,2026-10-08 20:49:46
Telaga Punggur,Telaga Punggur Ferry Terminal,Habibana Albanjar,4,2 tahun lalu,pertama kali. Semoga beruntung,False,False,2026-10-08 20:49:46
Telaga Punggur,Telaga Punggur Ferry Terminal,Randa Okta,5,3 tahun lalu,"Pelabuhan Ferry telaga Punggur, pelabuhan Ferry domestik yang baik dalam hal fasilitas layanan penumpang",False,True,2026-10-08 20:49:46
Telaga Punggur,Telaga Punggur Ferry Terminal,Syaiful Bahri Siregar,3,9 tahun lalu,Sedang ada renovasi dan tempat masih kurang teratur.,False,False,2026-10-08 20:49:46
Telaga Punggur,Telaga Punggur Ferry Terminal,Arif Purwoko Abdullah,3,5 tahun lalu,"Sangat standar, mungkin karena pelabuhan domestik juga",False,True,2026-10-08 20:49:46
Telaga Punggur,Telaga Punggur Ferry Terminal,Luluk Panjalu,4,8 tahun lalu,"Gedung baru, jalan layang ok, lahan parkir blm semen,",False,True,2026-10-08 20:49:46
Telaga Punggur,Telaga Punggur Ferry Terminal,ardi soeghalie,5,7 tahun lalu,Rame banyak kapal sama mobil motor jg ada,False,True,2026-10-08 20:49:46
Telaga Punggur,Telaga Punggur Ferry Terminal,Arip Sarifudin (Arip),5,7 tahun lalu,"Tempatnya nyaman bersih,dan tenang untuk menunggu kapal",False,True,2026-10-08 20:49:46
Telaga Punggur,Telaga Punggur Ferry Terminal,Akut Wibowo,4,8 tahun lalu,Sudah mulai selesai bangunan barunya. Mantap!,False,True,2026-10-08 20:49:46
Telaga Punggur,Telaga Punggur Ferry Terminal,Agus Darmanto,4,3 tahun lalu,Lumayan cukup bersih di dalam Ruang tunggu cukup nyaman,False,True,2026-10-08 20:49:46
Telaga Punggur,Telaga Punggur Ferry Terminal,Sukma Adi Perdana,4,6 tahun lalu,Tempat yang paling penting bagi orang yang ingin berpergian ke Tanjungpinang,False,True,2026-10-08 20:49:46
Telaga Punggur,Telaga Punggur Ferry Terminal,taufik ilham,5,7 tahun lalu,Makin hari makin menuju pelayanan kelas internasional. Go BP Batam.,False,True,2026-10-08 20:49:46
Telaga Punggur,Telaga Punggur Ferry Terminal,Lenny Martis,4,7 tahun lalu,Semakin bagus baik sarana maupun pelayanan nya,False,True,2026-10-08 20:49:46
Telaga Punggur,Telaga Punggur Ferry Terminal,BoNa Fd07,5,3 tahun lalu,Bagus...,True,True,2026-10-08 20:49:46
Telaga Punggur,Telaga Punggur Ferry Terminal,TANDUR #Tani Pantang Mundur,5,4 tahun lalu,Mantap.. namun membingungkan... Perlu penambhan penugasan..,False,True,2026-10-08 20:49:46
Telaga Punggur,Telaga Punggur Ferry Terminal,Cisworo 67,4,6 tahun lalu,Terminal penyebrangan antarn kota dan antar pula yg nyaman dan tertib,False,True,2026-10-08 20:49:46
Telaga Punggur,Telaga Punggur Ferry Terminal,ari wardana,5,3 tahun lalu,Nyaman,True,True,2026-10-08 20:49:46
Telaga Punggur,Telaga Punggur Ferry Terminal,Aulia Farabi,4,8 tahun lalu,Sudah bagus. Sudah bersih. Tapi papan pengumuman kurang,False,True,2026-10-08 20:49:46
Telaga Punggur,Telaga Punggur Ferry Terminal,bobbi rahmat,3,4 tahun lalu,"Tempat parkirnya tidak beraturan, tidak ada penjaganya",False,True,2026-10-08 20:49:46
Telaga Punggur,Telaga Punggur Ferry Terminal,sandy andaru,4,8 tahun lalu,Suasananya lebih tertata dan tertib setelah renovasi,False,True,2026-10-08 20:49:46
Telaga Punggur,Telaga Punggur Ferry Terminal,Ria Anggraini,5,7 tahun lalu,Ruang tunggunya nyaman,True,True,2026-10-08 20:49:46
Telaga Punggur,Telaga Punggur Ferry Terminal,Agus Riswanto,3,8 tahun lalu,Jalan masih kurang teratur dan bnyak parkir sembarangan,False,True,2026-10-08 20:49:46
Telaga Punggur,Telaga Punggur Ferry Terminal,Ratno Gianto Nababan,4,3 tahun lalu,"agak sepi, jarang ada orang sepanjang jalan",False,False,2026-10-08 20:49:46
Telaga Punggur,Telaga Punggur Ferry Terminal,KANG GOJEK,5,2 tahun lalu,hanya lewat sandar sekilas luas parkirannya,False,True,2026-10-08 20:49:46
Telaga Punggur,Telaga Punggur Ferry Terminal,sindy oktaria,4,8 tahun lalu,Tempat nya skrg sangat nyaman dan modern...,False,True,2026-10-08 20:49:46
Telaga Punggur,Telaga Punggur Ferry Terminal,Galang Radi,1,7 bulan lalu,Pelayanan buruk,False,True,2026-10-08 20:49:46
Telaga Punggur,Telaga Punggur Ferry Terminal,heri desprianto,4,9 bulan lalu,Bersih n rapi,True,True,2026-10-08 20:49:46
Telaga Punggur,Telaga Punggur Ferry Terminal,Mulson Rado,5,2 tahun lalu,Sudah semakin rapi,False,True,2026-10-08 20:49:46
Telaga Punggur,Telaga Punggur Ferry Terminal,Baso Mustakim,3,8 tahun lalu,Sudah Lumayan Bagus dari Beberaoa tahun sebelumnya,False,True,2026-10-08 20:49:46
Telaga Punggur,Telaga Punggur Ferry Terminal,Yovi Ardian,3,7 tahun lalu,Naik turun tangga.. Eskavatornya kadang gak hidup..,True,True,2026-10-08 20:49:46
Telaga Punggur,Telaga Punggur Ferry Terminal,Dwi Rosa Damasena,5,6 tahun lalu,Pelayanan dan fasilitasnya semakin bagus dan baik.,False,True,2026-10-08 20:49:46
Telaga Punggur,Telaga Punggur Ferry Terminal,Tapak suci Pimda 336,5,6 tahun lalu,Tertip terlayani dengan ramah,True,True,2026-10-08 20:49:46
Telaga Punggur,Telaga Punggur Ferry Terminal,Lani Puspita,4,7 tahun lalu,"Pelabuhan menuju Tanjung Pinang, Tanjung Uban, Dabo Singkep, Sungai Tenam, & Anambas.",False,True,2026-10-08 20:49:46
Telaga Punggur,Telaga Punggur Ferry Terminal,Iben Benito,3,Diedit 3 tahun lalu,Lumayan sdh ada perubahan mejadi lebih baik,False,True,2026-10-08 20:49:46
Telaga Punggur,Telaga Punggur Ferry Terminal,violet greentea,5,8 tahun lalu,Tempatnya bagus. Tapi agak bingung tempat parkirnya :),False,True,2026-10-08 20:49:46
Telaga Punggur,Telaga Punggur Ferry Terminal,Mairizon Chaniago,4,3 tahun lalu,Diharapkan kapal penyebrangan ke sumatera di ganti lebih besar,False,True,2026-10-08 20:49:46
Telaga Punggur,Telaga Punggur Ferry Terminal,Yudi Yusdiantoro,4,9 tahun lalu,"Pelabuhan antar pulau, bisa menggunakan kapal Roro atau speed boat",False,True,2026-10-08 20:49:46
Telaga Punggur,Telaga Punggur Ferry Terminal,Arie Hadiwarsito123,3,setahun lalu,Mantap,True,False,2026-10-08 20:49:46
Telaga Punggur,Telaga Punggur Ferry Terminal,Edi Ruzika,5,setahun lalu,Sangat membantu masyarakat,False,True,2026-10-08 20:49:46
Telaga Punggur,Telaga Punggur Ferry Terminal,Awenklah,4,2 tahun lalu,Paling pusing kalo dah masalah taxi di sini,False,True,2026-10-08 20:49:46
Telaga Punggur,Telaga Punggur Ferry Terminal,All Anambas,5,7 tahun lalu,Sangat bagus dgn kondisi yg sekarang,False,True,2026-10-08 20:49:46
Telaga Punggur,Telaga Punggur Ferry Terminal,ali fia,5,Diedit 2 tahun lalu,Selama ini tergolong pelabuhan yang cukup nyaman,False,True,2026-10-08 20:49:46
Telaga Punggur,Telaga Punggur Ferry Terminal,Anna Enggar,5,4 tahun lalu,Pelabuhannya sudah bagus dan nyaman bagi traveller.,False,True,2026-10-08 20:49:46
Telaga Punggur,Telaga Punggur Ferry Terminal,Budi Ahmad,5,7 tahun lalu,"Pelayanannya nyaman, bagus dan terasa seperti di bandara",False,True,2026-10-08 20:49:46
Telaga Punggur,Telaga Punggur Ferry Terminal,Nur Alifah Salsabila,4,4 tahun lalu,Kenapa ya orang taksi disini aga memaksa gitu seremmm,False,False,2026-10-08 20:49:46
Telaga Punggur,Telaga Punggur Ferry Terminal,Hayyatan Thoyyibah,5,Diedit 8 tahun lalu,Selalu bolak balik lewat pelabuhan ini kalau mau balik kampung,False,True,2026-10-08 20:49:46
Telaga Punggur,Telaga Punggur Ferry Terminal,ali topan,5,3 tahun lalu,Sudah menjadi fasilitas pelabuhan yg baik,False,True,2026-10-08 20:49:46
Telaga Punggur,Telaga Punggur Ferry Terminal,Tetty Kobe,4,8 tahun lalu,Tempat penyebrangan ke tanjung uban tj pinang dengan mengunakan roro,False,True,2026-10-08 20:49:46
Telaga Punggur,Telaga Punggur Ferry Terminal,gondres,4,7 tahun lalu,Msih prlu ditata lg tmpt parkirny,False,True,2026-10-08 20:49:46
Telaga Punggur,Telaga Punggur Ferry Terminal,Daryatno Yatno,5,2 tahun lalu,Nyaman aja sih,False,False,2026-10-08 20:49:46
Telaga Punggur,Telaga Punggur Ferry Terminal,Frenly Pardede,5,8 tahun lalu,Bersih dan langsung banyak taxi kemanapun kita mau.,False,True,2026-10-08 20:49:46
Telaga Punggur,Telaga Punggur Ferry Terminal,Kim Shen,5,6 tahun lalu,terminal ferry yg baik dan rapi..seperti teeminal bandara aja..,False,True,2026-10-08 20:49:46
Telaga Punggur,Telaga Punggur Ferry Terminal,Fadjar Kumara,5,Diedit 6 tahun lalu,keren..tempat menuju lagoi dan tanjung pinang,False,True,2026-10-08 20:49:46
Telaga Punggur,Telaga Punggur Ferry Terminal,RaiN Rush official lyric,5,6 tahun lalu,Aman buat yang ingin berseberang pulau dengan santai..,False,True,2026-10-08 20:49:46
Telaga Punggur,Telaga Punggur Ferry Terminal,ZARA TV,5,5 tahun lalu,Sesuai jam berangkat ferry nya.. Mantul ges,False,True,2026-10-08 20:49:46
Telaga Punggur,Telaga Punggur Ferry Terminal,Eko Suprianto,5,5 tahun lalu,"Nyebrang... pelabuhan dengan fasilitas yang bagus, mantap bersih",False,True,2026-10-08 20:49:46
Telaga Punggur,Telaga Punggur Ferry Terminal,Richie Fadheli STORY,5,5 tahun lalu,Tiap hari dimari.. Karena kantor nya dimari... Hihi,False,True,2026-10-08 20:49:46
Telaga Punggur,Telaga Punggur Ferry Terminal,Nofia Herawati,5,4 tahun lalu,Bersih...,True,True,2026-10-08 20:49:46
Telaga Punggur,Telaga Punggur Ferry Terminal,Fakhrul Rhozy,3,8 tahun lalu,Susah bawak barang banyak klw lewt jenjang manual,False,True,2026-10-08 20:49:46
Telaga Punggur,Telaga Punggur Ferry Terminal,Shelly Tan,4,7 tahun lalu,Kenangan nyebrang dr batam ke buton yg melelahkan .hmmm,False,True,2026-10-08 20:49:46
Telaga Punggur,Telaga Punggur Ferry Terminal,Suryati Tasarina,4,6 tahun lalu,Lumayan brsih dan parkiran tdk bgituuu smpit,False,True,2026-10-08 20:49:46
Telaga Punggur,Telaga Punggur Ferry Terminal,Bayu Hendra Susetya,5,8 tahun lalu,tempat alternatif penyeberangan batam ke bintan. tempatnya bagus,False,True,2026-10-08 20:49:46
Telaga Punggur,Telaga Punggur Ferry Terminal,Spearfishing Jakarta,5,7 tahun lalu,Terminal kapal yg bersih dan tertib utk perjalanan anda,False,True,2026-10-08 20:49:46
Telaga Punggur,Telaga Punggur Ferry Terminal,Yoga Pratomo,3,7 tahun lalu,Saya pernah naik kapal ke Tanjung Pinang di pelabuhan ini,False,True,2026-10-08 20:49:46
Telaga Punggur,Telaga Punggur Ferry Terminal,Irwan Hidayat,3,7 tahun lalu,Mohon dipercepat untuk pembangunan lahan parkirnya,False,True,2026-10-08 20:49:46
Telaga Punggur,Telaga Punggur Ferry Terminal,John Paul,3,8 tahun lalu,"lay out antah berantah, byk maling kesempatan dalam kesempitan.",False,True,2026-10-08 20:49:46
Telaga Punggur,Telaga Punggur Ferry Terminal,Bang_74cK,4,3 tahun lalu,Okeh,True,True,2026-10-08 20:49:46
Telaga Punggur,Telaga Punggur Ferry Terminal,Hudri,5,4 tahun lalu,Kondisi pelabuhan yg bersih rapi dan pelayanan yang baik,False,True,2026-10-08 20:49:46
Telaga Punggur,Telaga Punggur Ferry Terminal,Yudi Novian,5,8 tahun lalu,"tidak antri, gampang, parkir mudah, sudah dipugar, kelas internasional.",False,True,2026-10-08 20:49:46
Telaga Punggur,Telaga Punggur Ferry Terminal,hasbi ash shiddieqy,4,Diedit 4 tahun lalu,"pelabuhan fery domestik melayani rute tanjung pinang,tanjung uban dan dabo",False,False,2026-10-08 20:49:46
Telaga Punggur,Telaga Punggur Ferry Terminal,sarni azlina harahap,5,7 tahun lalu,Pelabuhan yg nyaman dan mudah dilalui ketempat lain,False,False,2026-10-08 20:49:46
Telaga Punggur,Telaga Punggur Ferry Terminal,Dodi Zulakbar,5,7 tahun lalu,"Fasilitas udah lengkap,hanya saja belum rapi",False,True,2026-10-08 20:49:46
Telaga Punggur,Telaga Punggur Ferry Terminal,Ir Buang Yeo,3,8 tahun lalu,Masih dalam tahap finishing sehingga masih belum nyaman,False,True,2026-10-08 20:49:46
Telaga Punggur,Telaga Punggur Ferry Terminal,suwarno sp,5,setahun lalu,Pelayanan tiket baik,False,False,2026-10-08 20:49:46
Telaga Punggur,Telaga Punggur Ferry Terminal,Charre Mickola,4,6 tahun lalu,Cukup rapi utk parkir dan lalulintas penumpang,False,True,2026-10-08 20:49:46
Telaga Punggur,Telaga Punggur Ferry Terminal,Efrizal Freeze,5,7 tahun lalu,Warbisayah. Seperti Bandara,True,True,2026-10-08 20:49:46
Telaga Punggur,Telaga Punggur Ferry Terminal,Irfan Sunda,4,7 tahun lalu,Lebih nyaman dr terminal yg dulu...,False,True,2026-10-08 20:49:46
Telaga Punggur,Telaga Punggur Ferry Terminal,Said Zalman Alaydrus,2,3 tahun lalu,Terlalu banyak tangga klu mau brangkat dt btm,True,True,2026-10-08 20:49:46
Telaga Punggur,Telaga Punggur Ferry Terminal,Hajar Annisa Abdurahman,5,6 tahun lalu,"Tempat bagus, banyak jenis kapal yang singgah",False,True,2026-10-08 20:49:46
Telaga Punggur,Telaga Punggur Ferry Terminal,Ardiyansyah Sulisman,5,7 tahun lalu,"Terminal baru lebih bersih, luas dan tentunya lebih nyaman",False,True,2026-10-08 20:49:46
Telaga Punggur,Telaga Punggur Ferry Terminal,Randy Ardhani,5,8 tahun lalu,Pelabuhannya bagus. Jadwal kapal tepat waktu,False,True,2026-10-08 20:49:46
Telaga Punggur,Telaga Punggur Ferry Terminal,Wiwid Nurwidayati,5,4 tahun lalu,"Tempat penyeberangan ketj pinang, bersih dan rapi",False,True,2026-10-08 20:49:46
Telaga Punggur,Telaga Punggur Ferry Terminal,Lim Agus,5,7 tahun lalu,Bagus terminal ferry kita sekang 👍 kebanggaan Batam dan kita semua,False,True,2026-10-08 20:49:46
Telaga Punggur,Telaga Punggur Ferry Terminal,Ilyas afk,4,8 tahun lalu,"Pelayanan bagus, tempat parkir tolong diperbagus",False,True,2026-10-08 20:49:46
Telaga Punggur,Telaga Punggur Ferry Terminal,Bayu Setyadi,5,6 tahun lalu,Bersih rapi memberlakukan protokol new normal,False,True,2026-10-08 20:49:46
Telaga Punggur,Telaga Punggur Ferry Terminal,Febby Agung Nugraha,3,8 tahun lalu,"Pelabuhan kapal feri dari batam menuju Tanjungpinang, Tanjung Uban, dan Lobam",False,True,2026-10-08 20:49:46
Telaga Punggur,Telaga Punggur Ferry Terminal,yanez,5,7 tahun lalu,Terminal pelabuhan antar pulau yg bagus di P. BINTAN....,True,True,2026-10-08 20:49:46
Telaga Punggur,Telaga Punggur Ferry Terminal,Ahmad Jolo,4,7 tahun lalu,"Lumayan bagus, walaupun blm 100% rampung.",False,True,2026-10-08 20:49:46
Telaga Punggur,Telaga Punggur Ferry Terminal,Irwan Hardjunadi,4,8 tahun lalu,Msh tahap pembangunan to sdh bs digunakan,False,True,2026-10-08 20:49:46
Telaga Punggur,Telaga Punggur Ferry Terminal,Gerardus Basenty Kelen,5,5 tahun lalu,Bagus dan bersih....,True,True,2026-10-08 20:49:46
Telaga Punggur,Telaga Punggur Ferry Terminal,Petrus Marpaung pmtes,2,3 tahun lalu,Pelayanan buruk pada pembawa barang banyak,False,True,2026-10-08 20:49:46
Telaga Punggur,Telaga Punggur Ferry Terminal,Zul Khalid (Garrang),5,7 tahun lalu,Pembangunan yg baru desain baru lebih nyaman,False,True,2026-10-08 20:49:46
Telaga Punggur,Telaga Punggur Ferry Terminal,ivan richardo,5,3 tahun lalu,bagus banget tempatnya bersih teratur,False,True,2026-10-08 20:49:46
Telaga Punggur,Telaga Punggur Ferry Terminal,Cesar Tri Kuncoro,4,8 tahun lalu,"Modern. Tapi karena belum rampung, terlihat semrawut",False,True,2026-10-08 20:49:46
Telaga Punggur,Telaga Punggur Ferry Terminal,Maulita Aristya Firmantari,4,6 tahun lalu,"Miss fasilitas untuk makan, kedepannya di harapkan ada",False,True,2026-10-08 20:49:46
Telaga Punggur,Telaga Punggur Ferry Terminal,Endri Yanto,5,7 tahun lalu,Sudah berbenah dan memiliki akses yang nyaman.,False,True,2026-10-08 20:49:46
Telaga Punggur,Telaga Punggur Ferry Terminal,Lek Kasdan,4,6 tahun lalu,"Tempat parkir luas, bersih & nyaman",False,True,2026-10-08 20:49:46
Telaga Punggur,Telaga Punggur Ferry Terminal,Galih Prabowo,2,8 tahun lalu,hati2 taksi lokal nya kaya pereman...,False,True,2026-10-08 20:49:46
Telaga Punggur,Telaga Punggur Ferry Terminal,Yulhendri Bin Ruskan Yulhendri,5,5 tahun lalu,Pelabuhan untuk keluar batam menuju Bintan dan tanjung pinang,False,True,2026-10-08 20:49:46
Telaga Punggur,Telaga Punggur Ferry Terminal,Alparep Suandri,4,8 tahun lalu,Udah bagus sekarang fasilitas sudah lengkap,False,True,2026-10-08 20:49:46
Telaga Punggur,Telaga Punggur Ferry Terminal,Aditya Rachman,5,8 tahun lalu,Skrg jd lbh bagus stlh renovasi,False,True,2026-10-08 20:49:46
Telaga Punggur,Telaga Punggur Ferry Terminal,Muhammad Aqhil Fhaizky (QT),5,8 tahun lalu,Sudah direnovasi dan menjadi semakin menarik,False,True,2026-10-08 20:49:46
Telaga Punggur,Telaga Punggur Ferry Terminal,Terratonic Director,4,8 tahun lalu,Ke area parkir Jauh Kalo bawa barang berat,False,True,2026-10-08 20:49:46
Telaga Punggur,Telaga Punggur Ferry Terminal,Raka Abimanyu,5,2 tahun lalu,"Bersih, rapi, nyaman, memuaskan",False,False,2026-10-08 20:49:46
Telaga Punggur,Telaga Punggur Ferry Terminal,Hadiyatno,5,2 tahun lalu,rute perjalanan mudik ke bintan😍,False,True,2026-10-08 20:49:46
Telaga Punggur,Telaga Punggur Ferry Terminal,Yuri Andri,4,5 tahun lalu,"Bangunan baru, sdh banyak mobil taksi",False,True,2026-10-08 20:49:46
Telaga Punggur,Telaga Punggur Ferry Terminal,Mister Riswan,4,4 tahun lalu,"Rambu rambu petunjuk kurang jelas, perlu di benahi.",False,True,2026-10-08 20:49:46
Telaga Punggur,Telaga Punggur Ferry Terminal,dodok yuda,4,8 tahun lalu,Harus pintar-pintar nawar harga taksi tembak disini,False,True,2026-10-08 20:49:46
Telaga Punggur,Telaga Punggur Ferry Terminal,Tien Triani,5,7 tahun lalu,"Terminalnya rapi dan bersih, lumayan modern...",False,True,2026-10-08 20:49:46
Telaga Punggur,Telaga Punggur Ferry Terminal,gung putro basworo,3,4 tahun lalu,Kurang nyaman sarana transportasi minim pilihan,False,True,2026-10-08 20:49:46
Telaga Punggur,Telaga Punggur Ferry Terminal,Burhan Batama,5,3 tahun lalu,Semoga pelayanan nya semakin baik.,False,True,2026-10-08 20:49:46
Telaga Punggur,Telaga Punggur Ferry Terminal,ARM Channel,5,8 tahun lalu,Pelabuhan domestik yg berstandar internasional. Keren deh....,False,True,2026-10-08 20:49:46
Telaga Punggur,Telaga Punggur Ferry Terminal,Bagus Sigit,5,8 tahun lalu,Bersih,True,True,2026-10-08 20:49:46
Telaga Punggur,Telaga Punggur Ferry Terminal,Yosua Dimo Silalahi,5,7 tahun lalu,Bagus sudah ada jalur sendiri untuk kendaraan,False,True,2026-10-08 20:49:46
Telaga Punggur,Telaga Punggur Ferry Terminal,Akbar Alkaaf,4,3 tahun lalu,Secara keseluruhan lokasi cukup bersih,False,True,2026-10-08 20:49:46
Telaga Punggur,Telaga Punggur Ferry Terminal,Muhammad Irsyadul Fauzi Fauzi,4,5 tahun lalu,"Terminal nya bagus,mohon lbh dijaga lg",False,True,2026-10-08 20:49:46
Telaga Punggur,Telaga Punggur Ferry Terminal,Firlizanni AMd,5,setahun lalu,Keren dan bersih,False,True,2026-10-08 20:49:46
Telaga Punggur,Telaga Punggur Ferry Terminal,KP- Alexander Agung Susela,5,8 tahun lalu,Kalau mau ke Tanjungpinang dan Tanjung Uban PP lewat di sini,False,True,2026-10-08 20:49:46
Telaga Punggur,Telaga Punggur Ferry Terminal,Monang Munthe,5,Diedit 6 bulan lalu,Keren,False,True,2026-10-08 20:49:46
Telaga Punggur,Telaga Punggur Ferry Terminal,Karta Afriyan Hadi Jaya,5,3 tahun lalu,untuk fasilitas semoga semakin di tingkatkan lagi,False,True,2026-10-08 20:49:46
Telaga Punggur,Telaga Punggur Ferry Terminal,sof wan,3,8 tahun lalu,Ruangan tunggu lumayan bagus dan lebar namun panas,False,True,2026-10-08 20:49:46
Telaga Punggur,Telaga Punggur Ferry Terminal,Batam Transport 82 Batam Transport 82,5,setahun lalu,Ferry terminal untuk tujuan tanjung uban,False,True,2026-10-08 20:49:46
Telaga Punggur,Telaga Punggur Ferry Terminal,TheCloudravin,5,5 tahun lalu,sangat merekomendasi tempatnya.... 👍💕,False,False,2026-10-08 20:49:46
Telaga Punggur,Telaga Punggur Ferry Terminal,Tegar Nugrahadi,4,9 tahun lalu,Pembagunanya masih berlangsung sehingga tampan berantakan.,False,True,2026-10-08 20:49:46
Telaga Punggur,Telaga Punggur Ferry Terminal,tamvan man,5,4 tahun lalu,Tempat yang indah dan tempat menunggu nya juga nyaman,False,True,2026-10-08 20:49:46
Telaga Punggur,Telaga Punggur Ferry Terminal,Aryadi Pramono,5,7 tahun lalu,tiket masih 57ribu saat postingan ini dibuat,True,True,2026-10-08 20:49:46
Telaga Punggur,Telaga Punggur Ferry Terminal,Tri Soesilo,2,8 tahun lalu,Perlu penataan ulang berkenaan dgn taksi,False,True,2026-10-08 20:49:46
Telaga Punggur,Telaga Punggur Ferry Terminal,Rizcy Emyelda,1,2 tahun lalu,"Layanan nya buruk ketika hari besar,",False,True,2026-10-08 20:49:46
Telaga Punggur,Telaga Punggur Ferry Terminal,Megandaru Kawuryan,5,6 tahun lalu,Bagus modern,True,True,2026-10-08 20:49:46
Telaga Punggur,Telaga Punggur Ferry Terminal,Wito Dinco,5,5 tahun lalu,Pelabuhan yg padat dari dan ke pulau Batam pulau Bintan sekitarnya,False,True,2026-10-08 20:49:46
Telaga Punggur,Telaga Punggur Ferry Terminal,Langit Bumi,5,5 tahun lalu,Biaya parkir nya murah hanya 1.000,False,True,2026-10-08 20:49:46
Telaga Punggur,Telaga Punggur Ferry Terminal,koplak dotcom,5,setahun lalu,😁🙏👍💪,False,True,2026-10-08 20:49:46
Telaga Punggur,Telaga Punggur Ferry Terminal,Dezttaa Chandra,5,setahun lalu,Raame polll menjelang rayeee,False,True,2026-10-08 20:49:46
Telaga Punggur,Telaga Punggur Ferry Terminal,Yenni Dumora Baringbing,4,8 tahun lalu,Driver taksi atau ojeknya itu loh. Krng ramah.,False,True,2026-10-08 20:49:46
Telaga Punggur,Telaga Punggur Ferry Terminal,Ir. Gunawan Yekti Prasetyo,5,7 tahun lalu,👍👍,True,True,2026-10-08 20:49:46
Telaga Punggur,Telaga Punggur Ferry Terminal,Tanjungpinang Guide,5,2 tahun lalu,Terminal Pugur banyak sekali perubahan..,False,True,2026-10-08 20:49:46
Telaga Punggur,Telaga Punggur Ferry Terminal,iman amin,1,6 tahun lalu,Tak nyaman tak boleh order taxi online,False,True,2026-10-08 20:49:46
Telaga Punggur,Telaga Punggur Ferry Terminal,Alan Turnando,5,8 tahun lalu,"fasilitas semakin baik, dekat halte busway",False,True,2026-10-08 20:49:46
Telaga Punggur,Telaga Punggur Ferry Terminal,Maya Afriani Karya,5,7 tahun lalu,Kapal ferry dn roro sebelahan pelabuhan nya,False,True,2026-10-08 20:49:46
Telaga Punggur,Telaga Punggur Ferry Terminal,Achmad Ghozali,5,7 tahun lalu,Nyaman Aman dansuper tenang,False,True,2026-10-08 20:49:46
Telaga Punggur,Telaga Punggur Ferry Terminal,Sapuji (Puji),4,7 tahun lalu,Setelah pembangunan jadi lebih baik,False,True,2026-10-08 20:49:46
Telaga Punggur,Telaga Punggur Ferry Terminal,moch fajar,5,2 tahun lalu,Udah oke fasilitasnya sekarang,False,True,2026-10-08 20:49:46
Telaga Punggur,Telaga Punggur Ferry Terminal,Muhammad Taufik gumelar,5,6 tahun lalu,Terminal ferry untuk penyebrangan ke beberapa pulau atau daerah seputar kepri.,False,True,2026-10-08 20:49:46
Telaga Punggur,Telaga Punggur Ferry Terminal,Rang Batam,5,7 tahun lalu,Setelah direnovasi jadi jauh lebih nyaman,False,True,2026-10-08 20:49:46
Telaga Punggur,Telaga Punggur Ferry Terminal,Tama,5,7 tahun lalu,Ferry terminal yang bau sangat bersih dan tertara rapi,False,True,2026-10-08 20:49:46
Telaga Punggur,Telaga Punggur Ferry Terminal,Rolly Wahyudi,5,7 tahun lalu,Fasilitas nya sudah cukup baik.,False,True,2026-10-08 20:49:46
Telaga Punggur,Telaga Punggur Ferry Terminal,Oki andrivionata,5,8 tahun lalu,"sekarang udah bagus, lebih bersih daripada yang dulu",False,True,2026-10-08 20:49:46
Telaga Punggur,Telaga Punggur Ferry Terminal,Aulia Rahman,4,Diedit 5 tahun lalu,Pelabuhan dengan fasilitas yang memiliki sarana prasarana yang memadai,False,True,2026-10-08 20:49:46
Telaga Punggur,Telaga Punggur Ferry Terminal,Gidion Livingson (Dion),5,8 tahun lalu,Terminalnya baru suasana bersih nyaman.,False,True,2026-10-08 20:49:46
Telaga Punggur,Telaga Punggur Ferry Terminal,Achelia Setiani,3,7 tahun lalu,ok. ngga bersih tp okela.,False,True,2026-10-08 20:49:46
Telaga Punggur,Telaga Punggur Ferry Terminal,hermansyah muktiar,4,8 tahun lalu,"Ruang Tunggu Nyaman, Ada Mushola kecil",False,True,2026-10-08 20:49:46
Telaga Punggur,Telaga Punggur Ferry Terminal,Kurnia Putra,3,9 tahun lalu,Pelabuhannya padat dan perlu di upgrade atau di renovasi,False,True,2026-10-08 20:49:46
Telaga Punggur,Telaga Punggur Ferry Terminal,mamae albeb,5,3 tahun lalu,Kepinang dadakan ...,True,True,2026-10-08 20:49:46
Telaga Punggur,Telaga Punggur Ferry Terminal,Fitria Nuristyanti,5,7 tahun lalu,"mantap, tapi terlalu dibuat pusing dengan jalannya",False,True,2026-10-08 20:49:46
Telaga Punggur,Telaga Punggur Ferry Terminal,efhe,5,7 tahun lalu,Bersih..rapi dan tertib.. yukk nyeberang..,False,True,2026-10-08 20:49:46
Telaga Punggur,Telaga Punggur Ferry Terminal,Shirly Herke,5,8 tahun lalu,"Bersih, nyaman",True,True,2026-10-08 20:49:46
Telaga Punggur,Telaga Punggur Ferry Terminal,Achmad Zulkarnain (Joel),4,4 tahun lalu,"Terminalnya teratur, rapi, tiiket 10rb",False,True,2026-10-08 20:49:46
Telaga Punggur,Telaga Punggur Ferry Terminal,Wirda Octania,5,8 tahun lalu,Dalam tahap perbaikan. Makin bagus.,False,True,2026-10-08 20:49:46
Telaga Punggur,Telaga Punggur Ferry Terminal,Victor Purnama Agung F,5,8 tahun lalu,"Gak membingungkan, alur bagus, pelayanan oke",False,False,2026-10-08 20:49:46
Telaga Punggur,Telaga Punggur Ferry Terminal,Rudy Prasatio,3,7 tahun lalu,"Sudah membaik, tapi parkiran masih becek",False,True,2026-10-08 20:49:46
Telaga Punggur,Telaga Punggur Ferry Terminal,darwis ritonga,5,3 tahun lalu,Tempat parkir motor tidak tertata rapi,False,True,2026-10-08 20:49:46
Telaga Punggur,Telaga Punggur Ferry Terminal,Suhana Harun,5,6 tahun lalu,Senang sekali. Bangunan baru kira nya,False,True,2026-10-08 20:49:46
Telaga Punggur,Telaga Punggur Ferry Terminal,Andrey Kunchung,5,6 tahun lalu,"Tempat penyebaran yang oke, fasilitas mantap",False,True,2026-10-08 20:49:46
Telaga Punggur,Telaga Punggur Ferry Terminal,Brachmada Sony,5,7 tahun lalu,Mantap lancar,True,False,2026-10-08 20:49:46
Telaga Punggur,Telaga Punggur Ferry Terminal,Cizhen Weng,2,8 tahun lalu,"Susah cari parkir, penataan sangat jelek",False,True,2026-10-08 20:49:46
Telaga Punggur,Telaga Punggur Ferry Terminal,high channel,1,8 tahun lalu,Tempat penyebrangan dari batam ke tg pinang dan sebaliknya,False,True,2026-10-08 20:49:46
Telaga Punggur,Pelabuhan punggur,Ghavero Abdillahrizqaff,2,sebulan lalu,"kemarin hari selasa dpt pelayanan yg buruk banget. Kita mau pesan tiket kapal yg bs bw kendaraan, dari yg jm 10 sampai 17 kuotanya udah 0 semua. Akhirnya kita brgkt ke pelabuhan buat nanya dn memastikan, sampai sana sekitar jam 9an lbh, kita tanya lah ke tmpt tiket yg di dekat ATM itu, abangnya menyambut ramah dn lgsg mengarahkan ke tmpt informasi. Sesampainya d tmpt informasi, kami tanya apa benar tiketnya udh abis semua, takutnya lg error kan, nah di tmpt informasi itu ada mbak² tp dia spt tidak begitu th krn jawaban dia tdk pasti dan malah tanya ke satpam yg ada di samping dia. Satpam itu blg ""kl 0 brrti habis bang, sering² dicek aja, hari ini kapal cm 3 sampai jam 5 aja"" dg nada yg tdk ramah. Akhirnya kita putuskan naik kapal tanpa kendaraan alias orgnya aja. Stlh sampai k tmpt tujuan, kami turun ke bawah sembari menunggu kapalnya bersandar dari situ lah kami melihat, bahwa tmpt yg harusnya penuh krn di aplikasi kuotanya sdh 0 tp kenyataannya kapal itu cm berisi setengah masih banyak space, hanya ada beberapa mobil dn motor, kalau alasannya adlh berat, sepertinya tdk jg, krn tdk banyak kendaraan besar yg bermuatan saat itu. Tolong dong, petugasnya lbh diperhatikan lg pemberi pelayanan di sana, bikin SOP kalau blm punya, biar punya standar, kalau udh punya SOP tolong dong perbaiki, tolong jg ajarkan bekerja sesuai SOP, apa lg d bidang pelayanan, suruh terapkan senyum dan keramahan. Dari sekian kali bolak balik ke sana baru kemarin dpt yg gabagus pelayanannya.",False,False,2026-10-08 20:49:46
Telaga Punggur,Pelabuhan punggur,Dewi Sulistyowati,5,4 bulan lalu,"Salah satu Pelabuhan paling sibuk di pulau sumatra, lokasinya di batam Kepulauan Riau. Menghubungkan beberapa pulau di kepulauan riau dan sumatra ,",True,True,2026-10-08 20:49:46
Telaga Punggur,Pelabuhan punggur,Aulia Putri,3,8 bulan lalu,Saran saya kapal nya lebih diperhatikan untuk kenyamanan penumpang kapan pun waktunya apalagi saat weekend.,True,False,2026-10-08 20:49:46
Telaga Punggur,Pelabuhan punggur,Ryan Afranata,5,6 bulan lalu,"Pelabuhannya cukup bersih dan tertata rapi, kursi tunggu juga lumayan banyak Kalau boleh saran SDM² nya diadakan pelatihan agar bisa lebih ramah lagi misal ada pengguna jasa yg bertanya Selain poin itu semuanya sudah oke",True,True,2026-10-08 20:49:46
Telaga Punggur,Pelabuhan punggur,Agung Yudhi Prasetiyo,1,3 bulan lalu,"Sering kesini, mkin hari makin susah..mau naik gocar/grb harus jalan kaki nanjak, sengaja biar orang capek trus pesn taksi lokal yg gk jelas",False,False,2026-10-08 20:49:46
Telaga Punggur,Pelabuhan punggur,Reza Giovani,1,7 bulan lalu,"Pelayanan sangat buruk terutama saat padat penumpang, ruang tunggu tidak layak, penumpang diminta antri berdiri berjam2, tidak manusiawi",True,False,2026-10-08 20:49:46
Telaga Punggur,Pelabuhan punggur,Muhammad Hafidz,1,3 bulan lalu,udah datang 30 menit sebelum waktu yang dipesan di tiket malah nunggu 2 jam lebih koncet emg,False,False,2026-10-08 20:49:46
Telaga Punggur,Pelabuhan punggur,eebno subahri,5,9 bulan lalu,"Bagus, sambil menunggu Ferry bisa makan, ngopi dan musholapun ada.",False,True,2026-10-08 20:49:46
Telaga Punggur,Pelabuhan punggur,Ary Christine,5,setahun lalu,Pelabuhannya bersih dan well organized. Nyaman dan mudah,True,True,2026-10-08 20:49:46
Telaga Punggur,Pelabuhan punggur,fatikha thurochmah,5,2 tahun lalu,Salah satu pelabuhan yg cukup besar di batam Biasanya ke sini kalo mau ke tanjung pinang Kebersihan oke Tempat parkir oke,True,True,2026-10-08 20:49:46
Telaga Punggur,Pelabuhan punggur,tea three,1,10 bulan lalu,"[WAJIB BACA] Saya tidak suka karna pelabuhan kapal ini memonopoli harga taxi. Mereka tidak sanggup bersaing dan mendemo agar taxi online seperti grab dan gojek tidak boleh mengambil order di sini. Bahkan mereka memukul driver online & pelanggan kalau berani memesan di area pelabuhan. Mereka berkali-kali dan terus-menerus memanggil-manggil pelanggan & meminta memesan taxi mereka, di level yang sangat mengganggu. Walaupun sudah sepakat harga taxi, di tengah jalan mereka akan menaikkan harga sesuka hati dengan alasan tujuan jauh, mengintimidasi pelanggan dan memasang ekspresi wajah yang membuat pelanggan tidak nyaman. UNTUK ORANG BARU DI BATAM, APALAGI ANDA FOREIGNERS, bijaklah memilih transportasi. Ada layanan bus ""trans batam"" dari pemerintah, cara nya setelah keluar dari pelabuhan, jalan lurus sedikit, naik ke lantai 2 menggunakan lift/elevator atau tangga. Setelah benar-benar keluar (sampai dijalan aspal), jalan sedikit ke kiri dan terlihat halte bus. Tiket bus hanya tersedia cashless, bayar pakai QRIS. Biasanya saya turun di Mall BCS atau di area ""jodoh"" (persis di depan hotel pacific sekitaran harbour bay). Lanjutkan dengan memesan grab atau gojek ke tujuan anda. Saya tidak ingin membenci mereka tapi mereka sendiri yang membuat semua orang membenci mereka dengan tindakan anarkis dan pemaksaan.",True,True,2026-10-08 20:49:46
Telaga Punggur,Pelabuhan punggur,Gam Skar,4,8 bulan lalu,Cukup bersih dan tertib,True,True,2026-10-08 20:49:46
Telaga Punggur,Pelabuhan punggur,Yollanda Sri Cahya,3,2 tahun lalu,"Bangunanya bagus dan terawat, tapi saya panas puoool walaupun udah ada ac tapi ga kerasa karna ac cuman ada 2 di ruang ticket/tunggu🥲semoga kedepanya bisa menggunakan ac central seperti pelabuhan kelas internasional 🙏🥲",True,False,2026-10-08 20:49:46
Telaga Punggur,Pelabuhan punggur,Desire Yolanda,1,6 bulan lalu,pemberangkatan jam 11 tapi pas jam 11 kapal full ikut pemberangkatan jam 12 . Harusnya gausah di buat jam pemberangkatan kalo nunggu bisa 2 jam buang” waktu .,False,False,2026-10-08 20:49:46
Telaga Punggur,Pelabuhan punggur,Almarik M.S,1,setahun lalu,"Staf tiket nya songong semua, gk ada ramah"" nya sedikitpun. Kerja tapi muka pada ditekuk semua. Jadwal pun sering kali ngaret dan telat gk sesuai jam di tiket... Udah macam lion air aja dia. Lebih jelas lagi jadwal tiket bus dari kapal di sini",False,True,2026-10-08 20:49:46
Telaga Punggur,Pelabuhan punggur,Ahmad Lesmana,1,setahun lalu,Roro sekarang kecil tidur aja susah dapatmya terlantar kondisikan roro agak besar kasurnya banyak ini kasurnya ndak ada,True,False,2026-10-08 20:49:46
Telaga Punggur,Pelabuhan punggur,Dwi Rahayu Azhari,3,setahun lalu,"Saran ya, untuk kemudahan penumpang yang sedang sakit agar sekiranya ada petugas khusus untuk mengantar dan menjemput kursi roda yang di pinjam oleh penumpang. Agar penumpang tidak kesulitan untuk bolak balik antar kursi roda dan menjemput ktp kembali dikarenakan di tahan oleh petugas. Terimakasih.",False,False,2026-10-08 20:49:46
Telaga Punggur,Pelabuhan punggur,Mas Udri,4,6 bulan lalu,Fasilitas untuk nyebran keluar batam yg resmi.. lumayan sudah imprup dri beberapa thun lalu,False,True,2026-10-08 20:49:46
Telaga Punggur,Pelabuhan punggur,Dalton Ngangi (DOKTERONCALL),1,setahun lalu,"guys tolonglah itu di evaluasi fungsi mesin e-ticket buat apaan coba? gw beli tiket disitu terus udah nanya ke petugas di sekitar situ abis ini kemana? terus diarahin langsung masuk aja turun ke dermaganya, pas udah turun kagak ada sistem penomoran atau tulisan tujuan semua serba by nanya kalo gak udah nyasar lu, udah masuk speedboat pun kagak ada nomor tempat duduknya, terus pas diambilin tiket sama petugas di dalam kapal malah nanya dia kertas yg dari loket mana? lah orang gw pake beli pake mesin e-tiket, nah ketawan deh ternyata ada indikasi main pungli disini, dari tiketing sampai ke nahkoda main semua makanya gak terima tiket dari mesin e-ticket mereka. yaelah maluuuu broo 2025. perbaiki napa",False,True,2026-10-08 20:49:46
Telaga Punggur,Pelabuhan punggur,rusdi zulkarnain,4,11 bulan lalu,"PELABUHAN PUNGGUR menjadi pelabuhan sangat vital di Pulau Batam. Melayani pemberangkatan/kedatangan kapal Roro & ferry ke berbagai destinasi pulau² yang didominasi tujuan Tanjungpinang. Pemberangkatan bisa dipilih hampir setiap jam tersedia on time. Pelayanan mulai masuk pelabuhan, beli tiket, sampai berangkat diatur tertib. Di sekitar dalam pelabuhan tersedia berbagai macam konter termasuk kedai kuliner & oleh². Sedangkan di luar pelabuhan tersedia mobil angkutan, online, sewa atau Bus Trans Batam.",False,True,2026-10-08 20:49:46
Telaga Punggur,Pelabuhan punggur,ibu anak dua,1,setahun lalu,"staff di pelabuhan pungur gak ada sopan santun,mukanya gak senang liat penumpang,sinis liat orang,senyum pun tak ada,aduh perbaiki lg staffnya malu laa orang kepulauan riau tapi gak ada ramah dan sopan, untuk proter diaraa keberangkatan tidak disediakan,banyak porter yg nunggu di bawah dibagian kedatangan,padhal kita butuh jasanya,aduh bagus naik roro la dari Bintan bayar mahal naik fery perlayanan bad",False,False,2026-10-08 20:49:46
Telaga Punggur,Pelabuhan punggur,ELSON MOTOR,5,4 bulan lalu,Selalu dapat Rezeki kalau kepelabuhan ini mengantar penumpang,False,False,2026-10-08 20:49:46
Telaga Punggur,Pelabuhan punggur,Al Almunzir,4,setahun lalu,"Pelabuhan Punggur Roro seperti nya masih kekurangan armada kapal Pelni nya. Mau nyebrang ke Tj Uban aja kalau pakai mobil harus beli tiket diaplikasi brizy minimal 3 hari sebelumnya, kalau hari ini mau berangkat dan hari ini beli pasti gak bakalan dpt tiket. Semoga ini jadi perhatian pemerintah pengelola pelabuhan (ASDP)",False,True,2026-10-08 20:49:46
Telaga Punggur,Pelabuhan punggur,Laily F,5,2 tahun lalu,Pelabuhannya bagus dan rapi.,True,True,2026-10-08 20:49:46
Telaga Punggur,Pelabuhan punggur,Afri Yenti,4,2 tahun lalu,"Seru...!! tapi kl bisa sistem manajemen nya harus lebih ditingkatkan lagi,baik itu bagian tiket counter yg masih blum nyaman dg masih berdesak-desakan,ruang tunggu yg masih bercampur aduk dg calon penumpang tujuan lain dan jalur masuk kapal yg masih kurang tertib 🙏🙏. Smoga pihak pengelola bisa memperbaiki nya utk kedepannya.",False,False,2026-10-08 20:49:46
Telaga Punggur,Pelabuhan punggur,Siti Jariah,5,3 bulan lalu,"Pelayanan baik,teratur dan aman nyaman.",True,True,2026-10-08 20:49:46
Telaga Punggur,Pelabuhan punggur,Agika Gaming,2,setahun lalu,"Untuk bp batam sebagai pengelola pelabuhan punggur, Parkiran mobilnya di buat atap dong biar nyaman dan teduh , udahlah tanah merah gak ada atapnya pula",False,False,2026-10-08 20:49:46
Telaga Punggur,Pelabuhan punggur,Rizcy Emyelda,1,2 tahun lalu,"Pelayanan tidak bagus, kasihan yg punya anak kecil",True,True,2026-10-08 20:49:46
Telaga Punggur,Pelabuhan punggur,acep ranal,5,setahun lalu,"Ada dua pelabuhan di area ini, yaitu pelabuhan ferry domestik Telaga Punggur dan pelabuhan ASDP, kedua pelabuhan ini melayani berbagai rute baik di dalam provinsi Kepulauan Riau maupun di luarnya.",False,True,2026-10-08 20:49:46
Telaga Punggur,Pelabuhan punggur,Hendri Kurniawan,5,setahun lalu,"Pelabuhan Batam rute lagoi,Lobam dan tanjung pinang. Pelabuhan penumpang Fery yg cukup.lumayan pelayanan sebelum membalinyiket atau masuk anda akan menemukan teriakn penjual tiket ya cukup unik lah..tapi hitungan parkiran utk kendaraan R4 nya agak lain dari hitungan berbayar .kalau ditempat lain setelah 2 jam berikut akan dikenakan biaya tambahan tapi disini lebih dari 15 mnt akan lain hitungan nya..tolong diberi penjelasannya baik pihak pengelola pelabuhan atau pengelola perparkiranya",False,True,2026-10-08 20:49:46
Telaga Punggur,Pelabuhan punggur,Dwi Perma,4,2 tahun lalu,Cukup tp akan lbh bagus klo bisa di upgrade lagi mengingat aktivitas ke ibu kota tg pinang sering melalui pelabuhan ini,False,True,2026-10-08 20:49:46
Telaga Punggur,Pelabuhan punggur,hartono theng,5,setahun lalu,Pelabuhan Penyebrangan Ke Pulau Bintan,True,True,2026-10-08 20:49:46
Telaga Punggur,Pelabuhan punggur,Bang Jack,1,setahun lalu,Pelayanannya buruk...terutama para petugasnya yg arogan dan sombong bila kita minta informasi saja tudak dilayani...tidak ada ramah²nya....,False,True,2026-10-08 20:49:46
Telaga Punggur,Pelabuhan punggur,tina santika,1,2 tahun lalu,"Pelayanan informasi terkait dengan calo pembelian tiket di tempat keberangkatan kuranggg bangett, kami tanya tentang jadwal kedatangan kapal dari batam ke tnj gaada senyumnya sama sekali dan pas ngomong gaada liat muka kita,,,,pelayanannya sangat jauh dari kata pelayanan prima",False,False,2026-10-08 20:49:46
Telaga Punggur,Pelabuhan punggur,Sutarmi Syafri,5,7 bulan lalu,Bersih dan nyaman,True,False,2026-10-08 20:49:46
Telaga Punggur,Pelabuhan punggur,Novia Via,5,setahun lalu,"Pelabuhan yg luas, bersih dan teratur, Alhamdulillah pelayanan yg lebih baik dari th sebelumnya.",False,True,2026-10-08 20:49:46
Telaga Punggur,Pelabuhan punggur,Fathaya Salsabilla,4,setahun lalu,"Pleasee upgrade dan rapihin toiletnya biar bersih dan nyaman, sisa semua oke✌🏻👌🏻",False,True,2026-10-08 20:49:46
Telaga Punggur,Pelabuhan punggur,acwandy marbun,4,setahun lalu,"Bagus, untuk pelabuhan domestik sudah lebih dari cukup",False,True,2026-10-08 20:49:46
Telaga Punggur,Pelabuhan punggur,Rudi Yanto,4,setahun lalu,"Info dong, yg tau kapal cepat tujuan pel.tungkal jambi",False,False,2026-10-08 20:49:46
Telaga Punggur,Pelabuhan punggur,altra gibran,1,setahun lalu,"Bagian Pelayanan tiket tanggal 23/01/25 tidak ramah, sangat baddddd",False,False,2026-10-08 20:49:46
Telaga Punggur,Pelabuhan punggur,Patino Rizky,4,6 bulan lalu,Fasilitas pelabuhan ok,False,True,2026-10-08 20:49:46
Telaga Punggur,Pelabuhan punggur,Pulma Simanjuntak,4,2 tahun lalu,"Tempat nyaman, bersih dan ada beberapa kedai kopi dan toko kue yang buka",False,True,2026-10-08 20:49:46
Telaga Punggur,Pelabuhan punggur,Arie Zona,3,2 tahun lalu,"Tiketnya murah, tapi akses jalan & barangnya masih kurang bagus",False,True,2026-10-08 20:49:46
Telaga Punggur,Pelabuhan punggur,Yumilia Zai,4,2 tahun lalu,Proses mengantri yg sangat lama apalagi kalau hari libur dan hari besar,False,True,2026-10-08 20:49:46
Telaga Punggur,Pelabuhan punggur,Lidiya Wati,5,setahun lalu,Perjalanan yang menyenangkan di Indonesia...,False,False,2026-10-08 20:49:46
Telaga Punggur,Pelabuhan punggur,Syafi Putra Maygani,5,2 tahun lalu,"Bagus, cuma saran saya ruang tunggunya di perbesar",False,False,2026-10-08 20:49:46
Telaga Punggur,Pelabuhan punggur,PARMOHONAN HARAHAP,5,setahun lalu,"Bagus, pelayanan di perbagus dan dipercanggih lagi",False,True,2026-10-08 20:49:46
Telaga Punggur,Pelabuhan punggur,Heru Suyandi,4,2 tahun lalu,"Semoga pelabuhan ini semakin baik, tidak kalah dengan pelabuhan batam yang satu lagi",False,True,2026-10-08 20:49:46
Telaga Punggur,Pelabuhan punggur,Wz Hasibuan,5,2 tahun lalu,"Pelayanan cukup bersahabat dan ramah, tempatnya bersih.",False,False,2026-10-08 20:49:46
Telaga Punggur,Pelabuhan punggur,Dedy W,3,2 tahun lalu,Kurang terawat,True,True,2026-10-08 20:49:46
Telaga Punggur,Pelabuhan punggur,Raju nur Bakri,5,4 bulan lalu,Layanan ok,False,False,2026-10-08 20:49:46
Telaga Punggur,Pelabuhan punggur,Galang Radi,1,7 bulan lalu,Kurang bagus,False,True,2026-10-08 20:49:46
Telaga Punggur,Pelabuhan punggur,Vincent nohan,1,9 bulan lalu,Kecwa di layani sambil tidur,False,False,2026-10-08 20:49:46
Telaga Punggur,Pelabuhan punggur,Khalfian Rhapsody,4,2 tahun lalu,Pelabuhan yang cukup sibuk.,True,True,2026-10-08 20:49:46
Telaga Punggur,Pelabuhan punggur,Agung Setiawan,5,4 bulan lalu,Siip,False,False,2026-10-08 20:49:46
Telaga Punggur,Pelabuhan punggur,Qadar Pallawa,3,setahun lalu,Jalanan masih banyak lubang.,False,True,2026-10-08 20:49:46
Telaga Punggur,Pelabuhan punggur,Ida Juraida,5,6 bulan lalu,Rumah,False,False,2026-10-08 20:49:46
Telaga Punggur,Pelabuhan punggur,Jhonesly Siahaan,5,7 bulan lalu,Mantap,False,False,2026-10-08 20:49:46
Telaga Punggur,Pelabuhan punggur,ArDanAz Setyawan,5,setahun lalu,Ribet sih... Tpi memang SOP,False,True,2026-10-08 20:49:46
Telaga Punggur,Pelabuhan punggur,emmasihombing,5,setahun lalu,Semua perjalanan lancar Mantap,False,False,2026-10-08 20:49:46
Telaga Punggur,Pelabuhan punggur,Baritaku Channel,5,9 bulan lalu,Pelayanan baik,False,True,2026-10-08 20:49:46
Telaga Punggur,Pelabuhan punggur,Diana fatiha,5,2 tahun lalu,Pengalaman 18 jam dikapal,False,True,2026-10-08 20:49:46
Telaga Punggur,Pelabuhan punggur,Zan Kamil,5,2 tahun lalu,Tempat yg tepat tdk dari kota dan bandara,False,True,2026-10-08 20:49:46
Telaga Punggur,Pelabuhan punggur,Surya PUMA,5,6 bulan lalu,Bagus,False,True,2026-10-08 20:49:46
Telaga Punggur,Pelabuhan punggur,Mak Nando,1,5 bulan lalu,Kept Dinda,False,True,2026-10-08 20:49:46
Telaga Punggur,Pelabuhan punggur,Syandinanda Nanda,5,setahun lalu,Berlayar,False,False,2026-10-08 20:49:46
Telaga Punggur,Pelabuhan punggur,Goldi Parulian N,5,2 tahun lalu,Sangat luar biasa,False,False,2026-10-08 20:49:46
Telaga Punggur,Pelabuhan punggur,Pujakesuma Pradhana,5,3 tahun lalu,Penghubung menuju Pulau Pulau di Kepri,False,True,2026-10-08 20:49:46
Telaga Punggur,Pelabuhan punggur,Seri Bulan simatoktong,5,setahun lalu,Bersih dan rapih,False,False,2026-10-08 20:49:46
Telaga Punggur,Pelabuhan punggur,Muhammad Chafidzin,5,setahun lalu,Nyaman,False,True,2026-10-08 20:49:46
Telaga Punggur,Pelabuhan punggur,Mohammad Shabur,3,setahun lalu,Lancar,False,True,2026-10-08 20:49:46
Telaga Punggur,Pelabuhan punggur,Didin Saputra,5,2 tahun lalu,Sangat bagus,False,False,2026-10-08 20:49:46
Telaga Punggur,Pelabuhan punggur,Hendra Fernansya,4,setahun lalu,bagus,True,True,2026-10-08 20:49:46
Telaga Punggur,Pelabuhan punggur,Amelia Amanda,3,setahun lalu,Pelabuhan nya baguss,False,False,2026-10-08 20:49:46
Telaga Punggur,Pelabuhan punggur,Kent Kenedy,5,setahun lalu,Pelayanan yang baik,False,False,2026-10-08 20:49:46
Telaga Punggur,Pelabuhan punggur,parlin hasibuan,5,2 tahun lalu,Mantab,False,False,2026-10-08 20:49:46
Telaga Punggur,Pelabuhan punggur,Bang JAGO,5,setahun lalu,Bagus,False,False,2026-10-08 20:49:46
Telaga Punggur,Pelabuhan punggur,F U N,5,setahun lalu,Kereeen...,False,True,2026-10-08 20:49:46
Telaga Punggur,Pelabuhan punggur,Aank Sidik,5,setahun lalu,Bagus,False,False,2026-10-08 20:49:46
Telaga Punggur,Pelabuhan punggur,Joko Susilo,1,seminggu lalu,"Pengalaman yang buruk mau liburan ke Tj Pinang dari Batam naik Roro tiket berangkat jam 06.00 kita sudah sampai pelabuhan jam 05.40, sudah beli tiket online, kapalpun baru depart jam 06.15-an ternyata tidak ada jalur khusus untuk mobil yang sudah beli online jadi kita ditinggal dan harus menunggu kapan yabg jam 08.00 apa fungsinya beli online kalau jalur antrinya sama dan tertulis masih ada kuota kita dah capek capek berangkat jam 04.45 tidak profesional’pelayanan semrawut dan toiletnya kotor dan bau keran rusak aja tidak diperbaiki",True,True,2026-10-08 20:49:46
Telaga Punggur,Pelabuhan punggur,Oppo A6x,1,sebulan lalu,Batam,False,False,2026-10-08 20:49:46
Telaga Punggur,Pelabuhan punggur,Putri Lestari,5,2 bulan lalu,Mantap.. Pengen kesana lagi,False,False,2026-10-08 20:49:46
Telaga Punggur,Pelabuhan punggur,D.S,5,2 bulan lalu,👍👍👍👍👍,False,True,2026-10-08 20:49:46
Telaga Punggur,Pelabuhan punggur,Mbah 7373,5,9 bulan lalu,Feri Terminal Morden. Diterjemahkan oleh Google ・ Lihat versi asli (Inggris),True,True,2026-10-08 20:49:46
Telaga Punggur,Pelabuhan punggur,Taufik hidayat,5,4 bulan lalu,,True,True,2026-10-08 20:49:46
Telaga Punggur,Pelabuhan punggur,Nara Dewa,5,4 bulan lalu,lebih baik Diterjemahkan oleh Google ・ Lihat versi asli (Inggris),False,True,2026-10-08 20:49:46
Telaga Punggur,Pelabuhan punggur,Christian Amos,5,3 bulan lalu,,True,True,2026-10-08 20:49:46
Telaga Punggur,Pelabuhan punggur,mulyadi Nurhayati,5,10 bulan lalu,Selamat bersenang-senang Diterjemahkan oleh Google ・ Lihat versi asli (Inggris),False,False,2026-10-08 20:49:46
Telaga Punggur,Pelabuhan punggur,Novi Hartanto,5,setahun lalu,Bagus Diterjemahkan oleh Google ・ Lihat versi asli (Inggris),True,True,2026-10-08 20:49:46
Telaga Punggur,Pelabuhan punggur,Nurul Sofiyanti,5,2 tahun lalu,,True,True,2026-10-08 20:49:46
Telaga Punggur,Pelabuhan punggur,Infinix Hot11s,3,5 bulan lalu,,True,False,2026-10-08 20:49:46
Telaga Punggur,Pelabuhan punggur,Triono Saputro,5,Diedit 2 tahun lalu,,True,True,2026-10-08 20:49:46
Telaga Punggur,Pelabuhan punggur,Aldialma Firsanov,5,2 tahun lalu,,True,True,2026-10-08 20:49:46
Telaga Punggur,Pelabuhan punggur,Ed Firdaus,3,2 tahun lalu,,True,True,2026-10-08 20:49:46
Telaga Punggur,Pelabuhan punggur,Odhey,5,9 bulan lalu,,True,True,2026-10-08 20:49:46
Telaga Punggur,Pelabuhan punggur,dees.interna anas,5,setahun lalu,,True,True,2026-10-08 20:49:46
Telaga Punggur,Pelabuhan punggur,U Dee Batam,4,setahun lalu,,True,True,2026-10-08 20:49:46
Telaga Punggur,Pelabuhan punggur,Ismanuddin Channel,5,setahun lalu,"Ayo berkendara, oke? Diterjemahkan oleh Google ・ Lihat versi asli (Inggris)",False,True,2026-10-08 20:49:46
Telaga Punggur,Pelabuhan punggur,shoohibun najiib,5,2 tahun lalu,,True,True,2026-10-08 20:49:46
Telaga Punggur,Pelabuhan punggur,Andi Martin,5,8 bulan lalu,Oke Diterjemahkan oleh Google ・ Lihat versi asli (Inggris),False,True,2026-10-08 20:49:46
Telaga Punggur,Pelabuhan punggur,Chai Rita,5,2 tahun lalu,,True,True,2026-10-08 20:49:46
Telaga Punggur,Pelabuhan punggur,Satoto Septiaji,5,2 tahun lalu,Oke Diterjemahkan oleh Google ・ Lihat versi asli (Inggris),False,True,2026-10-08 20:49:46
Telaga Punggur,Pelabuhan punggur,Mintchoco Flvr,5,,,False,False,2026-10-08 20:49:46
Telaga Punggur,Pelabuhan punggur,fahmi apriyandi,5,seminggu lalu,Oke Diterjemahkan oleh Google ・ Lihat versi asli (Inggris),False,False,2026-10-08 20:49:46
Telaga Punggur,Pelabuhan punggur,TSABARKA,2,3 minggu lalu,BARU,False,True,2026-10-08 20:49:46
Telaga Punggur,Pelabuhan punggur,A. Nabila,5,3 minggu lalu,BARU,False,False,2026-10-08 20:49:46
Telaga Punggur,Pelabuhan punggur,TATA PUTRI,4,sebulan lalu,Pelabuhan menuju Tanjung Uban dan Tanjung Pinang. Perjalanan pertama jam 7.30 pagi Diterjemahkan oleh Google ・ Lihat versi asli (Inggris),False,True,2026-10-08 20:49:46
Telaga Punggur,Pelabuhan punggur,sunita anggreny,4,sebulan lalu,,False,False,2026-10-08 20:49:46
Telaga Punggur,Pelabuhan punggur,Jefri,3,sebulan lalu,,False,True,2026-10-08 20:49:46
Telaga Punggur,Pelabuhan punggur,Masan Ori,5,sebulan lalu,,False,False,2026-10-08 20:49:46
Telaga Punggur,Pelabuhan punggur,Hendra Kurniawan,5,sebulan lalu,,False,True,2026-10-08 20:49:46
Telaga Punggur,Pelabuhan punggur,Pri Nyoto,4,2 bulan lalu,,False,True,2026-10-08 20:49:46
Telaga Punggur,Pelabuhan punggur,Ingat filianto Barutu,5,Diedit 2 bulan lalu,,False,True,2026-10-08 20:49:46
Telaga Punggur,Pelabuhan punggur,Darwis silis,1,2 bulan lalu,,False,False,2026-10-08 20:49:46
Telaga Punggur,Pelabuhan punggur,Memei Sone,4,3 bulan lalu,,False,True,2026-10-08 20:49:46
Telaga Punggur,Pelabuhan punggur,Henny's Smile,5,3 bulan lalu,,False,True,2026-10-08 20:49:46
Telaga Punggur,Pelabuhan punggur,AFRIZAL AFRIZAL,3,3 bulan lalu,,False,False,2026-10-08 20:49:46
Telaga Punggur,Pelabuhan punggur,Sefrialdo Christian Alfan Rahmatal,2,4 bulan lalu,,False,False,2026-10-08 20:49:46
Telaga Punggur,Pelabuhan punggur,Armen Muhammad,5,4 bulan lalu,,False,False,2026-10-08 20:49:46
Telaga Punggur,Pelabuhan punggur,Baguse Bagus,3,4 bulan lalu,,False,False,2026-10-08 20:49:46
Telaga Punggur,Pelabuhan punggur,Revil Ronaldo Putra,5,4 bulan lalu,,False,True,2026-10-08 20:49:46
Telaga Punggur,Pelabuhan punggur,Wisnu Wardana,5,4 bulan lalu,,False,False,2026-10-08 20:49:46
Telaga Punggur,Pelabuhan punggur,Nadia Salsabilah,1,4 bulan lalu,,False,False,2026-10-08 20:49:46
Telaga Punggur,Pelabuhan punggur,Rizki Saputra,5,5 bulan lalu,,False,False,2026-10-08 20:49:46
Telaga Punggur,Pelabuhan punggur,Alxyxh Humming,5,5 bulan lalu,,False,True,2026-10-08 20:49:46
Telaga Punggur,Pelabuhan punggur,Shara Bella,5,6 bulan lalu,,False,True,2026-10-08 20:49:46
Telaga Punggur,Pelabuhan punggur,Semviko Dupanliwi,5,Diedit 6 bulan lalu,,False,True,2026-10-08 20:49:46
Telaga Punggur,Pelabuhan punggur,gidion saruksuk,5,6 bulan lalu,,False,False,2026-10-08 20:49:46
Telaga Punggur,Pelabuhan punggur,RAMA DONI,5,7 bulan lalu,,False,False,2026-10-08 20:49:46
Telaga Punggur,Pelabuhan punggur,Ruth Ginat,3,7 bulan lalu,,False,True,2026-10-08 20:49:46
Telaga Punggur,Pelabuhan punggur,Gloria Febriasty,3,7 bulan lalu,,False,True,2026-10-08 20:49:46
Telaga Punggur,Pelabuhan punggur,Huai Liang,5,7 bulan lalu,,False,False,2026-10-08 20:49:46
Telaga Punggur,Pelabuhan punggur,Risa Febriana,5,7 bulan lalu,,False,False,2026-10-08 20:49:46
Telaga Punggur,Pelabuhan punggur,Tommy Jones,5,8 bulan lalu,,False,True,2026-10-08 20:49:46
Telaga Punggur,Pelabuhan punggur,LEANDRO PRATAMA PUTRA,5,8 bulan lalu,,False,False,2026-10-08 20:49:46
Telaga Punggur,Pelabuhan punggur,Skedsa Advertising,4,8 bulan lalu,,False,True,2026-10-08 20:49:46
Telaga Punggur,Pelabuhan punggur,Leah Aretha Keyvara,5,9 bulan lalu,,False,True,2026-10-08 20:49:46
Telaga Punggur,Pelabuhan punggur,Piter Gan,5,10 bulan lalu,,False,False,2026-10-08 20:49:46
Telaga Punggur,Pelabuhan punggur,Rio Aperta,5,10 bulan lalu,,False,True,2026-10-08 20:49:46
Telaga Punggur,Pelabuhan punggur,Achai,5,10 bulan lalu,,False,True,2026-10-08 20:49:46
Telaga Punggur,Pelabuhan punggur,Taufikkun S,5,10 bulan lalu,,False,True,2026-10-08 20:49:46
Telaga Punggur,Pelabuhan punggur,Fakhmi_murfikin,5,10 bulan lalu,,False,True,2026-10-08 20:49:46
Telaga Punggur,Pelabuhan punggur,robbyn power21,5,10 bulan lalu,,False,False,2026-10-08 20:49:46
Telaga Punggur,Pelabuhan punggur,Usi siregar,4,11 bulan lalu,,False,False,2026-10-08 20:49:46
Telaga Punggur,Pelabuhan punggur,BG NANGIN,5,setahun lalu,,False,True,2026-10-08 20:49:46
Telaga Punggur,Pelabuhan punggur,Abdul Rahim,5,setahun lalu,,False,True,2026-10-08 20:49:46
Telaga Punggur,Pelabuhan punggur,andy shiffa,5,setahun lalu,,False,False,2026-10-08 20:49:46
Telaga Punggur,Pelabuhan punggur,ADJI SURYAPRANATA,5,setahun lalu,,False,False,2026-10-08 20:49:46
Telaga Punggur,Pelabuhan punggur,Pt pelni Samarinda,5,setahun lalu,,False,False,2026-10-08 20:49:46
Telaga Punggur,Pelabuhan punggur,Novry Poetra,5,setahun lalu,,False,True,2026-10-08 20:49:46
Telaga Punggur,Pelabuhan punggur,Buttu Ludovicus,5,setahun lalu,,False,False,2026-10-08 20:49:46
Telaga Punggur,Pelabuhan punggur,HANS LIARIAN,5,setahun lalu,,False,True,2026-10-08 20:49:46
Telaga Punggur,Pelabuhan punggur,Okta Kurniawan,5,setahun lalu,,False,True,2026-10-08 20:49:46
Telaga Punggur,Pelabuhan punggur,Tri Novie Arsyitasari,4,setahun lalu,,False,True,2026-10-08 20:49:46
Telaga Punggur,Pelabuhan punggur,Rudy Gantedy,3,setahun lalu,,False,False,2026-10-08 20:49:46
Telaga Punggur,Pelabuhan punggur,Andy N Chaniago,4,setahun lalu,,False,True,2026-10-08 20:49:46
Telaga Punggur,Pelabuhan punggur,Barry Prima,4,setahun lalu,,False,True,2026-10-08 20:49:46
Telaga Punggur,Pelabuhan punggur,Agung Ludiro Prakoso,5,setahun lalu,,False,True,2026-10-08 20:49:46
Telaga Punggur,Pelabuhan punggur,Sigit Eko Baskoro,5,setahun lalu,,False,True,2026-10-08 20:49:46
Telaga Punggur,Pelabuhan punggur,Catur Putra Alamsyah,3,setahun lalu,,False,True,2026-10-08 20:49:46
Telaga Punggur,Pelabuhan punggur,Makrani Ritonga,5,setahun lalu,,False,False,2026-10-08 20:49:46
Telaga Punggur,Pelabuhan punggur,Khairul Aan,1,setahun lalu,,False,False,2026-10-08 20:49:46
Telaga Punggur,Pelabuhan punggur,Dedy Manullang,5,setahun lalu,,False,False,2026-10-08 20:49:46
Telaga Punggur,Pelabuhan punggur,Muhamad Mahmud,4,setahun lalu,,False,False,2026-10-08 20:49:46
Telaga Punggur,Pelabuhan punggur,nia saniati,5,setahun lalu,,False,True,2026-10-08 20:49:46
Telaga Punggur,Pelabuhan punggur,hasan udin,5,setahun lalu,,False,True,2026-10-08 20:49:46
Telaga Punggur,Pelabuhan punggur,irvan ndut,5,setahun lalu,,False,False,2026-10-08 20:49:46
Telaga Punggur,Pelabuhan punggur,Wahyuni,5,setahun lalu,,False,False,2026-10-08 20:49:46
Telaga Punggur,Pelabuhan punggur,Hujaini Soka92,5,setahun lalu,,False,True,2026-10-08 20:49:46
Telaga Punggur,Pelabuhan punggur,Joel Fernando,5,setahun lalu,,False,True,2026-10-08 20:49:46
Telaga Punggur,Pelabuhan punggur,RTS Ridoy,1,setahun lalu,,False,False,2026-10-08 20:49:46
Telaga Punggur,Pelabuhan punggur,Ahuat Ho,5,setahun lalu,,False,False,2026-10-08 20:49:46
Telaga Punggur,Pelabuhan punggur,muhamad lutfi,4,setahun lalu,,False,False,2026-10-08 20:49:46
Telaga Punggur,Pelabuhan punggur,Padlin Sema,5,setahun lalu,,False,False,2026-10-08 20:49:46
Telaga Punggur,Pelabuhan punggur,Husein Saddam,5,setahun lalu,,False,True,2026-10-08 20:49:46
Telaga Punggur,Pelabuhan punggur,Ayden Galatia,5,setahun lalu,,False,False,2026-10-08 20:49:46
Telaga Punggur,Pelabuhan punggur,Bg_Daeng,4,setahun lalu,,False,True,2026-10-08 20:49:46
Telaga Punggur,Pelabuhan punggur,erwan otto,5,setahun lalu,,False,True,2026-10-08 20:49:46
Telaga Punggur,Pelabuhan punggur,Ifen Purek,5,setahun lalu,,False,False,2026-10-08 20:49:46
Telaga Punggur,Pelabuhan punggur,Dadang Maulana,5,setahun lalu,,False,False,2026-10-08 20:49:46
Telaga Punggur,Pelabuhan punggur,Umar Dani,5,setahun lalu,,False,False,2026-10-08 20:49:46
Telaga Punggur,Pelabuhan punggur,Reno Okhtiyanto,5,setahun lalu,,False,True,2026-10-08 20:49:46
Telaga Punggur,Pelabuhan punggur,ken khor,4,setahun lalu,,False,True,2026-10-08 20:49:46
Telaga Punggur,Pelabuhan punggur,septian syah purba,5,2 tahun lalu,,False,False,2026-10-08 20:49:46
Telaga Punggur,Pelabuhan punggur,Almayra Nirwana Rasahan,5,2 tahun lalu,,False,True,2026-10-08 20:49:46
Telaga Punggur,Pelabuhan punggur,Fadli Grs,5,2 tahun lalu,,False,True,2026-10-08 20:49:46
Telaga Punggur,Pelabuhan punggur,wij wijpratam,5,2 tahun lalu,,False,True,2026-10-08 20:49:46
Telaga Punggur,Pelabuhan punggur,Hendri Arzandi,4,2 tahun lalu,,False,False,2026-10-08 20:49:46
Telaga Punggur,Pelabuhan punggur,Yanto Kuok,5,2 tahun lalu,,False,True,2026-10-08 20:49:46
Telaga Punggur,Pelabuhan punggur,Tris Na,5,2 tahun lalu,,False,True,2026-10-08 20:49:46
Telaga Punggur,Pelabuhan punggur,Sams GAMING,2,2 tahun lalu,,False,False,2026-10-08 20:49:46
Telaga Punggur,Pelabuhan punggur,Andri Taufik daulay,5,2 tahun lalu,,False,False,2026-10-08 20:49:46
Telaga Punggur,Pelabuhan punggur,Rafka Gultom,5,2 tahun lalu,,False,False,2026-10-08 20:49:46
Telaga Punggur,Pelabuhan punggur,Putri Widyastuti,4,2 tahun lalu,,False,False,2026-10-08 20:49:46
Telaga Punggur,Pelabuhan punggur,azharul Fadli,3,2 tahun lalu,,False,False,2026-10-08 20:49:46
Telaga Punggur,Pelabuhan punggur,Arief Rachmat Agustian,5,2 tahun lalu,,False,True,2026-10-08 20:49:46
Telaga Punggur,Pelabuhan punggur,Ramasaja Rama,5,2 tahun lalu,,False,False,2026-10-08 20:49:46
Telaga Punggur,Pelabuhan punggur,Fitri Indah Yunita,4,2 tahun lalu,,False,False,2026-10-08 20:49:46
Telaga Punggur,Pelabuhan punggur,Noval Ramadhan,5,2 tahun lalu,,False,False,2026-10-08 20:49:46
Telaga Punggur,Pelabuhan punggur,Ronny Bj,5,2 tahun lalu,,False,True,2026-10-08 20:49:46
Telaga Punggur,Pelabuhan punggur,Iskan Dar,3,2 tahun lalu,,False,False,2026-10-08 20:49:46
Telaga Punggur,Pelabuhan punggur,Auto Print,4,2 tahun lalu,,False,False,2026-10-08 20:49:46
Telaga Punggur,Pelabuhan punggur,Nurliyany Liyan,5,2 tahun lalu,,False,False,2026-10-08 20:49:46
Telaga Punggur,Pelabuhan punggur,Rico Lakadjen,5,2 tahun lalu,,False,True,2026-10-08 20:49:46
Telaga Punggur,Pelabuhan punggur,antonit nit,4,2 tahun lalu,,False,True,2026-10-08 20:49:46
Telaga Punggur,Pelabuhan punggur,Lambok Aritonang,3,2 tahun lalu,,False,True,2026-10-08 20:49:46
Telaga Punggur,Pelabuhan punggur,Karisma candra kusuma,5,2 tahun lalu,,False,False,2026-10-08 20:49:46
Telaga Punggur,Pelabuhan punggur,Nomi Pratama,5,2 tahun lalu,,False,False,2026-10-08 20:49:46
Telaga Punggur,Pelabuhan punggur,Nur Rahmadaniati (Rahma),5,2 tahun lalu,,False,False,2026-10-08 20:49:46
Telaga Punggur,Pelabuhan punggur,Ferdilius Hulu,5,2 tahun lalu,,False,False,2026-10-08 20:49:46
Telaga Punggur,Pelabuhan punggur,Yaakesanakesini.,5,2 tahun lalu,,False,True,2026-10-08 20:49:46
Telaga Punggur,Pelabuhan punggur,Gabriel Chow,5,3 tahun lalu,,False,False,2026-10-08 20:49:46
Nongsapura,Nongsapura Ferry Terminal,Biston Nasution,5,setahun lalu,"Nongsa Terminal adalah pelabuhan yg nyaman dan asri, lingkungannya tenang dan terdapat fasilitas yg baik seperti : cafe, money chager, gallery, shop, counter oleh-oleh, clinic, musolla dll. Tanggapan dari pemilik setahun lalu Terima kasih atas review positifnya. Semoga nyaman menggunakan fasilitas kami.",True,False,2026-10-08 20:49:46
Nongsapura,Nongsapura Ferry Terminal,Tommy,5,5 tahun lalu,"Salah satu pelabuhan Internasional di Pulau Batam yang melayani perjalanan dari dan ke pelabuhan Tanah Merah di Singapura dengan waktu tempuh ±30 menit, pelabuhan Nongsapura adalah pelabuhan yang cukup asri dengan suasana alamnya, kebersihan juga sangat terjaga di pelabuhan ini. Untuk transportasi umum tersedia Taxi tapi untuk transportasi masal agak terbatas karena memang agak jauh dari pusat keramaian. Pelabuhan ini cukup dekat dari Bandara Internasional Hang Nadim dengan waktu tempuh ±10 menit",True,True,2026-10-08 20:49:46
Nongsapura,Nongsapura Ferry Terminal,Tari,5,5 bulan lalu,10 miniutes from Batam Hang Nadim AirPort. 30 minutes ferry from Batam to Tanah Merah Singapore. Than from there only 10-15 minutes to Changi AirPort. Best Ferry Terminal in Batam - Indonesia👍👍👍,False,False,2026-10-08 20:49:46
Nongsapura,Nongsapura Ferry Terminal,Reza Maha,5,9 bulan lalu,"Nongsapura.. Rencana rute baru Nongsapura ke Pasir Gudang, Johor (sedang trial). Semoga terealisasi",True,True,2026-10-08 20:49:46
Nongsapura,Nongsapura Ferry Terminal,tammy,5,7 tahun lalu,Pertama kali nyobain nyebrang dr batam ke singapura lewat nongsa.. dan ternyata lebih cepet dan lebih nyaman krn sepi.. sekapal cuma ber 5 penumpangnya 😀😀😀,True,True,2026-10-08 20:49:46
Nongsapura,Nongsapura Ferry Terminal,Norma faulina,5,Diedit 8 tahun lalu,Pelabuhan ferry rute Batam-Tanah Merah Singapore. Pelabuhan masih asri. Pelayanan staff pelabuhan ramah. Hanya tersedia ferry Batam fast.,True,True,2026-10-08 20:49:46
Nongsapura,Nongsapura Ferry Terminal,Wibi Dotdot,5,setahun lalu,"Tempatnya tenang , nyaman & sejuk...",True,True,2026-10-08 20:49:46
Nongsapura,Nongsapura Ferry Terminal,Nur Afifah,5,Diedit 8 bulan lalu,"Pelabuhan yg dekat dari rumah. Tempatnya bersih, tidak terlalu ramai",False,True,2026-10-08 20:49:46
Nongsapura,Nongsapura Ferry Terminal,Pojok Creepy,5,6 tahun lalu,"Keren, untuk akses dan tempat mudah dijangkau walaupun butuh waktu lebih untuk kelokasi",True,True,2026-10-08 20:49:46
Nongsapura,Nongsapura Ferry Terminal,Dilla Afrida,5,Diedit 4 tahun lalu,Pelabuhan didalam resort dan golf..sangat asri.,True,True,2026-10-08 20:49:46
Nongsapura,Nongsapura Ferry Terminal,Tiaalestarii,5,2 tahun lalu,"Tempat nyaman untuk bersantai sejenak saat lelah diperjalanan. Airnya cantik warna hijau tosca, jembatannya juga cantik , jalanan relatif sepi. Pastikan parkir kendaraan di tepi jalan sebelum jembatan agar tidak mengganggu pengguna jalan yaaa. Jangan lupa untuk membuang sampah pada tempatnya. Jangan fibuang ke laut/jalan. Kalo gada tempat sampah, sampahnya bawa pulang!🙏👍",False,True,2026-10-08 20:49:46
Nongsapura,Nongsapura Ferry Terminal,BUDI PUTRA,5,5 bulan lalu,Tempatnya bersih dan nyaman,False,True,2026-10-08 20:49:46
Nongsapura,Nongsapura Ferry Terminal,Noraini Rj,5,setahun lalu,"Lingkungan Asri, staff yang ramah, ada kantin, money changer, shop, counter oleh-oleh, dekat dengan resort dan lapangan golf. Tanggapan dari pemilik setahun lalu Terima kasih atas review positifnya",False,False,2026-10-08 20:49:46
Nongsapura,Nongsapura Ferry Terminal,Santi Uniba,5,setahun lalu,"Pelabuhan yg aman,nyaman ,asri jauh dari kebisingan kota,cocok untuk berpergian ke Singapore karena tidak terlalu ramai.😁😁 Tanggapan dari pemilik setahun lalu Terima kasih atas review positifnya",False,False,2026-10-08 20:49:46
Nongsapura,Nongsapura Ferry Terminal,Hermawan Lubis,4,9 tahun lalu,"Terminal yg dapat ditempuh dalam waktu 10 menit dari Bandara Hang Nadim AirPort di Batam dan satu-satunya terminal ferry di kawasan wisata eksklusif di Nongsa Batam yang dekat dengan Resort Turi Beach, Nongsa Point Marina, Nongsa Village, Montigo Resort, Batam View Beach Resort dan Tamarin Santana Golf courses, Palm Springs dan Tering Bay.",False,True,2026-10-08 20:49:46
Nongsapura,Nongsapura Ferry Terminal,Azwir Azwir,3,6 tahun lalu,Karena disini layanan imigrasinya cepat karena penumpangnya tak begitu ramai dan kalau kita mau ke airport cangi pasilitas b us nya ada untuk kecangi dari tanah merah Singapore,False,True,2026-10-08 20:49:46
Nongsapura,Nongsapura Ferry Terminal,rafli naldi,5,4 tahun lalu,Sore hari ini disini enak jg buat nenangin pikiran,True,False,2026-10-08 20:49:46
Nongsapura,Nongsapura Ferry Terminal,Bambang Murjito,5,setahun lalu,Pelabuhan yg natural dan konsep yg alami,True,False,2026-10-08 20:49:46
Nongsapura,Nongsapura Ferry Terminal,Te Anunto,5,3 tahun lalu,"Penyebrangan yang memiliki fasilitas cukup lengkap seperti ada kantin, Mosholah dan toko oleh-oleh",False,True,2026-10-08 20:49:46
Nongsapura,Nongsapura Ferry Terminal,mambo 5,5,10 tahun lalu,Dulu disIni tmpat saya bermain dan menikmati tempat peNinggalan para leluhur saya... Sembari berenang di sungai ini... Yg mempunyai nama mau tau kisah nya hub saya asskum trima kasih,False,False,2026-10-08 20:49:46
Nongsapura,Nongsapura Ferry Terminal,Egis Surya Septi,5,setahun lalu,"Sangat terhiburrr, serta seruuu mantep polll",False,False,2026-10-08 20:49:46
Nongsapura,Nongsapura Ferry Terminal,Kiky Rompiz,5,Diedit 7 tahun lalu,Tempatnya udah lumayan standar internasional lah...Pelabuhan Tanah Merah adalah satu pelabuhan yg bisa di lalui melalui Ferry yg ada di pelabuhan Nongsa ini,False,False,2026-10-08 20:49:46
Nongsapura,Nongsapura Ferry Terminal,Gatot Surahman,4,9 tahun lalu,Ferry terminal yg jauh dari pusat keramaian. Biasanya banyak dipakai para ekspatriat jadi relatif lebih sepi dibanding fery terminal .,False,True,2026-10-08 20:49:46
Nongsapura,Nongsapura Ferry Terminal,Gatri Pamuji,5,3 tahun lalu,luarbiasa,True,True,2026-10-08 20:49:46
Nongsapura,Nongsapura Ferry Terminal,alicamakaroni Channel,5,2 tahun lalu,"Asri, bersih,",True,True,2026-10-08 20:49:46
Nongsapura,Nongsapura Ferry Terminal,Paska Rio Siregar,5,7 tahun lalu,"Sangat bersih, udara jauh dari polusi dan punya pemandangan alam yang bagus.",False,True,2026-10-08 20:49:46
Nongsapura,Nongsapura Ferry Terminal,Gozly Sukry,5,3 tahun lalu,Vew nya bagus banget,True,True,2026-10-08 20:49:46
Nongsapura,Nongsapura Ferry Terminal,edward Firmanhasyim,5,4 tahun lalu,Sangat mengagumkan perjalanannya,True,True,2026-10-08 20:49:46
Nongsapura,Nongsapura Ferry Terminal,Cahyani Gita,5,8 bulan lalu,Pelabuhannya bersih dan nyaman,False,False,2026-10-08 20:49:46
Nongsapura,Nongsapura Ferry Terminal,Winta Nostavia,4,8 tahun lalu,"Nyaman dan tidak begitu rame, ada wifi gratis lagi saya suka",False,False,2026-10-08 20:49:46
Nongsapura,Nongsapura Ferry Terminal,Yuven Rinto,5,8 bulan lalu,"Pelabuhan nyaman,bagus,berzih",False,False,2026-10-08 20:49:46
Nongsapura,Nongsapura Ferry Terminal,Afri Yosman,4,5 tahun lalu,Terminal Ferry ini adalah salah satu pintu masuk ke kota Batam yang berada di daerah Nongsa Batam Kepulauan Riau,False,True,2026-10-08 20:49:46
Nongsapura,Nongsapura Ferry Terminal,Heru Setiawan,5,8 tahun lalu,"Terminal ferry ke singapura, keuntungannya dekat dengan resort-resort terkenal di batam tapi jauh dari keramaian batam",False,True,2026-10-08 20:49:46
Nongsapura,Nongsapura Ferry Terminal,Rere Chan,4,5 tahun lalu,Bisa kirim barang dari Spore ke batam.. Tapi Jauhnya minta ampun..🤪,False,True,2026-10-08 20:49:46
Nongsapura,Nongsapura Ferry Terminal,Nara Dewa,5,5 tahun lalu,"good ferry port connecting Nongsa in Batam to Tanah Merah in Changi, Singapore",False,True,2026-10-08 20:49:46
Nongsapura,Nongsapura Ferry Terminal,husriadi adi,5,setahun lalu,GM(pak Gazali) Nongsapura mantap,False,False,2026-10-08 20:49:46
Nongsapura,Nongsapura Ferry Terminal,Soraya Perucha,3,7 tahun lalu,Terlalu jauh dan jalan kedalamanya menyeramkan...gelap dan sepi,False,True,2026-10-08 20:49:46
Nongsapura,Nongsapura Ferry Terminal,M D,4,Diedit setahun lalu,"Cocok bagi yg ingin transit via changi Airport Tanggapan dari pemilik setahun lalu Terima kasih atas review positifnya, semoga Anda selalu nyaman menggunakan fasilitas dan pelayanan kami.",False,False,2026-10-08 20:49:46
Nongsapura,Nongsapura Ferry Terminal,Dodi Rahman,5,6 tahun lalu,Asri dan Nyaman,True,True,2026-10-08 20:49:46
Nongsapura,Nongsapura Ferry Terminal,Abdhakim03,4,3 tahun lalu,Areal nya sangat sejuk karena banyak pepohonan,False,True,2026-10-08 20:49:46
Nongsapura,Nongsapura Ferry Terminal,San,5,7 bulan lalu,Bagus,False,True,2026-10-08 20:49:46
Nongsapura,Nongsapura Ferry Terminal,Hendry Thandriano,5,8 tahun lalu,Suasana Terminal Ferry yg melayani keberangkatan keluar negeri .,False,False,2026-10-08 20:49:46
Nongsapura,Nongsapura Ferry Terminal,Meva Tri Kumala Dewi,4,8 tahun lalu,Tempatnya manis untuk viewnya banyak hijauan adem....,False,True,2026-10-08 20:49:46
Nongsapura,Nongsapura Ferry Terminal,Fatma vhey,3,Diedit 6 tahun lalu,Ferry terminal yang dekat kalo mau ke resort di daerah nongsa,False,True,2026-10-08 20:49:46
Nongsapura,Nongsapura Ferry Terminal,Ruben Rompis,5,6 tahun lalu,Tempatnya terpencil dan gak ada angkutan umum,False,True,2026-10-08 20:49:46
Nongsapura,Nongsapura Ferry Terminal,Mas Wahono,5,5 tahun lalu,"Semoga Corona lekas Bubar, dan Pelabuhan ini lekas lancar",False,True,2026-10-08 20:49:46
Nongsapura,Nongsapura Ferry Terminal,Hita Prasasya,5,2 tahun lalu,"Bagus sepi,, pelayanan lancar",False,False,2026-10-08 20:49:46
Nongsapura,Nongsapura Ferry Terminal,Wahidin Ocil,5,2 tahun lalu,Bersih rapih ada mushola juga,False,True,2026-10-08 20:49:46
Nongsapura,Nongsapura Ferry Terminal,Citra Larasati YaFi,5,6 tahun lalu,"Bersih, dan nyaman. Banyak turis dari korea.",False,True,2026-10-08 20:49:46
Nongsapura,Nongsapura Ferry Terminal,Rick,5,6 tahun lalu,Hassle free immigration. 35 min from Tanah Merah,False,True,2026-10-08 20:49:46
Nongsapura,Nongsapura Ferry Terminal,Rinaldi Sinaga,3,4 tahun lalu,Terminal Ferry Nongsa menuju ke Singapura,False,True,2026-10-08 20:49:46
Nongsapura,Nongsapura Ferry Terminal,Kristian Rambe,3,7 tahun lalu,habis main golf langsung ke Singapore,False,True,2026-10-08 20:49:46
Nongsapura,Nongsapura Ferry Terminal,hasan sitaurus,5,8 tahun lalu,Pelayanan ramah tempat bersih dan nyaman..,False,True,2026-10-08 20:49:46
Nongsapura,Nongsapura Ferry Terminal,Aulia Farabi,4,8 tahun lalu,Sepi. Lokasi tidak sibuk. Fasilitas baik,False,True,2026-10-08 20:49:46
Nongsapura,Nongsapura Ferry Terminal,Roni Pandani,4,3 tahun lalu,Terminal bersih,True,True,2026-10-08 20:49:46
Nongsapura,Nongsapura Ferry Terminal,Ahmad Fauzi,5,8 tahun lalu,Shuttle Bus jemput dan atar tamu,False,True,2026-10-08 20:49:46
Nongsapura,Nongsapura Ferry Terminal,Adam Putu Jose,5,8 tahun lalu,Pelabuhan Terkeren. Batam To Singapore or Singapore To Batam,False,True,2026-10-08 20:49:46
Nongsapura,Nongsapura Ferry Terminal,Hok Eng Tjan,5,4 tahun lalu,Layanan sangat Ok,False,True,2026-10-08 20:49:46
Nongsapura,Nongsapura Ferry Terminal,Taufik Taufik,5,setahun lalu,Bebas parkir,False,False,2026-10-08 20:49:46
Nongsapura,Nongsapura Ferry Terminal,Hilda Mi,5,9 tahun lalu,Alami...Nyaman n tenang,False,False,2026-10-08 20:49:46
Nongsapura,Nongsapura Ferry Terminal,Mas Udri,4,7 tahun lalu,salah satu pelabuhan ferry di batam,False,True,2026-10-08 20:49:46
Nongsapura,Nongsapura Ferry Terminal,Twin H,4,9 tahun lalu,Tanah merah to batam [ nongsa pura ],False,True,2026-10-08 20:49:46
Nongsapura,Nongsapura Ferry Terminal,Bunda Jihan,4,8 tahun lalu,Pernah ikut bazar di tempat ini,False,True,2026-10-08 20:49:46
Nongsapura,Nongsapura Ferry Terminal,Juny Agnes,5,3 tahun lalu,Bersih dan asri...adem...,False,True,2026-10-08 20:49:46
Nongsapura,Nongsapura Ferry Terminal,Sabar Purwanto,5,5 tahun lalu,Bukan main..mantaaap,True,False,2026-10-08 20:49:46
Nongsapura,Nongsapura Ferry Terminal,Yogi Second,5,8 tahun lalu,Bagus tempatnya,False,True,2026-10-08 20:49:46
Nongsapura,Nongsapura Ferry Terminal,antok aremania,4,3 tahun lalu,Untuk santai oke punya,False,True,2026-10-08 20:49:46
Nongsapura,Nongsapura Ferry Terminal,Zulfikar BatamIsland,5,8 tahun lalu,Nyaman damai tenteram..,False,True,2026-10-08 20:49:46
Nongsapura,Nongsapura Ferry Terminal,Nawri Irwan,5,4 tahun lalu,Terbaik,False,True,2026-10-08 20:49:46
Nongsapura,Nongsapura Ferry Terminal,Darno Laksono,4,13 tahun lalu,Disini,False,False,2026-10-08 20:49:46
Nongsapura,Nongsapura Ferry Terminal,RATNA ATHZ,5,6 tahun lalu,Pelabuhan ferry batam singapur...,False,True,2026-10-08 20:49:46
Nongsapura,Nongsapura Ferry Terminal,Tjondro Sutanto,4,9 tahun lalu,Titik transit ke Singapore,False,True,2026-10-08 20:49:46
Nongsapura,Nongsapura Ferry Terminal,Kapten. Amerika,5,8 tahun lalu,Jalur penyebrangan singapore,False,True,2026-10-08 20:49:46
Nongsapura,Nongsapura Ferry Terminal,Jax Xeno,3,6 tahun lalu,Dekat dengan nongsa resort,False,True,2026-10-08 20:49:46
Nongsapura,Nongsapura Ferry Terminal,TAY WAE,5,6 tahun lalu,Bagus tempatnya,False,True,2026-10-08 20:49:46
Nongsapura,Nongsapura Ferry Terminal,mega motovlog,5,4 tahun lalu,Cakep bngtttttttt,False,True,2026-10-08 20:49:46
Nongsapura,Nongsapura Ferry Terminal,Trifaz Chanel,5,7 tahun lalu,pelabuhan nongsapura,True,True,2026-10-08 20:49:46
Nongsapura,Nongsapura Ferry Terminal,Irwan S,5,4 tahun lalu,Indah,False,True,2026-10-08 20:49:46
Nongsapura,Nongsapura Ferry Terminal,XI ANI_23 M FAJAR SANDI,5,3 tahun lalu,Keren,False,False,2026-10-08 20:49:46
Nongsapura,Nongsapura Ferry Terminal,Yusuf Arifin,5,6 tahun lalu,Mantap,False,False,2026-10-08 20:49:46
Nongsapura,Nongsapura Ferry Terminal,Muhammad Arian Fauzie,4,Diedit 8 tahun lalu,Pelabuhan yang bagus.,False,True,2026-10-08 20:49:46
Nongsapura,Nongsapura Ferry Terminal,Ulil Aritonang,5,10 tahun lalu,"klasik,menarik,energik",False,True,2026-10-08 20:49:46
Nongsapura,Nongsapura Ferry Terminal,Agus Rianto,5,8 tahun lalu,Nyaman,False,True,2026-10-08 20:49:46
Nongsapura,Nongsapura Ferry Terminal,dean dean,5,8 tahun lalu,Sibuk,False,True,2026-10-08 20:49:46
Nongsapura,Nongsapura Ferry Terminal,Arep editz,4,9 tahun lalu,kren,False,True,2026-10-08 20:49:46
Nongsapura,Nongsapura Ferry Terminal,Bg dik chanel,5,5 tahun lalu,Mantab👍👍👍,False,True,2026-10-08 20:49:46
Nongsapura,Nongsapura Ferry Terminal,RossyIkhwandS7Naga IkhwanD.S7Naga,5,8 tahun lalu,Menyenangkan,False,False,2026-10-08 20:49:46
Nongsapura,Nongsapura Ferry Terminal,Abin meang,5,6 tahun lalu,Keindahannya,False,False,2026-10-08 20:49:46
Nongsapura,Nongsapura Ferry Terminal,poppy purnama,5,7 tahun lalu,Keren,False,True,2026-10-08 20:49:46
Nongsapura,Nongsapura Ferry Terminal,Yanti tri Shandi,5,sebulan lalu,"🚢 Pelabuhan feri langsung ke Singapura (Tanah Merah), hanya 45 menit — paling dekat untuk wisatawan dari SG 🏖️ Pantai Nongsa yang tenang & alami — dijuluki ""Little Bali"", pemandangan laut lepas & sunset cantik 🏨 Kawasan resort mewah & villa eksklusif — Montigo, Turi Beach, Batam View, semuanya dekat pelabuhan ⛳ Golf kelas dunia — 3 lapangan besar di sekitar: Palm Springs, Tering Bay, Tamarin Santana 🌅 Suasana damai & tidak ramai — jauh dari hiruk-pikuk kota, cocok buat healing & liburan keluarga 📍 Lokasi strategis — 15 menit dari Bandara Hang Nadim, akses mudah ke semua resor di Nongsa",True,True,2026-10-08 20:49:46
Nongsapura,Nongsapura Ferry Terminal,putra Al qarni muharam,5,sebulan lalu,"Bagus banget, recommended pokoknya",False,True,2026-10-08 20:49:46
Nongsapura,Nongsapura Ferry Terminal,Muhammad Akbar,5,9 tahun lalu,Keren,False,True,2026-10-08 20:49:46
Nongsapura,Nongsapura Ferry Terminal,JLC J,5,4 bulan lalu,"Saya ingin menyampaikan apresiasi tulus saya kepada Eddie dan seluruh tim keamanan atas kejujuran, tanggung jawab, dan kebaikan mereka dalam membantu menemukan kartu saya yang hilang. Alih-alih salah menaruhnya, menggunakannya, atau membuangnya, tim dengan hati-hati menyimpannya di pos penjagaan sampai saya berhasil mengambilnya. Integritas dan kepercayaan seperti itu sungguh langka dan sangat dihargai. Saya merasa sangat bersyukur dan diberkati mengenal orang-orang yang begitu bijaksana, bertanggung jawab, dan dapat diandalkan. Terima kasih khusus kepada Eddie, yang telah saya kenal paling lama selama bertahun-tahun, karena selalu tulus, membantu, dan dapat diandalkan. Sekali lagi terima kasih kepada Eddie dan seluruh tim keamanan atas profesionalisme dan kejujuran Anda. Tindakan Anda benar-benar mencerminkan karakter dan dedikasi yang hebat. Tuhan memberkati! ✨️🤍✨️ Diterjemahkan oleh Google ・ Lihat versi asli (Inggris)",False,True,2026-10-08 20:49:46
Nongsapura,Nongsapura Ferry Terminal,Alvin Lim,4,setahun lalu,"Terminal Feri Nongsapura di Batam, Indonesia, adalah gerbang yang terorganisir dengan baik dan efisien bagi para pelancong yang menuju Singapura atau pulau-pulau terdekat . Terminal ini relatif bersih, dengan fasilitas dasar seperti area tunggu, kios makanan ringan, dan toilet, meskipun akan lebih baik jika tersedia lebih banyak tempat duduk dan perawatan yang lebih baik. Proses imigrasi dan boarding umumnya lancar, tetapi pada jam sibuk antrean bisa lebih panjang. Lokasi terminal menawarkan pemandangan tepi laut yang indah, menambah sentuhan menyenangkan pada pengalaman menunggu. Meskipun tidak semodern beberapa pusat feri internasional, Nongsapura berfungsi secara efektif untuk perjalanan jarak pendek. Perbaikan pada papan petunjuk dan layanan pelanggan dapat meningkatkan pengalaman secara keseluruhan. Diterjemahkan oleh Google ・ Lihat versi asli (Inggris)",True,True,2026-10-08 20:49:46
Nongsapura,Nongsapura Ferry Terminal,Eileen Teo (ET Speaks From Home),3,setahun lalu,"Sangat panas di sana karena tidak semua kipas angin menyala. Ada banyak toko yang menjual oleh-oleh sebelum pergi. Tidak dapat terhubung ke WiFi mereka. Stafnya ramah. Diterjemahkan oleh Google ・ Lihat versi asli (Inggris) Tanggapan dari pemilik setahun lalu Terima kasih atas masukan Anda! Kami dengan tulus meminta maaf atas ketidaknyamanan yang disebabkan oleh masalah suhu dan Wi-Fi selama kunjungan Anda. Yakinlah, kami sedang berupaya memastikan semua kipas angin berfungsi untuk lingkungan Diterjemahkan oleh Google ・ Lihat versi asli (Inggris)",True,True,2026-10-08 20:49:46
Nongsapura,Nongsapura Ferry Terminal,Hiroshi Muhhammad Hiroshi Omar Malik,5,5 bulan lalu,"Terminal Feri Internasional Terbaik di Batam. Cara terbaik untuk pergi ke Batam dari Singapura. Pelayanan cepat dan prima. Stafnya juga sangat sopan dan membantu. Di sekitarnya terdapat banyak resor, hotel, dan lapangan golf. Diterjemahkan oleh Google ・ Lihat versi asli (Inggris)",False,False,2026-10-08 20:49:46
Nongsapura,Nongsapura Ferry Terminal,L S,5,4 tahun lalu,"Pelayanannya sangat baik dan para petugas serta pengemudi yang ditugaskan di feri sangat sopan dan membuat Anda merasa sangat aman bahkan bagi seorang wanita yang bepergian sendirian. Terdapat gerai diskon Polo Ralph dan kafe 7 hari seminggu (sampai jam 6 sore) dengan berbagai macam makanan, kopi, dan minuman favorit Indonesia. Feri favorit saya di Batam. Diterjemahkan oleh Google ・ Lihat versi asli (Inggris)",True,True,2026-10-08 20:49:46
Nongsapura,Nongsapura Ferry Terminal,SC Oei,5,2 tahun lalu,Terminal feri yang santai melayani daerah tersebut. Terminal terletak di sungai yang tenang. Tidak ramai. Staf ramah. Sebaiknya datang lebih awal untuk bersantai sejenak di kafe sebelum keberangkatan. Diterjemahkan oleh Google ・ Lihat versi asli (Inggris),True,True,2026-10-08 20:49:46
Nongsapura,Nongsapura Ferry Terminal,shruthi kishore,3,8 tahun lalu,"Terminalnya tidak bersih dan sangat kecil. Jika feri berangkat larut malam, banyak nyamuk. Tapi mereka punya area tunggu. Petugas imigrasi ramah. Mereka bisa meningkatkan perawatan. Terminalnya terlihat sangat tua. Tapi semua resor memiliki layanan antar-jemput dari terminal Nongsapura. Mereka mengenakan biaya 10.000 IDR untuk setiap bagasi yang dititipkan. Mereka tidak menyediakan layanan check-in gratis untuk penumpang. Diterjemahkan oleh Google ・ Lihat versi asli (Inggris)",True,True,2026-10-08 20:49:46
Nongsapura,Nongsapura Ferry Terminal,eVa,3,4 tahun lalu,Batamfast adalah satu-satunya penyedia feri di sini. Anda hanya bisa meninggalkan terminal melalui layanan antar-jemput yang disediakan oleh resor. Tidak ada Grab atau mobil lain di sini. Ini adalah tempat terpencil. Diterjemahkan oleh Google ・ Lihat versi asli (Inggris),True,True,2026-10-08 20:49:46
Nongsapura,Nongsapura Ferry Terminal,cherli,4,4 bulan lalu,"Sangat jauh dari pusat kota, tetapi secara keseluruhan oke. Ada dua gerai kuih lapis di sini - Lamoist dan Lapisa. Diterjemahkan oleh Google ・ Lihat versi asli (Inggris)",False,True,2026-10-08 20:49:46
Nongsapura,Nongsapura Ferry Terminal,Pco Big,5,2 tahun lalu,"Petugas loket Batam Fast ramah dan memberikan instruksi yang jelas mengenai waktu keberangkatan. Kami makan di kafetaria Nongsa, makanannya sangat enak dan orang-orang di sini ramah. Diterjemahkan oleh Google ・ Lihat versi asli (Inggris)",True,False,2026-10-08 20:49:46
Nongsapura,Nongsapura Ferry Terminal,Noorlina Senin,5,3 tahun lalu,"Terminal sederhana dengan kafe dan toko untuk camilan, lapis lazuli, dan suvenir. Lebih baik daripada Batam Center.. cocok jika Anda menginap di daerah sekitar sini.. Proses imigrasi cepat karena jumlah feri di sini sedikit... Diterjemahkan oleh Google ・ Lihat versi asli (Inggris)",True,True,2026-10-08 20:49:46
Nongsapura,Nongsapura Ferry Terminal,Li-Jen Hou,4,8 tahun lalu,Arsitektur di sana memiliki suasana eksotis dengan atap bergaya tradisional Indonesia. Diterjemahkan oleh Google ・ Lihat versi asli (Inggris),True,True,2026-10-08 20:49:46
Nongsapura,Nongsapura Ferry Terminal,Leticia Malphettes,1,Diedit 9 bulan lalu,"Petugas imigrasi yang berwibawa, dengan sikap yang kurang baik. Dia berbicara dalam bahasa Inggris hampir sepanjang waktu, sementara saya berbicara dalam bahasa Indonesia untuk menjelaskan pertanyaan saya. Kemudian ketika saya memintanya untuk berbicara dalam bahasa Indonesia, sikapnya semakin memburuk karena dia ingin menunjukkan bahwa dialah yang berkuasa. Pelayanan pelanggannya sangat minim karena dia menuduh saya mempertanyakan kebijakannya padahal saya mencoba menunjukkan kepadanya bahwa anak-anak saya (pemegang PR Singapura dengan surat Izin Masuk Kembali tetapi belum memiliki kartu PR Biru karena usia mereka) tidak perlu membayar VOA. TIDAK PROFESIONAL DAN TIDAK BERPENGETAHUAN. Dia berkata kepada saya dalam bahasa Indonesia....Ibu jangan ngegass dong! (Artinya...Bu, jangan berteriak-teriak dan bersikap kurang ajar...apakah itu pantas untuk seorang petugas??!!! Saya rasa tidak!!!) Dia meninggalkan kesan buruk pada saya hanya pada hari pertama kami tiba di Batam. Berhati-hatilah jika Anda adalah PR Singapura dengan anak di bawah umur, tegakkan pendirian Anda dan jangan biarkan mereka menindas Anda. Diterjemahkan oleh Google ・ Lihat versi asli (Inggris)",False,True,2026-10-08 20:49:46
Nongsapura,Nongsapura Ferry Terminal,Peter C Byron (Hitchhiker007),4,setahun lalu,Terminal terpencil dengan layanan pijat VIP yang luar biasa. Diterjemahkan oleh Google ・ Lihat versi asli (Inggris),True,True,2026-10-08 20:49:46
Nongsapura,Nongsapura Ferry Terminal,Eugene Goh Mugen,2,3 tahun lalu,Ventilasi buruk dengan antrean yang sangat panjang. Tampaknya juga ada praktik suap untuk bisa mendahului antrean. Tidak profesional dan mengerikan. Diterjemahkan oleh Google ・ Lihat versi asli (Inggris),True,True,2026-10-08 20:49:46
Nongsapura,Nongsapura Ferry Terminal,Tan Wen Hao,4,2 tahun lalu,"Terminal feri yang sangat kecil, dan titik keberangkatan feri yang nyaman dari terminal feri Tanah Merah. Staf feri sangat membantu, menyediakan payung dan dukungan jika diperlukan. Proses imigrasi juga sangat cepat karena jumlah pengunjung yang sedikit. Terdapat kafe kecil, toko suvenir, dan kios yang menjual kartu SIM di sana. Biasanya juga akan ada sopir dari resor terdekat yang dapat mengantar Anda ke resor tersebut. Diterjemahkan oleh Google ・ Lihat versi asli (Inggris) Tanggapan dari pemilik setahun lalu Terima kasih atas ulasan yang baik, jangan lewatkan untuk mengunjungi gerai baru kami di ruang keberangkatan sebelum meninggalkan terminal feri. Diterjemahkan oleh Google ・ Lihat versi asli (Inggris)",False,True,2026-10-08 20:49:46
Nongsapura,Nongsapura Ferry Terminal,Hwang DongJin,3,setahun lalu,"Terminal feri kecil. Mereka resmi mengenakan biaya 1 dolar Singapura per bagasi, baik saat kedatangan maupun keberangkatan. Tersedia layanan antar-jemput gratis ke resor-resor terdekat. Banyak nyamuk. Diterjemahkan oleh Google ・ Lihat versi asli (Korea)",False,True,2026-10-08 20:49:46
Nongsapura,Nongsapura Ferry Terminal,Andre Cheah,3,Diedit 6 tahun lalu,"Sepertinya sedikit lebih baik daripada kunjungan saya sebelumnya. Toiletnya lebih bersih dari yang saya ingat dan tampaknya lebih ramai. Ada juga lebih banyak kios dan saya membeli beberapa barang untuk dibawa kembali dengan feri. Namun, kipas angin/ventilasi di beberapa area kurang memadai, terutama jika tidak ada angin. Proses check-in mudah dan menyenangkan, dan staf sesekali tersenyum. Ingat biaya 10.000 IDR untuk check-in bagasi per barang pulang pergi. Jika Anda membawa anak-anak/membutuhkan akses bagi penyandang disabilitas, pastikan untuk meminta staf agar Anda dapat bergabung dengan jalur prioritas. Anda perlu berinisiatif sendiri. Selain itu, saya tidak melihat orang-orang berkeliaran di sini. Maksud saya, ini terminal! Diterjemahkan oleh Google ・ Lihat versi asli (Inggris)",False,True,2026-10-08 20:49:46
Nongsapura,Nongsapura Ferry Terminal,BunjyGuM_Boy,4,2 tahun lalu,"Kestabilan dermaga sangat diapresiasi. Namun, jalan setapak berbatu tidak ramah untuk koper/troli. Dari terminal Nongsapura, jika Anda ingin menitipkan bagasi, Anda perlu membayar biaya dalam IDR. Mereka TIDAK menerima SGD atau USD, bahkan di toko suvenir. Harap perhatikan hal ini. Tidak satu pun dari kami perlu menitipkan bagasi karena di dermaga, orang-orang akan tetap membantu Anda. Diterjemahkan oleh Google ・ Lihat versi asli (Inggris) Tanggapan dari pemilik setahun lalu Terima kasih atas ulasannya, kami terus berupaya meningkatkan fasilitas dan layanan demi kenyamanan Anda. Kami menantikan kunjungan Anda berikutnya. Diterjemahkan oleh Google ・ Lihat versi asli (Inggris)",False,True,2026-10-08 20:49:46
Nongsapura,Nongsapura Ferry Terminal,Radim Dodek,1,setahun lalu,"Pengalaman yang benar-benar mengerikan. Kami mengalami penundaan lebih dari 1 jam, tidak ada yang menjelaskan apa pun. Kemudian datang lebih dari 20 orang tambahan efektivitas proses onboarding, meskipun melibatkan beberapa anggota staf, sangat mengecewakan rasio nilai uang sangat buruk. Diterjemahkan oleh Google ・ Lihat versi asli (Inggris) Tanggapan dari pemilik setahun lalu Kami sangat menyesal atas kondisi yang tidak menyenangkan ini, saat ini operator feri kami memiliki jadwal tambahan baru dan kami telah bekerja sama dengan mereka untuk membuat proses keberangkatan dan kedatangan berjalan lancar. Semoga situasi ini segera teratasi. Diterjemahkan oleh Google ・ Lihat versi asli (Inggris)",False,False,2026-10-08 20:49:46
Nongsapura,Nongsapura Ferry Terminal,Roger Stadler,1,setahun lalu,"Imigrasi di Terminal Feri Nongsa, selain kasar, juga tidak fleksibel. Aturan baru bagi pemegang PR (Permanent Resident) untuk tinggal 4 hari di Batam sebenarnya hanya berlaku 3 hari. Kami berangkat kurang dari 96 jam, tetapi kemudian diberitahu bahwa kami seharusnya berangkat setelah 3 hari, karena setengah hari dihitung, bukan 4 x 48 jam. Jadi, para pemegang PR, waspadalah terhadap trik baru bea cukai Batam ini untuk mendapatkan uang tambahan, lebih dari visa 30 hari. Diterjemahkan oleh Google ・ Lihat versi asli (Inggris) 1 Tanggapan dari pemilik Diedit setahun lalu Kami sangat menyesal mendengar hal itu, peraturan tersebut berasal dari otoritas imigrasi, bukan dari terminal feri kami. Ulasan ini seharusnya ditujukan kepada otoritas imigrasi. Semoga akan ada perbaikan yang lebih baik untuk perjalanan Anda berikutnya dan terima kasih telah mengunjungi terminal feri kami. Diterjemahkan oleh Google ・ Lihat versi asli (Inggris)",False,True,2026-10-08 20:49:46
Nongsapura,Nongsapura Ferry Terminal,Fiizaa Hashim,5,3 tahun lalu,Pertama kali pergi ke Batan lewat Nongsapura. Lancar dan tidak ramai. Diterjemahkan oleh Google ・ Lihat versi asli (Inggris),True,True,2026-10-08 20:49:46
Nongsapura,Nongsapura Ferry Terminal,Michael Luk,5,setahun lalu,"Terminalnya terlihat seperti taman yang indah, begitu Anda keluar dari feri, Anda akan disambut oleh taman tropis yang cantik dan sangat nyaman. Kami datang bersama rombongan, jadi proses masuk dan keluar sangat mudah. Diterjemahkan oleh Google ・ Lihat versi asli (Inggris)",False,True,2026-10-08 20:49:46
Nongsapura,Nongsapura Ferry Terminal,Neoseanner (Steven Sean),3,3 tahun lalu,"Tempatnya benar-benar sepi, toko kemungkinan besar tutup dan tidak ada orang yang datang atau lewat, mungkin agak ramai saat kedatangan feri, tapi saya tidak tahu. Kafetaria juga hampir kosong, restoran juga hampir kosong. Tempatnya cukup bersih dan terawat, jadi tidak terbengkalai atau rusak. Diterjemahkan oleh Google ・ Lihat versi asli (Inggris)",False,True,2026-10-08 20:49:46
Nongsapura,Nongsapura Ferry Terminal,Seto Danu,4,4 tahun lalu,"Ini adalah salah satu terminal feri yang unik karena lokasinya berada di sudut pulau tempat banyak resor dan hotel berada. Mungkin cocok bagi mereka yang ingin langsung menuju area relaksasi tanpa harus melewati hiruk pikuk kota; seperti teluk pelabuhan dan Sekupang. Kelebihannya, lingkungan sekitar terminal ini hijau. Pepohonan ada di mana-mana sehingga Anda akan disambut dengan baik sebelum berlabuh. Ada Nuvasa Bay, dan Infinite Studio yang terkenal dengan karya digital dan animasinya. Ingatlah, transportasi umum sangat jarang di sini. Jadi, atur transportasi Anda sendiri atau gunakan layanan online. Bagaimanapun, nikmati kunjungan Anda melalui terminal ini setelah pandemi Corona berakhir. Diterjemahkan oleh Google ・ Lihat versi asli (Inggris)",False,True,2026-10-08 20:49:46
Nongsapura,Nongsapura Ferry Terminal,Andy traveling the world,4,3 tahun lalu,Dermaga kecil itu hanya memiliki sedikit toko. Diterjemahkan oleh Google ・ Lihat versi asli (Tionghoa),True,True,2026-10-08 20:49:46
Nongsapura,Nongsapura Ferry Terminal,S F Seiei,4,4 tahun lalu,"Saya merasa nostalgia setiap kali datang ke sini. Saya suka suasananya, ya, bangunannya sudah tua dan mungkin perlu pengecatan ulang di beberapa area, ada masjid kecil di dekatnya dan sebuah kelong (restoran makanan laut) di area yang sama. Terminal feri ini memanfaatkan bangunan semaksimal mungkin agar cahaya alami masuk ke dalam, tetapi menurut saya terkadang kurang karena tidak didukung dengan ubin berwarna terang dan membuat tempat itu terlihat angker dari luar (memang ada beberapa aktivitas orang di dalam) lol. Harga minuman cukup mahal sekitar 2 SGD/gelas sedang. Trivia: Ditandatangani oleh Presiden Indonesia ke-2 pada tahun 1995, 11 Desember. Diterjemahkan oleh Google ・ Lihat versi asli (Inggris)",False,True,2026-10-08 20:49:46
Nongsapura,Nongsapura Ferry Terminal,Walter van der Boor,4,8 tahun lalu,"Terminal feri secara umum cukup tenang. Sayangnya, jadwal feri pagi agak aneh, pukul 6 pagi atau 9 pagi, tidak ada di antara waktu tersebut. Dan pukul adalah feri terakhir kembali ke Singapura. Staf ramah, toilet layak, dan kopi yang enak. Lebih baik dari yang Anda duga mengingat lokasinya yang terpencil. Diterjemahkan oleh Google ・ Lihat versi asli (Inggris)",False,True,2026-10-08 20:49:46
Nongsapura,Nongsapura Ferry Terminal,Kong Wy,3,8 tahun lalu,"Ini adalah terminal yang lebih kecil yang sebagian besar melayani wisatawan resor dan pengunjung lapangan golf. Area tunggu sebelum naik feri cenderung ramai. Tidak ada manajemen antrian saat naik feri sehingga terlihat berantakan. Tampaknya ada juga penumpang transit feri. Ini adalah terminal yang paling nyaman untuk resor, hanya beberapa menit perjalanan. Diterjemahkan oleh Google ・ Lihat versi asli (Inggris)",False,True,2026-10-08 20:49:46
Nongsapura,Nongsapura Ferry Terminal,Kenrick Lam,4,7 tahun lalu,"Ini adalah terminal sederhana. Kebanyakan orang datang ke sini untuk transit atau ke salah satu resor pantai di area teluk. Terminal ini tidak memiliki banyak fasilitas, jadi Anda disarankan untuk tidak datang terlalu pagi, jika tidak Anda akan bosan menunggu feri. Kemungkinan tidak ada antrian di loket imigrasi. Diterjemahkan oleh Google ・ Lihat versi asli (Inggris)",False,False,2026-10-08 20:49:46
Nongsapura,Nongsapura Ferry Terminal,Nikita Kale,3,7 tahun lalu,"Terminal Nongsapura terletak di Batam. Lokasinya cukup dalam. Feri dari Singapura tiba di sini. Feri juga berangkat ke Singapura. Terminal ini sangat kecil dan tidak ber-AC. Hanya ada dua loket imigrasi di sini. Di terminal terdapat beberapa toko. Jika Anda sudah melakukan pemesanan resor, Anda akan menemukan petugas resor untuk transfer bus di area tunggu. Diterjemahkan oleh Google ・ Lihat versi asli (Inggris)",False,True,2026-10-08 20:49:46
Nongsapura,Nongsapura Ferry Terminal,YY,4,7 tahun lalu,"Terminal feri sederhana dengan toko serba ada yang menjual barang-barang kebutuhan sehari-hari, DFS, dan bahkan toko ritel Ralph Lauren. Perlu diperhatikan bahwa karena tidak ada area tunggu setelah melewati bea cukai, Anda akan menunggu di area umum sampai feri siap. Dan ini agak rumit karena TV yang seharusnya menampilkan jadwal feri tidak diperbarui. Oleh karena itu, Anda harus mengandalkan diri sendiri dan menunggu petugas yang berwenang memanggil untuk naik feri. Diterjemahkan oleh Google ・ Lihat versi asli (Inggris)",False,True,2026-10-08 20:49:46
Nongsapura,Nongsapura Ferry Terminal,Tony Rinaldi,4,4 tahun lalu,"Satu-satunya terminal feri di wilayah Nongsa. Terminal ini adalah terminal terdekat ke sisi Singapura. Perjalanan memakan waktu 45 menit. Fasilitas di dalam terminal lengkap. Pelayanan dari staf dan petugas pemerintah seperti Bea Cukai, Imigrasi, dll. sangat profesional. Diterjemahkan oleh Google ・ Lihat versi asli (Inggris)",False,True,2026-10-08 20:49:46
Nongsapura,Nongsapura Ferry Terminal,Hong Gyu Park,4,3 tahun lalu,"Ini adalah salah satu terminal di Batam. Perjalanan dengan kapal dari Pelabuhan Feri Tanamera Singapura memakan waktu sekitar 30 menit. Sekarang setelah pandemi COVID-19 berakhir, banyak orang dari Singapura yang berkunjung. Diterjemahkan oleh Google ・ Lihat versi asli (Korea)",False,True,2026-10-08 20:49:46
Nongsapura,Nongsapura Ferry Terminal,Li Ciieen,5,8 tahun lalu,"Terminalnya tidak terlalu ramai, dekat dengan bandara Hang Nadim. Karyawannya ramah. Ada beberapa toko seperti penukaran uang, butik anggur, minimarket. Bir, anggur, dan wiski lebih murah di butik anggur daripada di resor. Diterjemahkan oleh Google ・ Lihat versi asli (Inggris)",False,False,2026-10-08 20:49:46
Nongsapura,Nongsapura Ferry Terminal,Jeff Choi,5,7 tahun lalu,"Ini adalah terminal penumpang untuk Singapura. Sebagian besar pelancong bermain golf, dan sekitar 50% dari mereka menuju Singapura. Ada restoran Korea, Amazon, di sini, yang sangat saya rekomendasikan. Di antara hidangannya, saya sangat merekomendasikan sup ikan pedas. Ada juga tempat pijat di mana Anda bisa mendapatkan pijat minyak seluruh tubuh seharga $22 per jam. Tempatnya bersih dan sehat. Diterjemahkan oleh Google ・ Lihat versi asli (Korea)",False,True,2026-10-08 20:49:46
Nongsapura,Nongsapura Ferry Terminal,Yeh Allen,3,10 tahun lalu,"Ini adalah stasiun transit feri. Jika Anda ingin melakukan liveaboard diving di Singapura, Anda perlu naik feri ke sini terlebih dahulu untuk check-in. Kemudian perusahaan kapal akan mengantar Anda ke kapal mereka untuk wisata tersebut. Ada banyak monyet di sini untuk menyambut Anda. Diterjemahkan oleh Google ・ Lihat versi asli (Tionghoa)",False,True,2026-10-08 20:49:46
Nongsapura,Nongsapura Ferry Terminal,콩란,3,10 tahun lalu,"Seharusnya Anda bisa naik ke kapal begitu tiket dipindai oleh mesin, tetapi tiketnya tidak dikenali dengan benar... dan karena tidak ada orang di sekitar untuk membimbing saya, saya berjuang sendiri. Anda harus mencari barang-barang Anda sendiri dan turun dari kapal sendiri. Diterjemahkan oleh Google ・ Lihat versi asli (Korea)",False,True,2026-10-08 20:49:46
Nongsapura,Nongsapura Ferry Terminal,Veeraps,4,8 tahun lalu,"Salah satu terminal feri yang bersih di Batam - tidak terlalu ramai, karena penumpang ke Nongsapura hanya datang dan berangkat - karena jumlah penumpang sedikit, mungkin kios-kiosnya juga kecil dan jumlahnya tidak banyak - ada penukaran uang - toko pijat WellAsih - menurut saya tidak ada yang istimewa. Diterjemahkan oleh Google ・ Lihat versi asli (Inggris)",False,True,2026-10-08 20:49:46
Nongsapura,Nongsapura Ferry Terminal,Ruzana Rahim,5,7 tahun lalu,"Pertama kali turun di Kepulauan Riau menggunakan feri di terminal Nongsapura -- biasanya saya datang melalui Batam Centre. Terminal ini baru saja direnovasi dan terlihat sangat bagus dengan interior dan eksterior kayu. Terasa seperti resor. Dari segi imigrasi, semuanya berjalan lancar termasuk pemindai pemeriksaan tas. Ada penukaran uang dan beberapa toko bebas bea di sana. TIPS: Jika Anda mencari mi instan Indomie Premium Rasa Telur Asin, Anda dapat menemukannya di sini dengan harga Rp 10.000 per bungkus. (di toko Montigo Resorts harganya Rp 25.000) Diterjemahkan oleh Google ・ Lihat versi asli (Inggris)",False,True,2026-10-08 20:49:46
Nongsapura,Nongsapura Ferry Terminal,Wei Yang Moo,4,7 tahun lalu,"Rp10.000 untuk bagasi terdaftar (koper besar) Pembelian kue lapis menit terakhir, toko Polo Ralph Lauren yang mencurigakan, minimarket, toko suvenir. Tips: PEROKOK DAN PECANDU ALKOHOL: jangan buang sisa rokok Anda, ada ""Taman Bir dan Tempat Merokok"" setelah Anda memasuki imigrasi keberangkatan, ada stasiun kecil yang menjual bir seharga Rp16.000 per kaleng dan Anda dapat menikmati merokok dan minum di taman sambil menunggu waktu naik feri! Diterjemahkan oleh Google ・ Lihat versi asli (Inggris)",False,True,2026-10-08 20:49:46
Nongsapura,Nongsapura Ferry Terminal,eric MCsim,3,8 tahun lalu,"Tiba dengan feri pukul 07.45 dari Terminal Feri Tanah Merah Singapura. Ada perbedaan waktu satu jam dari Singapura. Ini menjadi penting jika Anda mengatur pertemuan atau janji temu dengan orang lain atau akan naik feri kembali ke Singapura. Ada kafe yang menyajikan makanan ringan dan minuman dengan tempat duduk (di bawah kipas angin, bukan AC). Ini akan membantu Anda menunggu. Antrean untuk melewati bea cukai dimulai sekitar 30 menit sebelum waktu keberangkatan Anda. Awalnya mungkin tampak antrean tidak bergerak, tetapi bersabarlah. Mereka sudah sering melakukan ini sehingga sudah terbiasa. Diterjemahkan oleh Google ・ Lihat versi asli (Inggris)",False,True,2026-10-08 20:49:46
Nongsapura,Nongsapura Ferry Terminal,Roshni Biswas,5,7 tahun lalu,"Gerbang menuju semua resor Nongsa di Batam, terminal feri yang bersih dan terawat. Proses imigrasinya sangat cepat! Ada beberapa toko juga. Diterjemahkan oleh Google ・ Lihat versi asli (Inggris)",False,True,2026-10-08 20:49:46
Nongsapura,Nongsapura Ferry Terminal,ELIZABETH T,5,8 tahun lalu,Terminalnya sangat kecil. Bisa sangat ramai selama jam-jam sibuk feri. Tidak banyak pilihan makanan di sana. Lebih baik makan sebelum berangkat. Diterjemahkan oleh Google ・ Lihat versi asli (Inggris),False,True,2026-10-08 20:49:46
Nongsapura,Nongsapura Ferry Terminal,하재영,4,9 tahun lalu,"Setelah menyelesaikan prosedur keberangkatan di Terminal Feri Tanamara dekat Bandara Singapura, naik kapal feri yang memakan waktu sekitar 40 menit menuju Kantor Imigrasi Terminal Feri Nongsa di Pulau Batam, Indonesia. Prosedur masuk dan keluar diselesaikan dengan ramah dan sederhana! Diterjemahkan oleh Google ・ Lihat versi asli (Korea)",False,True,2026-10-08 20:49:46
Nongsapura,Nongsapura Ferry Terminal,Guang,3,6 tahun lalu,"Terminal feri standar. Tidak ada yang istimewa di sini. Minuman di kedai mama harganya wajar (25.000 untuk 1,5 liter 100plus). Pelayanannya bagus. Diterjemahkan oleh Google ・ Lihat versi asli (Inggris)",False,True,2026-10-08 20:49:46
Nongsapura,Nongsapura Ferry Terminal,Christian Beermann,4,6 tahun lalu,"Ya, ini adalah terminal feri. Cukup kecil sehingga mudah untuk naik feri tepat waktu. Jika Anda datang ke pulau ini dan menginap di resor, ini mungkin kesempatan terakhir Anda untuk mendapatkan uang tunai jika Anda membutuhkannya. Diterjemahkan oleh Google ・ Lihat versi asli (Inggris)",False,True,2026-10-08 20:49:46
Nongsapura,Nongsapura Ferry Terminal,Kenny Wong,4,7 tahun lalu,"Pelabuhan yang lebih kecil dan tidak terlalu ramai dibandingkan dengan pelabuhan utama. Tidak banyak yang bisa dilihat, tetapi singgahlah di sini jika Anda menuju Montigo, karena lebih dekat dan lebih praktis. Diterjemahkan oleh Google ・ Lihat versi asli (Inggris)",False,True,2026-10-08 20:49:46
Nongsapura,Nongsapura Ferry Terminal,IZ The One,4,Diedit 8 tahun lalu,Sekarang sudah ada beberapa toko yang buka untuk Anda membeli suvenir dan makanan untuk dibawa pulang. Belanja di menit-menit terakhir. Ini adalah terminal feri kecil tetapi cukup efisien. Diterjemahkan oleh Google ・ Lihat versi asli (Inggris),False,True,2026-10-08 20:49:46
Nongsapura,Nongsapura Ferry Terminal,Jenny,4,3 tahun lalu,"Tempatnya sangat kecil, hanya ada satu toko tempat Anda bisa beristirahat, dan banyak sekali lalat besar! Diterjemahkan oleh Google ・ Lihat versi asli (Tionghoa)",False,True,2026-10-08 20:49:46
Nongsapura,Nongsapura Ferry Terminal,Tan Kwang Hooi,4,7 tahun lalu,"Terminal feri yang cukup kecil dari Nongsa, Batam ke Tanah Merah, Singapura. Rute yang bagus untuk digunakan jika Anda terburu-buru ke Bandara Changi dan ingin menghindari kemacetan dari Harborfront ke Bandara Changi. Diterjemahkan oleh Google ・ Lihat versi asli (Inggris)",False,True,2026-10-08 20:49:46
Nongsapura,Nongsapura Ferry Terminal,Minoru Yoshida,5,9 tahun lalu,Rute ini adalah cara termudah untuk melakukan perjalanan dari Pulau Batam ke Singapura. Hampir tidak ada waktu tunggu di imigrasi di Singapura. Diterjemahkan oleh Google ・ Lihat versi asli (Jepang),False,True,2026-10-08 20:49:46
Nongsapura,Nongsapura Ferry Terminal,Sheng,4,7 tahun lalu,Cukup memadai. Petugasnya cukup ramah untuk menyalakan kipas angin bagi penumpang yang mengantre untuk melewati imigrasi. Jempol. Diterjemahkan oleh Google ・ Lihat versi asli (Inggris),False,True,2026-10-08 20:49:46
Nongsapura,Nongsapura Ferry Terminal,Denny S,4,7 tahun lalu,Terminal kecil namun dengan lingkungan hijau alami. Diterjemahkan oleh Google ・ Lihat versi asli (Inggris),True,True,2026-10-08 20:49:46
Nongsapura,Nongsapura Ferry Terminal,kenshinjeff 躍洋,3,9 tahun lalu,"Tempat ini adalah terminal feri biasa, tidak ada yang istimewa atau buruk tentangnya. Ada toko yang menjual suvenir/makanan ringan/air minum jika Anda lupa membelinya di tempat keberangkatan. Toko itu juga berfungsi sebagai kafe kecil. Diterjemahkan oleh Google ・ Lihat versi asli (Inggris)",False,True,2026-10-08 20:49:46
Nongsapura,Nongsapura Ferry Terminal,Srinivas Jhawar,4,9 tahun lalu,Titik untuk berganti dari feri ke kapal pesiar. Diterjemahkan oleh Google ・ Lihat versi asli (Inggris),True,True,2026-10-08 20:49:46
Nongsapura,Nongsapura Ferry Terminal,Carl Evans,5,7 tahun lalu,"Selalu gunakan rute ini ke Tanah Merah, jauh lebih nyaman karena menghindari Batam Centre dan antrean panjang di imigrasi Singapura di Harbour Front. Diterjemahkan oleh Google ・ Lihat versi asli (Inggris)",False,True,2026-10-08 20:49:46
Nongsapura,Nongsapura Ferry Terminal,Thanh Pham,4,9 tahun lalu,Ini pertama kalinya saya berkesempatan mengunjungi tempat ini. Orang-orangnya ramah dan baik. Saya menyukainya. Sekitar 1 jam dari Singapura dengan kapal. Diterjemahkan oleh Google ・ Lihat versi asli (Inggris),False,True,2026-10-08 20:49:46
Nongsapura,Nongsapura Ferry Terminal,baby Ling,5,7 tahun lalu,"Terminalnya cukup kecil, lebih sederhana dibandingkan terminal feri . Jadwalnya tepat waktu, dan lebih dekat ke terminal feri Singapura, dibandingkan terminal feri di Batam. Diterjemahkan oleh Google ・ Lihat versi asli (Inggris)",False,True,2026-10-08 20:49:46
Nongsapura,Nongsapura Ferry Terminal,avanish,5,8 tahun lalu,Suka butik anggur dan cerutu. Anda dapat menemukan anggur dan wiski dengan harga terjangkau di sini. Dan pemilik serta stafnya sangat ramah. Terima kasih. Diterjemahkan oleh Google ・ Lihat versi asli (Inggris),False,False,2026-10-08 20:49:46
Nongsapura,Nongsapura Ferry Terminal,Vincent Chan,4,4 tahun lalu,Selamat datang di Batam! Terminal ini umumnya tidak terlalu ramai dan jadwal ferinya terbatas. Sangat dekat dengan Pantai Turi dan Taman Sepeda Badak. Diterjemahkan oleh Google ・ Lihat versi asli (Inggris),False,True,2026-10-08 20:49:46
Nongsapura,Nongsapura Ferry Terminal,Yihan Li,1,setahun lalu,"Pelayanan bea cukai sangat buruk, tidak memahami kebijakan dan mencoba meminta uang secara tidak adil. Diterjemahkan oleh Google ・ Lihat versi asli (Inggris) 2 Tanggapan dari pemilik setahun lalu Kami sangat menyesal mendengarnya, tetapi ini seharusnya menjadi peraturan dari otoritas bea cukai, bukan dari terminal feri kami. Semoga akan diperbaiki pada kunjungan berikutnya. Jika membutuhkan bantuan, jangan ragu untuk bertanya kepada staf kami. Diterjemahkan oleh Google ・ Lihat versi asli (Inggris)",False,False,2026-10-08 20:49:46
Nongsapura,Nongsapura Ferry Terminal,Patibandla A,4,7 tahun lalu,"Saya berharap nomor kursi atau nomor antrian boarding dapat dialokasikan. Karena tidak ada cukup ruang untuk antrian, proses boarding menjadi kacau :( Diterjemahkan oleh Google ・ Lihat versi asli (Inggris)",False,True,2026-10-08 20:49:46
Nongsapura,Nongsapura Ferry Terminal,Spenno,3,5 tahun lalu,Saya menggunakannya terutama untuk bermain golf di Tamarin. Detail lengkap tentang terminal feri dan lapangan golf dapat ditemukan di situs web batamexcursion.com. Diterjemahkan oleh Google ・ Lihat versi asli (Inggris),False,True,2026-10-08 20:49:46
Nongsapura,Nongsapura Ferry Terminal,Jason Yeo,2,7 tahun lalu,"Sejujurnya, tidak ada seorang pun di terminal feri ini yang cocok untuk berbelanja atau melakukan belanja mendadak. Jangan berharap bisa membeli atau berbelanja apa pun di sini. Datanglah tepat waktu untuk feri Anda dan langsung pulang. Diterjemahkan oleh Google ・ Lihat versi asli (Inggris)",False,True,2026-10-08 20:49:46
Nongsapura,Nongsapura Ferry Terminal,Frisye angguni,3,8 tahun lalu,"Terminal feri ini sangat disarankan bagi yang ingin menginap di Area Nongsa, karena terminal feri ini cukup jauh dari kota tetapi sangat dekat dengan resor di Area Nongsa. Diterjemahkan oleh Google ・ Lihat versi asli (Inggris)",False,True,2026-10-08 20:49:46
Nongsapura,Nongsapura Ferry Terminal,Nurul Maulida,5,4 tahun lalu,"Lokasinya kurang bagus, jauh dari pusat perbelanjaan, dan tidak ada transportasi umum, daerahnya sepi penduduk dan banyak kasus perampokan, sangat menakutkan. Diterjemahkan oleh Google ・ Lihat versi asli (Inggris)",False,False,2026-10-08 20:49:46
Nongsapura,Nongsapura Ferry Terminal,Scott Savage,3,Diedit 10 tahun lalu,"Tidak banyak yang bisa dilakukan, hanya ada satu kafe dan satu toko yang keduanya hanya menerima rupee. Bersih dan cukup sederhana. Diterjemahkan oleh Google ・ Lihat versi asli (Inggris)",False,True,2026-10-08 20:49:46
Nongsapura,Nongsapura Ferry Terminal,Anand prabhu,3,6 tahun lalu,Tidak terlalu buruk. Proses bea cukai mungkin lambat karena hanya sedikit penumpang. Diterjemahkan oleh Google ・ Lihat versi asli (Inggris),False,True,2026-10-08 20:49:46
Nongsapura,Nongsapura Ferry Terminal,Kaptain Kerr,3,9 tahun lalu,"Cukup sederhana dan agak lusuh. Tapi berfungsi dengan baik dan ya, ini kan terminal feri. Diterjemahkan oleh Google ・ Lihat versi asli (Inggris)",False,True,2026-10-08 20:49:46
Nongsapura,Nongsapura Ferry Terminal,Eric Atton,3,7 tahun lalu,Fasilitas ini menyediakan kebutuhan dasar untuk keberangkatan yang efisien ke pulau Bintan atau Batam. Diterjemahkan oleh Google ・ Lihat versi asli (Inggris),False,False,2026-10-08 20:49:46
Nongsapura,Nongsapura Ferry Terminal,Felix Ker,4,9 tahun lalu,Kecepatan proses bea cukai cukup cepat! Meskipun tempatnya terlihat agak kumuh. Diterjemahkan oleh Google ・ Lihat versi asli (Inggris),False,True,2026-10-08 20:49:46
Nongsapura,Nongsapura Ferry Terminal,Megan & Paul,1,4 tahun lalu,Hanya ada 1 petugas imigrasi untuk feri besar. Butuh hampir 3 jam untuk meninggalkan terminal. Diterjemahkan oleh Google ・ Lihat versi asli (Inggris),False,False,2026-10-08 20:49:46
Nongsapura,Nongsapura Ferry Terminal,Kama Amin,4,3 tahun lalu,Terminalnya tidak ramai. Suasana kedatangan dan keberangkatan sangat santai. Diterjemahkan oleh Google ・ Lihat versi asli (Inggris),False,True,2026-10-08 20:49:46
Nongsapura,Nongsapura Ferry Terminal,Martins Erlihs,4,2 tahun lalu,"Tidak terlalu ramai, terminal yang sempurna untuk para wisatawan. Diterjemahkan oleh Google ・ Lihat versi asli (Inggris)",False,True,2026-10-08 20:49:46
Nongsapura,Nongsapura Ferry Terminal,Uncle Philip叔叔,3,9 tahun lalu,Ini adalah titik transit feri dari Terminal Feri Tana Merah Singapura untuk berganti feri dan naik ke kapal pesiar Aegean Paradise. Diterjemahkan oleh Google ・ Lihat versi asli (Inggris),False,True,2026-10-08 20:49:46
Nongsapura,Nongsapura Ferry Terminal,Sebastian Brozek,5,6 tahun lalu,"Selalu menyenangkan menggunakan pelabuhan ini, tidak terlalu ramai dan proses imigrasinya sangat cepat. Diterjemahkan oleh Google ・ Lihat versi asli (Inggris)",False,True,2026-10-08 20:49:46
Nongsapura,Nongsapura Ferry Terminal,Kim Elldee,5,4 tahun lalu,Antik dan pemandangan yang indah Diterjemahkan oleh Google ・ Lihat versi asli (Inggris),True,True,2026-10-08 20:49:46
Nongsapura,Nongsapura Ferry Terminal,Ke Yu,4,8 tahun lalu,"Dibandingkan dengan dua terminal , terminal ini terasa nyaman dan santai. Diterjemahkan oleh Google ・ Lihat versi asli (Jepang)",False,True,2026-10-08 20:49:46
Nongsapura,Nongsapura Ferry Terminal,Afrina Nurulda,5,8 bulan lalu,Pelabuhan yang bagus di Batam! Diterjemahkan oleh Google ・ Lihat versi asli (Inggris),False,False,2026-10-08 20:49:46
Nongsapura,Nongsapura Ferry Terminal,Prasad Vithanage,5,3 tahun lalu,Terawat dengan baik. Pelayanan bagus. Staf ramah. Diterjemahkan oleh Google ・ Lihat versi asli (Inggris),False,True,2026-10-08 20:49:46
Nongsapura,Nongsapura Ferry Terminal,shubham gupta,5,3 tahun lalu,"Transportasi umum agak terbatas, dan Google Maps juga tidak menampilkan jadwal yang tepat untuk transportasi umum. Diterjemahkan oleh Google ・ Lihat versi asli (Inggris)",False,True,2026-10-08 20:49:46
Nongsapura,Nongsapura Ferry Terminal,Mental Slave,4,7 tahun lalu,Terminal yang tenang dan indah dibandingkan dengan Batam Center atau Sekupang. Diterjemahkan oleh Google ・ Lihat versi asli (Inggris),False,True,2026-10-08 20:49:46
Nongsapura,Nongsapura Ferry Terminal,Zahir Norman,5,9 tahun lalu,"Tempatnya bagus seperti kampung, bandingkan dengan Batam Centre yang selalu ramai dan berisik. Diterjemahkan oleh Google ・ Lihat versi asli (Inggris)",False,True,2026-10-08 20:49:46
Nongsapura,Nongsapura Ferry Terminal,Chris,4,10 tahun lalu,"Terminal feri ini kecil dan sempit, tapi cukup berfungsi... Sekadar info, toko bebas bea berada di luar area Imigrasi ;) Diterjemahkan oleh Google ・ Lihat versi asli (Inggris)",False,True,2026-10-08 20:49:46
Nongsapura,Nongsapura Ferry Terminal,zaw win Thein,4,setahun lalu,Terminal feri yang bagus dengan orang-orang yang ramah. Diterjemahkan oleh Google ・ Lihat versi asli (Inggris) Tanggapan dari pemilik setahun lalu Terima kasih atas ulasan dan kunjungan Anda. Kami harap Anda menikmati pengalaman bersama kami. Kami menantikan kunjungan Anda berikutnya. Diterjemahkan oleh Google ・ Lihat versi asli (Inggris),False,True,2026-10-08 20:49:46
Nongsapura,Nongsapura Ferry Terminal,Rob Rambini,5,9 tahun lalu,Tempat favoritku di Batam. Tempat yang bagus untuk bertemu pelaut lain dan mengobrol. Diterjemahkan oleh Google ・ Lihat versi asli (Inggris),False,True,2026-10-08 20:49:46
Nongsapura,Nongsapura Ferry Terminal,Chester Chen,2,9 tahun lalu,- Hanya satu loket yang buka meskipun banyak yang mengantre. Layanan bagasi berbayar. Toko sangat terbatas. Diterjemahkan oleh Google ・ Lihat versi asli (Inggris),False,True,2026-10-08 20:49:46
Nongsapura,Nongsapura Ferry Terminal,Nishan Korala Gamage,5,6 tahun lalu,Terminal feri yang bagus. Layanan bea cukai dan imigrasi yang cepat. Diterjemahkan oleh Google ・ Lihat versi asli (Inggris),False,True,2026-10-08 20:49:46
Nongsapura,Nongsapura Ferry Terminal,Wing Kin Chau,3,8 tahun lalu,"Semuanya baik-baik saja, jangan berharap ada yang tersenyum. Diterjemahkan oleh Google ・ Lihat versi asli (Inggris)",False,True,2026-10-08 20:49:46
Nongsapura,Nongsapura Ferry Terminal,PREIHAN DINESH,5,3 tahun lalu,Hanya 40 menit dari Singapura untuk liburan singkat. Diterjemahkan oleh Google ・ Lihat versi asli (Inggris),False,True,2026-10-08 20:49:46
Nongsapura,Nongsapura Ferry Terminal,Bjorn S,5,3 tahun lalu,"Tempat yang indah, orang-orang yang ramah! Cari Prakash sang juara! Diterjemahkan oleh Google ・ Lihat versi asli (Inggris)",False,True,2026-10-08 20:49:46
Nongsapura,Nongsapura Ferry Terminal,Bodj V,4,3 tahun lalu,Jauh lebih baik daripada stasiun feri Tanah Merah. Diterjemahkan oleh Google ・ Lihat versi asli (Inggris),False,True,2026-10-08 20:49:46
Nongsapura,Nongsapura Ferry Terminal,Ita Purnama,3,7 tahun lalu,Suasananya benar-benar berbeda dari terminal feri di Batam. Diterjemahkan oleh Google ・ Lihat versi asli (Inggris),False,True,2026-10-08 20:49:46
Nongsapura,Nongsapura Ferry Terminal,Elma Tagani Ginting,5,2 tahun lalu,Cantik sekali🥰🥰 Diterjemahkan oleh Google ・ Lihat versi asli (Inggris),True,True,2026-10-08 20:49:46
Nongsapura,Nongsapura Ferry Terminal,Gabriel Louis Vicco Alfarin,4,9 tahun lalu,Pelabuhan kecil untuk akses mudah dari daerah Nongsa ke Tanah Merah Singapura. Diterjemahkan oleh Google ・ Lihat versi asli (Inggris),False,True,2026-10-08 20:49:46
Nongsapura,Nongsapura Ferry Terminal,Zebulon Pike,4,9 tahun lalu,Perjalanan melalui tempat ini selalu sangat cepat dan menyenangkan. Diterjemahkan oleh Google ・ Lihat versi asli (Inggris),False,True,2026-10-08 20:49:46
Nongsapura,Nongsapura Ferry Terminal,Aung Myo Myint,3,3 tahun lalu,Wifi tidak berfungsi. Tapi tidak ramai. Diterjemahkan oleh Google ・ Lihat versi asli (Inggris),False,True,2026-10-08 20:49:46
Nongsapura,Nongsapura Ferry Terminal,chicken popcorn,4,11 bulan lalu,Stafnya sangat membantu. Diterjemahkan oleh Google ・ Lihat versi asli (Inggris),False,True,2026-10-08 20:49:46
Nongsapura,Nongsapura Ferry Terminal,Pak Pandir Moden,4,8 tahun lalu,Sistem keamanan paha terbaik di terminal mana pun di Batam Diterjemahkan oleh Google ・ Lihat versi asli (Inggris),False,True,2026-10-08 20:49:46
Nongsapura,Nongsapura Ferry Terminal,Rennie Lee,3,3 tahun lalu,"Terminal feri kecil, hanya ada satu tempat makan kecil dan beberapa toko. Diterjemahkan oleh Google ・ Lihat versi asli (Inggris)",True,True,2026-10-08 20:49:46
Nongsapura,Nongsapura Ferry Terminal,Aulia Rizky,5,6 tahun lalu,"Bersih, papan petunjuk cukup jelas, tidak terlalu ramai. Diterjemahkan oleh Google ・ Lihat versi asli (Inggris)",False,True,2026-10-08 20:49:46
Nongsapura,Nongsapura Ferry Terminal,Eddy Ng,5,Diedit 4 tahun lalu,"Bagus, lebih baik, pengecatan ulang dan renovasi seluruh bangunan. Diterjemahkan oleh Google ・ Lihat versi asli (Inggris)",False,True,2026-10-08 20:49:46
Nongsapura,Nongsapura Ferry Terminal,Suparyanto Suparyanto,5,8 tahun lalu,"Lebih kecil dari terminal feri , tetapi lebih bagus!! Diterjemahkan oleh Google ・ Lihat versi asli (Inggris)",False,False,2026-10-08 20:49:46
Nongsapura,Nongsapura Ferry Terminal,Karthik T,4,3 tahun lalu,Terminal yang sangat bagus dengan toko-toko dan restoran. Diterjemahkan oleh Google ・ Lihat versi asli (Inggris),False,True,2026-10-08 20:49:46
Nongsapura,Nongsapura Ferry Terminal,Retno Muninggar,5,4 tahun lalu,,True,True,2026-10-08 20:49:46
Nongsapura,Nongsapura Ferry Terminal,Abhay Kumar,2,3 tahun lalu,Imigrasinya buruk sekali. Prosesnya lama sekali. Diterjemahkan oleh Google ・ Lihat versi asli (Inggris),False,True,2026-10-08 20:49:46
Nongsapura,Nongsapura Ferry Terminal,Muhammad Arief Eka Putra,5,8 tahun lalu,Ini mungkin terminal feri terindah yang pernah Anda kunjungi. Diterjemahkan oleh Google ・ Lihat versi asli (Inggris),False,True,2026-10-08 20:49:46
Nongsapura,Nongsapura Ferry Terminal,Yeni Triayuningsih,5,6 tahun lalu,Area bersih. Terminal feri agak sepi. Perlu promosi lebih lanjut. Diterjemahkan oleh Google ・ Lihat versi asli (Inggris),False,True,2026-10-08 20:49:46
Nongsapura,Nongsapura Ferry Terminal,Bene Ko,4,Diedit 7 tahun lalu,"hanya terminal feri, layanan cepat, hindari selama musim liburan. Diterjemahkan oleh Google ・ Lihat versi asli (Inggris)",False,True,2026-10-08 20:49:46
Nongsapura,Nongsapura Ferry Terminal,Gauresh K,5,Diedit 8 tahun lalu,Terawat dengan baik dan dilengkapi petunjuk yang tepat untuk wisatawan baru. Diterjemahkan oleh Google ・ Lihat versi asli (Inggris),False,True,2026-10-08 20:49:46
Nongsapura,Nongsapura Ferry Terminal,有難demo,3,9 tahun lalu,Koneksi ke Tanah Merah di Singapura sekitar 30 menit. Diterjemahkan oleh Google ・ Lihat versi asli (Inggris),False,True,2026-10-08 20:49:46
Nongsapura,Nongsapura Ferry Terminal,Capt Jelle de Vries (Jelle SOS),4,8 tahun lalu,Mudah dijelajahi dengan staf yang ramah dan kedai kopi yang bagus. Diterjemahkan oleh Google ・ Lihat versi asli (Inggris),False,True,2026-10-08 20:49:46
Nongsapura,Nongsapura Ferry Terminal,Andreas A,5,6 tahun lalu,"Jika Anda menyukai tempat yang kecil dan bersih, Anda akan menemukannya. Diterjemahkan oleh Google ・ Lihat versi asli (Inggris)",False,True,2026-10-08 20:49:46
Nongsapura,Nongsapura Ferry Terminal,Marcus Tang,4,9 tahun lalu,Proses pemeriksaan cepat. Sangat sedikit orang yang turun di malam hari. Diterjemahkan oleh Google ・ Lihat versi asli (Inggris),False,True,2026-10-08 20:49:46
Nongsapura,Nongsapura Ferry Terminal,Debsubhra Chakraborty,3,9 tahun lalu,"Fasilitasnya dasar, dan staf imigrasinya tidak terlalu ramah. Diterjemahkan oleh Google ・ Lihat versi asli (Inggris)",False,True,2026-10-08 20:49:46
Nongsapura,Nongsapura Ferry Terminal,Tay Boon5212,5,6 tahun lalu,Pemandangannya bagus. Bisa dijadikan tempat liburan singkat. Diterjemahkan oleh Google ・ Lihat versi asli (Inggris),False,True,2026-10-08 20:49:46
Nongsapura,Nongsapura Ferry Terminal,Hazmann Majlam,4,8 tahun lalu,"Meskipun kecil, namun nyaman dan efisien. Diterjemahkan oleh Google ・ Lihat versi asli (Inggris)",False,True,2026-10-08 20:49:46
Nongsapura,Nongsapura Ferry Terminal,Pawarana Suwanjindar,4,9 tahun lalu,"Proses imigrasi, check-in, dan perjalanan feri sangat nyaman dan cepat. Diterjemahkan oleh Google ・ Lihat versi asli (Inggris)",True,True,2026-10-08 20:49:46
Nongsapura,Nongsapura Ferry Terminal,intro zip,5,7 tahun lalu,Terminal feri yang bagus dengan pemandangan air yang hijau Diterjemahkan oleh Google ・ Lihat versi asli (Inggris),False,True,2026-10-08 20:49:46
Nongsapura,Nongsapura Ferry Terminal,Waka Rëu,5,Diedit 7 tahun lalu,"Tempat yang tenang dengan pelayanan yang baik, saya sangat menyukainya. Diterjemahkan oleh Google ・ Lihat versi asli (Inggris)",False,True,2026-10-08 20:49:46
Nongsapura,Nongsapura Ferry Terminal,Citra Pandiangan,4,8 tahun lalu,Wow... terminal feri yang bagus untuk menyeberang ke Singapura. Diterjemahkan oleh Google ・ Lihat versi asli (Inggris),False,True,2026-10-08 20:49:46
Nongsapura,Nongsapura Ferry Terminal,Martin Lim,3,8 tahun lalu,Bersih dan mudah diakses. Tapi terlalu kecil. Diterjemahkan oleh Google ・ Lihat versi asli (Inggris),False,True,2026-10-08 20:49:46
Nongsapura,Nongsapura Ferry Terminal,Jony Hermawan,5,7 tahun lalu,Pelabuhan laut lain atau alternatif untuk menuju Singapura di dekat Bandara Changi Diterjemahkan oleh Google ・ Lihat versi asli (Inggris),False,True,2026-10-08 20:49:46
Nongsapura,Nongsapura Ferry Terminal,Yufi Rizkianti,5,7 tahun lalu,"Tempatnya bagus, pemandangannya indah, dan resepsionis ferinya ramah. Diterjemahkan oleh Google ・ Lihat versi asli (Inggris)",False,False,2026-10-08 20:49:46
Nongsapura,Nongsapura Ferry Terminal,Choon Hui Loh,5,7 tahun lalu,,True,True,2026-10-08 20:49:46
Nongsapura,Nongsapura Ferry Terminal,benjamin mukhim,5,6 tahun lalu,"Tenang, tidak terburu-buru, tidak terlalu ramai. Diterjemahkan oleh Google ・ Lihat versi asli (Inggris)",False,True,2026-10-08 20:49:46
Nongsapura,Nongsapura Ferry Terminal,Edbonson Ugbinada,4,6 tahun lalu,"Terminal feri bersih, keamanan bagus. Diterjemahkan oleh Google ・ Lihat versi asli (Inggris)",False,True,2026-10-08 20:49:46
Nongsapura,Nongsapura Ferry Terminal,Terry Gao,3,8 tahun lalu,Berfungsi dengan baik dengan perlengkapan dasar yang tersedia. Diterjemahkan oleh Google ・ Lihat versi asli (Inggris),False,True,2026-10-08 20:49:46
Nongsapura,Nongsapura Ferry Terminal,Didi McAriff,5,8 tahun lalu,Daerah yang bagus dengan akses mudah ke kebutuhan dasar. Diterjemahkan oleh Google ・ Lihat versi asli (Inggris),False,False,2026-10-08 20:49:46
Nongsapura,Nongsapura Ferry Terminal,Mike Haller,5,10 tahun lalu,"Berhasil dengan sempurna, stafnya sangat ramah. Diterjemahkan oleh Google ・ Lihat versi asli (Inggris)",False,True,2026-10-08 20:49:46
Nongsapura,Nongsapura Ferry Terminal,TADY BEAR,4,7 tahun lalu,Terminal feri yang terletak di Nongsapura di pulau Batam di Indonesia. Diterjemahkan oleh Google ・ Lihat versi asli (Inggris),False,True,2026-10-08 20:49:46
Nongsapura,Nongsapura Ferry Terminal,Nurdin hanif,5,3 tahun lalu,Ramai dan ramah Diterjemahkan oleh Google ・ Lihat versi asli (Melayu),False,True,2026-10-08 20:49:46
Nongsapura,Nongsapura Ferry Terminal,Azmeir Zaki,5,8 tahun lalu,👍🏼👍🏼,True,True,2026-10-08 20:49:46
Nongsapura,Nongsapura Ferry Terminal,keanC,5,9 bulan lalu,,True,True,2026-10-08 20:49:46
Nongsapura,Nongsapura Ferry Terminal,Leonardo Tommy Dacu,4,10 tahun lalu,Satu-satunya terminal feri di wilayah Nongsa. Berangkat dari tepi sungai. Diterjemahkan oleh Google ・ Lihat versi asli (Inggris),False,True,2026-10-08 20:49:46
Nongsapura,Nongsapura Ferry Terminal,Andreas Augustin,4,Diedit 7 tahun lalu,Perasaan nyaman tanpa pendingin ruangan Diterjemahkan oleh Google ・ Lihat versi asli (Inggris),False,True,2026-10-08 20:49:46
Nongsapura,Nongsapura Ferry Terminal,Gavin Pan,4,4 tahun lalu,Saya suka sekali karena di sini tidak ramai. Diterjemahkan oleh Google ・ Lihat versi asli (Inggris),False,True,2026-10-08 20:49:46
Nongsapura,Nongsapura Ferry Terminal,Doreen Tan,4,7 tahun lalu,Lumayan untuk kota kecil. Kelihatannya oke. Diterjemahkan oleh Google ・ Lihat versi asli (Inggris),False,True,2026-10-08 20:49:46
Nongsapura,Nongsapura Ferry Terminal,Renan Hafsar,5,7 tahun lalu,Tenang... cocok untuk bersantai dan piknik. Diterjemahkan oleh Google ・ Lihat versi asli (Inggris),False,True,2026-10-08 20:49:46
Nongsapura,Nongsapura Ferry Terminal,ah hock goh,3,8 tahun lalu,Pelabuhan feri sederhana. Sangat mendasar. Diterjemahkan oleh Google ・ Lihat versi asli (Inggris),False,True,2026-10-08 20:49:46
Nongsapura,Nongsapura Ferry Terminal,The Akuang,5,9 tahun lalu,Tempat terbaik untuk dikunjungi di Singapura. Diterjemahkan oleh Google ・ Lihat versi asli (Inggris),False,True,2026-10-08 20:49:46
Nongsapura,Nongsapura Ferry Terminal,tan boonseng,4,7 tahun lalu,tempat yang berkelas dan damai Diterjemahkan oleh Google ・ Lihat versi asli (Inggris),False,True,2026-10-08 20:49:46
Nongsapura,Nongsapura Ferry Terminal,Blue Balls,5,8 tahun lalu,Terminal feri yang sangat bagus. Diterjemahkan oleh Google ・ Lihat versi asli (Inggris),False,True,2026-10-08 20:49:46
Nongsapura,Nongsapura Ferry Terminal,Han,4,10 tahun lalu,Terminal feri yang bersih untuk para wisatawan. Diterjemahkan oleh Google ・ Lihat versi asli (Inggris),False,True,2026-10-08 20:49:46
Nongsapura,Nongsapura Ferry Terminal,Mike Stoddart,4,9 tahun lalu,Staf yang ramah dan parkir gratis. Diterjemahkan oleh Google ・ Lihat versi asli (Inggris),False,True,2026-10-08 20:49:46
Nongsapura,Nongsapura Ferry Terminal,Anne Regine Frondozo-Adao,5,8 tahun lalu,Staf yang ramah dan terminal yang bersih. Diterjemahkan oleh Google ・ Lihat versi asli (Inggris),False,True,2026-10-08 20:49:46
Nongsapura,Nongsapura Ferry Terminal,Aries04 Loedfy,5,2 tahun lalu,Tempat yang bagus dan makanan laut yang lezat. Diterjemahkan oleh Google ・ Lihat versi asli (Inggris),False,False,2026-10-08 20:49:46
Nongsapura,Nongsapura Ferry Terminal,Anddy Fong,5,9 tahun lalu,Akses mudah dan pelayanan yang baik. Diterjemahkan oleh Google ・ Lihat versi asli (Inggris),False,True,2026-10-08 20:49:46
Nongsapura,Nongsapura Ferry Terminal,Ashmeer K,4,9 tahun lalu,Proses check-in cepat dan staf yang ramah. Diterjemahkan oleh Google ・ Lihat versi asli (Inggris),False,True,2026-10-08 20:49:46
Nongsapura,Nongsapura Ferry Terminal,Tim van der Werff,4,9 tahun lalu,Koneksi yang bagus ke Batam Golf Diterjemahkan oleh Google ・ Lihat versi asli (Inggris),False,True,2026-10-08 20:49:46
Nongsapura,Nongsapura Ferry Terminal,Masaaki Moriyama,4,9 tahun lalu,Terminal yang indah ^_^ Diterjemahkan oleh Google ・ Lihat versi asli (Jepang),False,True,2026-10-08 20:49:46
Nongsapura,Nongsapura Ferry Terminal,G Chen,5,2 tahun lalu,"Tanggapan dari pemilik setahun lalu Terima kasih atas ulasannya, kami sangat senang jika Anda menikmati toko dan restoran kami. Jelajahi toko kami di aula keberangkatan dan kedatangan untuk pengalaman . Diterjemahkan oleh Google ・ Lihat versi asli (Inggris)",True,True,2026-10-08 20:49:46
Nongsapura,Nongsapura Ferry Terminal,Mudasirhabib,4,3 tahun lalu,Tidak buruk Diterjemahkan oleh Google ・ Lihat versi asli (Inggris),False,True,2026-10-08 20:49:46
Nongsapura,Nongsapura Ferry Terminal,billy sandy,3,8 tahun lalu,Terminal feri lama. Perlu renovasi. Diterjemahkan oleh Google ・ Lihat versi asli (Inggris),False,True,2026-10-08 20:49:46
Nongsapura,Nongsapura Ferry Terminal,Daniel Merkuri Lengkong,5,7 tahun lalu,Mantaaaaaap,True,True,2026-10-08 20:49:46
Nongsapura,Nongsapura Ferry Terminal,raymond irving,5,8 tahun lalu,Pelayanan yang sangat baik dan efisien. Diterjemahkan oleh Google ・ Lihat versi asli (Inggris),False,True,2026-10-08 20:49:46
Nongsapura,Nongsapura Ferry Terminal,Shahadat Hossoin,5,setahun lalu,Pengalaman yang baik Diterjemahkan oleh Google ・ Lihat versi asli (Inggris),False,True,2026-10-08 20:49:46
Nongsapura,Nongsapura Ferry Terminal,Fajar A. R,4,7 tahun lalu,Masjidnya bagus. Diterjemahkan oleh Google ・ Lihat versi asli (Melayu),False,True,2026-10-08 20:49:46
Nongsapura,Nongsapura Ferry Terminal,jeck gaol,5,8 tahun lalu,,True,True,2026-10-08 20:49:46
Nongsapura,Nongsapura Ferry Terminal,Ebadullah Siddiq,4,7 tahun lalu,Pengalaman yang baik dan menyenangkan. Diterjemahkan oleh Google ・ Lihat versi asli (Inggris),False,True,2026-10-08 20:49:46
Nongsapura,Nongsapura Ferry Terminal,Laila Kusumah,5,6 tahun lalu,Pemandangan yang indah Diterjemahkan oleh Google ・ Lihat versi asli (Inggris),False,True,2026-10-08 20:49:46
Nongsapura,Nongsapura Ferry Terminal,Benjamin Ong,5,3 tahun lalu,Terminal feri yang bagus! Diterjemahkan oleh Google ・ Lihat versi asli (Inggris),False,True,2026-10-08 20:49:46
Nongsapura,Nongsapura Ferry Terminal,Anna Tan,2,2 tahun lalu,Berfungsi. Perlu peningkatan. Diterjemahkan oleh Google ・ Lihat versi asli (Inggris),False,True,2026-10-08 20:49:46
Nongsapura,Nongsapura Ferry Terminal,Hafidz Qodli Abdillah,4,setahun lalu,"Ya, benar sekali. Diterjemahkan oleh Google ・ Lihat versi asli (Melayu)",False,True,2026-10-08 20:49:46
Nongsapura,Nongsapura Ferry Terminal,Deepan Elango,4,2 tahun lalu,Tidak banyak yang bisa dilakukan di sini. Diterjemahkan oleh Google ・ Lihat versi asli (Inggris),False,True,2026-10-08 20:49:46
Nongsapura,Nongsapura Ferry Terminal,Ken Loy,4,7 tahun lalu,,True,True,2026-10-08 20:49:46
Nongsapura,Nongsapura Ferry Terminal,Abel Brata,5,6 tahun lalu,Tidak buruk. Diterjemahkan oleh Google ・ Lihat versi asli (Melayu),True,True,2026-10-08 20:49:46
Nongsapura,Nongsapura Ferry Terminal,faizal adviis,5,Diedit 3 tahun lalu,,True,True,2026-10-08 20:49:46
Nongsapura,Nongsapura Ferry Terminal,Kardimanahan Sibarani,5,8 tahun lalu,Bersih dan pelayanan bagus. Diterjemahkan oleh Google ・ Lihat versi asli (Inggris),False,False,2026-10-08 20:49:46
Nongsapura,Nongsapura Ferry Terminal,Sallim Nas,5,Diedit 4 tahun lalu,,True,False,2026-10-08 20:49:46
Nongsapura,Nongsapura Ferry Terminal,D.A Hartanta,4,6 tahun lalu,Tempat yang bagus untuk bersembunyi. Diterjemahkan oleh Google ・ Lihat versi asli (Inggris),False,True,2026-10-08 20:49:46
Nongsapura,Nongsapura Ferry Terminal,Asim,5,3 tahun lalu,,True,True,2026-10-08 20:49:46
Nongsapura,Nongsapura Ferry Terminal,Andre Webb,4,8 tahun lalu,Perlu perbaikan penampilan Diterjemahkan oleh Google ・ Lihat versi asli (Inggris),False,True,2026-10-08 20:49:46
Nongsapura,Nongsapura Ferry Terminal,Free Gene,3,7 tahun lalu,Terlihat tidak terlalu ramai Diterjemahkan oleh Google ・ Lihat versi asli (Inggris),False,True,2026-10-08 20:49:46
Nongsapura,Nongsapura Ferry Terminal,Misli,5,Diedit 4 tahun lalu,,True,True,2026-10-08 20:49:46
Nongsapura,Nongsapura Ferry Terminal,MAD,4,8 tahun lalu,,True,True,2026-10-08 20:49:46
Nongsapura,Nongsapura Ferry Terminal,Philip T,4,7 tahun lalu,Terminal transfer feri yang bersih Diterjemahkan oleh Google ・ Lihat versi asli (Inggris),False,True,2026-10-08 20:49:46
Nongsapura,Nongsapura Ferry Terminal,Endri Setyaji,5,Diedit 4 tahun lalu,JOSSS,False,False,2026-10-08 20:49:46
Nongsapura,Nongsapura Ferry Terminal,Daniel Lye,4,9 tahun lalu,Perlu peningkatan lebih lanjut Diterjemahkan oleh Google ・ Lihat versi asli (Inggris),False,True,2026-10-08 20:49:46
Nongsapura,Nongsapura Ferry Terminal,I Made Kasa Astawa,4,6 tahun lalu,Bersih dan tenang Diterjemahkan oleh Google ・ Lihat versi asli (Inggris),False,True,2026-10-08 20:49:46
Nongsapura,Nongsapura Ferry Terminal,Ryan Chew,4,Diedit 7 tahun lalu,Tidak ramai. Diterjemahkan oleh Google ・ Lihat versi asli (Inggris),False,True,2026-10-08 20:49:46
Nongsapura,Nongsapura Ferry Terminal,emerson eng,5,6 tahun lalu,Ayo ayo ayo Diterjemahkan oleh Google ・ Lihat versi asli (Inggris),False,True,2026-10-08 20:49:46
Nongsapura,Nongsapura Ferry Terminal,Faizal Razali,4,9 tahun lalu,Pelabuhan yang unik Diterjemahkan oleh Google ・ Lihat versi asli (Inggris),False,True,2026-10-08 20:49:46
Nongsapura,Nongsapura Ferry Terminal,E E,5,6 tahun lalu,Luar biasa!! Diterjemahkan oleh Google ・ Lihat versi asli (Inggris),False,True,2026-10-08 20:49:46
Nongsapura,Nongsapura Ferry Terminal,Jong-Moon Wang,3,7 tahun lalu,Fasilitas yang nyaman Diterjemahkan oleh Google ・ Lihat versi asli (Korea),False,True,2026-10-08 20:49:46
Nongsapura,Nongsapura Ferry Terminal,Mia Ricky,2,8 tahun lalu,Terminal yang rusak.... Diterjemahkan oleh Google ・ Lihat versi asli (Inggris),False,True,2026-10-08 20:49:46
Nongsapura,Nongsapura Ferry Terminal,RG KREATOR VIDEO,5,5 tahun lalu,Oke Diterjemahkan oleh Google ・ Lihat versi asli (Inggris),False,False,2026-10-08 20:49:46
Nongsapura,Nongsapura Ferry Terminal,Julian Ang,3,3 tahun lalu,Aneh Diterjemahkan oleh Google ・ Lihat versi asli (Inggris),False,True,2026-10-08 20:49:46
Nongsapura,Nongsapura Ferry Terminal,Hulkster Hakim,5,3 tahun lalu,Akses mudah Diterjemahkan oleh Google ・ Lihat versi asli (Inggris),False,True,2026-10-08 20:49:46
Nongsapura,Nongsapura Ferry Terminal,Richal Baul,5,3 tahun lalu,Atur dan bersihkan. Diterjemahkan oleh Google ・ Lihat versi asli (Inggris),False,False,2026-10-08 20:49:46
Nongsapura,Nongsapura Ferry Terminal,Jayabalan Muniandy,5,8 tahun lalu,Indonesia Diterjemahkan oleh Google ・ Lihat versi asli (Inggris),False,True,2026-10-08 20:49:46
Nongsapura,Nongsapura Ferry Terminal,FAIRUS Fairus,5,10 tahun lalu,Tempat yang bagus... Diterjemahkan oleh Google ・ Lihat versi asli (Inggris),False,True,2026-10-08 20:49:46
Nongsapura,Nongsapura Ferry Terminal,putri widayati,5,8 tahun lalu,Besok cuacanya akan cerah. Diterjemahkan oleh Google ・ Lihat versi asli (Jawa),False,True,2026-10-08 20:49:46
Nongsapura,Nongsapura Ferry Terminal,Beizi So,4,5 tahun lalu,Hanya untuk bersenang-senang Diterjemahkan oleh Google ・ Lihat versi asli (Inggris),False,True,2026-10-08 20:49:46
Nongsapura,Nongsapura Ferry Terminal,Zulfahmi Chan,5,6 tahun lalu,Bagus Diterjemahkan oleh Google ・ Lihat versi asli (Inggris),False,True,2026-10-08 20:49:46
Nongsapura,Nongsapura Ferry Terminal,Cros Chum,5,7 tahun lalu,Lancar dan efisien Diterjemahkan oleh Google ・ Lihat versi asli (Inggris),False,True,2026-10-08 20:49:46
Nongsapura,Nongsapura Ferry Terminal,고독한늑대,5,3 tahun lalu,Dia Diterjemahkan oleh Google ・ Lihat versi asli (Korea),False,True,2026-10-08 20:49:46
Nongsapura,Nongsapura Ferry Terminal,Remko Westra,3,6 tahun lalu,Terminal feri dasar Diterjemahkan oleh Google ・ Lihat versi asli (Inggris),False,True,2026-10-08 20:49:46
Nongsapura,Nongsapura Ferry Terminal,min thu,5,3 tahun lalu,Membersihkan Diterjemahkan oleh Google ・ Lihat versi asli (Inggris),False,True,2026-10-08 20:49:46
Nongsapura,Nongsapura Ferry Terminal,muhd zulfadli,5,8 tahun lalu,Terminal feri sederhana Diterjemahkan oleh Google ・ Lihat versi asli (Inggris),False,True,2026-10-08 20:49:46
Nongsapura,Nongsapura Ferry Terminal,Anang Kuswanto,5,9 tahun lalu,Tempat yang bagus Diterjemahkan oleh Google ・ Lihat versi asli (Inggris),False,True,2026-10-08 20:49:46
Nongsapura,Nongsapura Ferry Terminal,El Fazar,5,Diedit 8 tahun lalu,Bagus Diterjemahkan oleh Google ・ Lihat versi asli (Inggris),False,True,2026-10-08 20:49:46
Nongsapura,Nongsapura Ferry Terminal,Lorraine Fragante,5,9 tahun lalu,staf yang ramah Diterjemahkan oleh Google ・ Lihat versi asli (Inggris),False,True,2026-10-08 20:49:46
Nongsapura,Nongsapura Ferry Terminal,Yulianto Chandra,5,7 tahun lalu,Gerbang Diterjemahkan oleh Google ・ Lihat versi asli (Inggris),False,True,2026-10-08 20:49:46
Nongsapura,Nongsapura Ferry Terminal,M. Alvicky Satyawardana,5,7 tahun lalu,Terminal yang nyaman Diterjemahkan oleh Google ・ Lihat versi asli (Inggris),False,True,2026-10-08 20:49:46
Nongsapura,Nongsapura Ferry Terminal,Seog Soo Yie,3,8 tahun lalu,Terminal feri kecil Diterjemahkan oleh Google ・ Lihat versi asli (Inggris),False,True,2026-10-08 20:49:46
Nongsapura,Nongsapura Ferry Terminal,Kenneth Wong,5,7 tahun lalu,Suasana yang menyenangkan Diterjemahkan oleh Google ・ Lihat versi asli (Prancis),False,True,2026-10-08 20:49:46
Nongsapura,Nongsapura Ferry Terminal,Mahathir Abdullah,4,8 tahun lalu,Fasilitas lengkap Diterjemahkan oleh Google ・ Lihat versi asli (Inggris),False,True,2026-10-08 20:49:46
Nongsapura,Nongsapura Ferry Terminal,Ang Alden,5,6 tahun lalu,tidak buruk Diterjemahkan oleh Google ・ Lihat versi asli (Inggris),False,True,2026-10-08 20:49:46
Nongsapura,Nongsapura Ferry Terminal,Pangeran Uxpres,4,7 tahun lalu,Tempat yang nyaman Diterjemahkan oleh Google ・ Lihat versi asli (Inggris),False,True,2026-10-08 20:49:46
Nongsapura,Nongsapura Ferry Terminal,Goh Francis,3,8 tahun lalu,Beristirahat dan bersantai Diterjemahkan oleh Google ・ Lihat versi asli (Inggris),False,True,2026-10-08 20:49:46
Nongsapura,Nongsapura Ferry Terminal,Floyd Wee,5,8 tahun lalu,Terminal Feri di Batam Diterjemahkan oleh Google ・ Lihat versi asli (Inggris),False,True,2026-10-08 20:49:46
Nongsapura,Nongsapura Ferry Terminal,Andes Nick,4,12 tahun lalu,Datang dan lihatlah Diterjemahkan oleh Google ・ Lihat versi asli (Inggris),False,False,2026-10-08 20:49:46
Nongsapura,Nongsapura Ferry Terminal,M. Taufik Harrisakti,4,6 tahun lalu,,True,True,2026-10-08 20:49:46
Nongsapura,Nongsapura Ferry Terminal,D W,2,8 tahun lalu,Pelabuhan kekacauan Diterjemahkan oleh Google ・ Lihat versi asli (Inggris),False,True,2026-10-08 20:49:46
Nongsapura,Nongsapura Ferry Terminal,Dani Hidayat,5,6 tahun lalu,Oke Diterjemahkan oleh Google ・ Lihat versi asli (Inggris),False,True,2026-10-08 20:49:46
Nongsapura,Nongsapura Ferry Terminal,Tono Suyanto Liu,5,6 tahun lalu,Bagus Diterjemahkan oleh Google ・ Lihat versi asli (Inggris),False,True,2026-10-08 20:49:46
Nongsapura,Nongsapura Ferry Terminal,Joko Wahyudi,5,7 tahun lalu,Bagus Diterjemahkan oleh Google ・ Lihat versi asli (Inggris),False,True,2026-10-08 20:49:46
Nongsapura,Nongsapura Ferry Terminal,Ren Moslares,5,8 tahun lalu,Bersih dan rapi. Diterjemahkan oleh Google ・ Lihat versi asli (Inggris),False,True,2026-10-08 20:49:46
Nongsapura,Nongsapura Ferry Terminal,Bbte Ong,5,2 minggu lalu,"Terima kasih atas bantuan dan saran Anda, Bapak Samsudin. Terima kasih telah membuat perjalanan kami menyenangkan. Semoga hari Anda menyenangkan. Diterjemahkan oleh Google ・ Lihat versi asli (Inggris)",True,True,2026-10-08 20:49:46
Nongsapura,Nongsapura Ferry Terminal,Kevin Mealin,5,sebulan lalu,Naik feri dari Terminal Feri Tanah Merah adalah cara favorit saya untuk pergi ke Terminal Feri Nongsapura. Stafnya ramah dan membantu. Imigrasi sangat mudah. Sebagian besar waktu terminal feri tidak ramai. Diterjemahkan oleh Google ・ Lihat versi asli (Inggris),False,True,2026-10-08 20:49:46
Nongsapura,Nongsapura Ferry Terminal,Ithiphat Suthin,5,2 bulan lalu,"Resort ini menawarkan pengalaman yang benar-benar tenang dan damai, ditandai dengan suasana yang sunyi dan tingkat hunian yang rendah. Namun, sajian kulinernya mungkin tidak sesuai dengan selera semua orang, karena makanannya cenderung agak kering. Selama bulan madu kami, saya dan istri saya menginap di Tirta Seaview, yang menyediakan suasana yang sangat damai, memungkinkan momen-momen pribadi tanpa gangguan. Pantainya memiliki standar kebersihan yang tinggi. Satu-satunya kekurangan yang kami catat adalah ketersediaan makanan ringan yang terbatas. Untuk meningkatkan pengalaman menginap Anda, saya sarankan untuk membawa makanan ringan dan minuman beralkohol sendiri, jika dikonsumsi, sebelum kedatangan Anda di resort. Diterjemahkan oleh Google ・ Lihat versi asli (Inggris)",False,True,2026-10-08 20:49:46
Nongsapura,Nongsapura Ferry Terminal,محمد,5,2 bulan lalu,Tolong berikan AC. Diterjemahkan oleh Google ・ Lihat versi asli (Inggris),False,True,2026-10-08 20:49:46
Nongsapura,Nongsapura Ferry Terminal,박성효,5,2 bulan lalu,,False,True,2026-10-08 20:49:46
Nongsapura,Nongsapura Ferry Terminal,V pm,5,3 bulan lalu,,False,True,2026-10-08 20:49:46
Nongsapura,Nongsapura Ferry Terminal,EVO MJS,5,3 bulan lalu,,False,True,2026-10-08 20:49:46
Nongsapura,Nongsapura Ferry Terminal,Shu Yee,4,5 bulan lalu,,False,True,2026-10-08 20:49:46
Nongsapura,Nongsapura Ferry Terminal,Rokey Bro,5,7 bulan lalu,,False,False,2026-10-08 20:49:46
Nongsapura,Nongsapura Ferry Terminal,Thal Nu Phyu,5,8 bulan lalu,,False,True,2026-10-08 20:49:46
Nongsapura,Nongsapura Ferry Terminal,Muhammad Irwan,5,8 bulan lalu,,False,True,2026-10-08 20:49:46
Nongsapura,Nongsapura Ferry Terminal,Aries tari,4,Diedit 8 bulan lalu,,False,True,2026-10-08 20:49:46
Nongsapura,Nongsapura Ferry Terminal,Nudiyanto Trisakti,5,9 bulan lalu,,False,True,2026-10-08 20:49:46
Nongsapura,Nongsapura Ferry Terminal,Floyd Barboza,5,9 bulan lalu,,False,False,2026-10-08 20:49:46
Nongsapura,Nongsapura Ferry Terminal,Hafeeq Iswardiharto,5,10 bulan lalu,,False,False,2026-10-08 20:49:46
Nongsapura,Nongsapura Ferry Terminal,ilham tanjung,5,10 bulan lalu,,False,True,2026-10-08 20:49:46
Nongsapura,Nongsapura Ferry Terminal,Boy Irwan,5,setahun lalu,,False,True,2026-10-08 20:49:46
Nongsapura,Nongsapura Ferry Terminal,Kennychan 5775,5,setahun lalu,,False,True,2026-10-08 20:49:46
Nongsapura,Nongsapura Ferry Terminal,U Dee Batam,3,setahun lalu,,False,True,2026-10-08 20:49:46
Nongsapura,Nongsapura Ferry Terminal,S C,5,setahun lalu,,False,False,2026-10-08 20:49:46
Nongsapura,Nongsapura Ferry Terminal,Enrico Carlin,5,Diedit setahun lalu,"Tanggapan dari pemilik setahun lalu Terima kasih atas penilaian yang bagus, semoga perjalanan Anda lancar, kami tak sabar menunggu kunjungan Anda berikutnya. Diterjemahkan oleh Google ・ Lihat versi asli (Inggris)",False,True,2026-10-08 20:49:46
Nongsapura,Nongsapura Ferry Terminal,Heng Nam Puah,5,setahun lalu,,False,True,2026-10-08 20:49:46
Nongsapura,Nongsapura Ferry Terminal,Jesus Loves you,3,setahun lalu,,False,False,2026-10-08 20:49:46
Nongsapura,Nongsapura Ferry Terminal,Herman Rina,5,setahun lalu,,False,False,2026-10-08 20:49:46
Nongsapura,Nongsapura Ferry Terminal,Aditya Sahay,4,setahun lalu,,False,True,2026-10-08 20:49:46
Nongsapura,Nongsapura Ferry Terminal,Swee ee Koh,5,setahun lalu,,False,True,2026-10-08 20:49:46
Nongsapura,Nongsapura Ferry Terminal,Maxim Yue,5,setahun lalu,,False,True,2026-10-08 20:49:46
Nongsapura,Nongsapura Ferry Terminal,Lau Foon Yong,4,setahun lalu,,False,False,2026-10-08 20:49:46
Nongsapura,Nongsapura Ferry Terminal,Rahayu Afriana,5,setahun lalu,Tanggapan dari pemilik setahun lalu Terima kasih telah mempercayakan perjalanan Anda kepada kami. Kami menantikan kunjungan Anda berikutnya. Diterjemahkan oleh Google ・ Lihat versi asli (Inggris),False,False,2026-10-08 20:49:46
Nongsapura,Nongsapura Ferry Terminal,sharanya ravi,5,setahun lalu,,False,True,2026-10-08 20:49:46
Nongsapura,Nongsapura Ferry Terminal,Rexvin Ai Laundry,4,setahun lalu,,False,True,2026-10-08 20:49:46
Nongsapura,Nongsapura Ferry Terminal,Ph Vu Dinh,5,setahun lalu,"Tanggapan dari pemilik setahun lalu Terima kasih atas ulasannya, kami sangat senang menyambut kunjungan Anda berikutnya. Diterjemahkan oleh Google ・ Lihat versi asli (Inggris)",False,True,2026-10-08 20:49:46
Nongsapura,Nongsapura Ferry Terminal,Benedict Haridas,5,2 tahun lalu,,False,True,2026-10-08 20:49:46
Nongsapura,Nongsapura Ferry Terminal,Badar Husain,5,2 tahun lalu,,False,True,2026-10-08 20:49:46
Nongsapura,Nongsapura Ferry Terminal,Shermaine R,4,2 tahun lalu,,False,True,2026-10-08 20:49:46
Nongsapura,Nongsapura Ferry Terminal,jaymard montilla,5,2 tahun lalu,,False,False,2026-10-08 20:49:46
Nongsapura,Nongsapura Ferry Terminal,Richard 86,4,2 tahun lalu,,False,True,2026-10-08 20:49:46
Nongsapura,Nongsapura Ferry Terminal,VITRI JULIANI,5,2 tahun lalu,,False,True,2026-10-08 20:49:46
Nongsapura,Nongsapura Ferry Terminal,Armando Mendoza,5,2 tahun lalu,,False,False,2026-10-08 20:49:46
Nongsapura,Nongsapura Ferry Terminal,Tom Roberg,5,2 tahun lalu,,False,True,2026-10-08 20:49:46
Nongsapura,Nongsapura Ferry Terminal,Kelvin Chong,5,2 tahun lalu,,False,False,2026-10-08 20:49:46
Nongsapura,Nongsapura Ferry Terminal,Ankur Sinha,3,2 tahun lalu,,False,True,2026-10-08 20:49:46
Nongsapura,Nongsapura Ferry Terminal,Chantal D,3,2 tahun lalu,,False,True,2026-10-08 20:49:46
Nongsapura,Nongsapura Ferry Terminal,Safina Kristianti,4,2 tahun lalu,,False,False,2026-10-08 20:49:46
Nongsapura,Nongsapura Ferry Terminal,julinda kho,4,2 tahun lalu,,False,True,2026-10-08 20:49:46
Nongsapura,Nongsapura Ferry Terminal,Sylvia Tingson,5,3 tahun lalu,,True,True,2026-10-08 20:49:46
Nongsapura,Nongsapura Ferry Terminal,Sammuel C.,2,3 tahun lalu,,False,True,2026-10-08 20:49:46
Nongsapura,Nongsapura Ferry Terminal,Shrey Garg,4,3 tahun lalu,,False,True,2026-10-08 20:49:46
Nongsapura,Nongsapura Ferry Terminal,Daeng Giver,4,3 tahun lalu,,False,True,2026-10-08 20:49:46
Nongsapura,Nongsapura Ferry Terminal,Eris Herdiansyah,5,3 tahun lalu,,False,True,2026-10-08 20:49:46
Nongsapura,Nongsapura Ferry Terminal,Fatimah_ fatimah,5,3 tahun lalu,,False,True,2026-10-08 20:49:46
Nongsapura,Nongsapura Ferry Terminal,Epi Nofizal,5,3 tahun lalu,,False,True,2026-10-08 20:49:46
Nongsapura,Nongsapura Ferry Terminal,Allen Tan,4,3 tahun lalu,,False,True,2026-10-08 20:49:46
Nongsapura,Nongsapura Ferry Terminal,suwandri flo,5,3 tahun lalu,,False,True,2026-10-08 20:49:46
Nongsapura,Nongsapura Ferry Terminal,Chetan mistry,5,3 tahun lalu,,False,True,2026-10-08 20:49:46
Nongsapura,Nongsapura Ferry Terminal,Kaleb Er,5,3 tahun lalu,,False,True,2026-10-08 20:49:46
Nongsapura,Nongsapura Ferry Terminal,jaehyun park,4,3 tahun lalu,,False,False,2026-10-08 20:49:46
Nongsapura,Nongsapura Ferry Terminal,mardi asbari,4,3 tahun lalu,,False,True,2026-10-08 20:49:46
Nongsapura,Nongsapura Ferry Terminal,Steven Smith,2,3 tahun lalu,,False,True,2026-10-08 20:49:46
Nongsapura,Nongsapura Ferry Terminal,Nara Dewa,5,3 tahun lalu,,False,True,2026-10-08 20:49:46
Nongsapura,Nongsapura Ferry Terminal,Kang Gorengan,5,3 tahun lalu,,False,False,2026-10-08 20:49:46
Nongsapura,Nongsapura Ferry Terminal,Jeffrey KUEH,4,3 tahun lalu,,False,False,2026-10-08 20:49:46
Nongsapura,Nongsapura Ferry Terminal,Pitters de,5,3 tahun lalu,,False,True,2026-10-08 20:49:46
Nongsapura,Nongsapura Ferry Terminal,Salimmotor bsm racing,5,3 tahun lalu,,False,True,2026-10-08 20:49:46
Nongsapura,Nongsapura Ferry Terminal,one Some,5,3 tahun lalu,,False,True,2026-10-08 20:49:46
Nongsapura,Nongsapura Ferry Terminal,Sunita Pham,5,3 tahun lalu,,False,True,2026-10-08 20:49:46
Nongsapura,Nongsapura Ferry Terminal,Avinash Kota,5,3 tahun lalu,,False,True,2026-10-08 20:49:46
Nongsapura,Nongsapura Ferry Terminal,Winson Taw,5,3 tahun lalu,,False,True,2026-10-08 20:49:46
Nongsapura,Nongsapura Ferry Terminal,Abdurrahman Adam,5,3 tahun lalu,,False,False,2026-10-08 20:49:46
Nongsapura,Nongsapura Ferry Terminal,Isaac Wong,4,3 tahun lalu,,False,True,2026-10-08 20:49:46
Nongsapura,Nongsapura Ferry Terminal,Hau Taukhang,3,3 tahun lalu,,False,False,2026-10-08 20:49:46
Nongsapura,Nongsapura Ferry Terminal,elpen sukri,3,3 tahun lalu,,False,True,2026-10-08 20:49:46
Nongsapura,Nongsapura Ferry Terminal,Hariz H,5,3 tahun lalu,,False,False,2026-10-08 20:49:46
Nongsapura,Nongsapura Ferry Terminal,Sushant Pushkarna,5,3 tahun lalu,,False,True,2026-10-08 20:49:46
Nongsapura,Nongsapura Ferry Terminal,Lemmy,3,3 tahun lalu,,False,True,2026-10-08 20:49:46
Nongsapura,Nongsapura Ferry Terminal,Edmund Daryl Chan,3,3 tahun lalu,,False,True,2026-10-08 20:49:46
Nongsapura,Nongsapura Ferry Terminal,David Lim,5,3 tahun lalu,,False,True,2026-10-08 20:49:46
Nongsapura,Nongsapura Ferry Terminal,NG KOON ENG,4,3 tahun lalu,,False,True,2026-10-08 20:49:46
Nongsapura,Nongsapura Ferry Terminal,Idris Samad,4,3 tahun lalu,,False,True,2026-10-08 20:49:46
Nongsapura,Nongsapura Ferry Terminal,KavyaSri Ravichandiran,3,4 tahun lalu,,False,True,2026-10-08 20:49:46
Nongsapura,Nongsapura Ferry Terminal,Wee Kee,3,4 tahun lalu,,False,True,2026-10-08 20:49:46
Nongsapura,Nongsapura Ferry Terminal,Machdie M,5,4 tahun lalu,,False,True,2026-10-08 20:49:46
Nongsapura,Nongsapura Ferry Terminal,IKHTAFUL MASKUR,3,4 tahun lalu,,False,True,2026-10-08 20:49:46
Nongsapura,Nongsapura Ferry Terminal,Dustin Simon,3,4 tahun lalu,,False,True,2026-10-08 20:49:46
Nongsapura,Nongsapura Ferry Terminal,Delon Jabat.,5,4 tahun lalu,,False,False,2026-10-08 20:49:46
Nongsapura,Nongsapura Ferry Terminal,Yanuar Hadi Saputro,4,4 tahun lalu,,False,True,2026-10-08 20:49:46
Nongsapura,Nongsapura Ferry Terminal,Hail Kosnan,3,4 tahun lalu,,False,False,2026-10-08 20:49:46
Nongsapura,Nongsapura Ferry Terminal,Linda wulansari,4,4 tahun lalu,,False,False,2026-10-08 20:49:46
Nongsapura,Nongsapura Ferry Terminal,christian shenjaya,5,4 tahun lalu,,False,True,2026-10-08 20:49:46
Nongsapura,Nongsapura Ferry Terminal,mulyati achmad,4,4 tahun lalu,,False,True,2026-10-08 20:49:46
Nongsapura,Nongsapura Ferry Terminal,Omar Don,5,4 tahun lalu,,False,True,2026-10-08 20:49:46
Nongsapura,Nongsapura Ferry Terminal,Bull BM,5,4 tahun lalu,,False,False,2026-10-08 20:49:46
Nongsapura,Nongsapura Ferry Terminal,Gabe Siagian,5,4 tahun lalu,,False,False,2026-10-08 20:49:46
Nongsapura,Nongsapura Ferry Terminal,Mohd Nispu,1,4 tahun lalu,,False,False,2026-10-08 20:49:46
Nongsapura,Nongsapura Ferry Terminal,Ed santos,5,Diedit 4 tahun lalu,,False,True,2026-10-08 20:49:46
Nongsapura,Nongsapura Ferry Terminal,Gun Arsih,1,4 tahun lalu,,False,True,2026-10-08 20:49:46
Nongsapura,Nongsapura Ferry Terminal,Margono,5,4 tahun lalu,,False,True,2026-10-08 20:49:46
Nongsapura,Nongsapura Ferry Terminal,Mantri sunat kondang,5,4 tahun lalu,,False,True,2026-10-08 20:49:46
Nongsapura,Nongsapura Ferry Terminal,Azhari Permana 86,5,4 tahun lalu,,False,True,2026-10-08 20:49:46
Nongsapura,Nongsapura Ferry Terminal,evi hafisah,5,4 tahun lalu,,False,False,2026-10-08 20:49:46
Nongsapura,Nongsapura Ferry Terminal,Iwan Kurniawan,5,4 tahun lalu,,False,False,2026-10-08 20:49:46
Nongsapura,Nongsapura Ferry Terminal,Bagus Purbo Raharjo,5,4 tahun lalu,,False,True,2026-10-08 20:49:46
Nongsapura,Nongsapura Ferry Terminal,EDY S,5,5 tahun lalu,,False,True,2026-10-08 20:49:46
Nongsapura,Nongsapura Ferry Terminal,teguh widodo,3,5 tahun lalu,,False,True,2026-10-08 20:49:46
Nongsapura,Nongsapura Ferry Terminal,Tommy Frabowo,4,5 tahun lalu,,False,False,2026-10-08 20:49:46
Nongsapura,Nongsapura Ferry Terminal,Raja Putri Mardina,4,5 tahun lalu,,False,False,2026-10-08 20:49:46
Nongsapura,Nongsapura Ferry Terminal,katon,5,5 tahun lalu,,False,True,2026-10-08 20:49:46
Nongsapura,Nongsapura Ferry Terminal,Isyana Maharani,4,5 tahun lalu,,False,False,2026-10-08 20:49:46
Nongsapura,Nongsapura Ferry Terminal,Yuni Yuni,5,5 tahun lalu,,False,True,2026-10-08 20:49:46
Nongsapura,Nongsapura Ferry Terminal,alfa satria,5,5 tahun lalu,,False,False,2026-10-08 20:49:46
Nongsapura,Nongsapura Ferry Terminal,Rudy Drm,5,5 tahun lalu,,True,True,2026-10-08 20:49:46
Nongsapura,Nongsapura Ferry Terminal,Rustam Efendi,5,5 tahun lalu,,False,True,2026-10-08 20:49:46
Nongsapura,Nongsapura Ferry Terminal,Andreas Kusworo,5,5 tahun lalu,,False,True,2026-10-08 20:49:46
Nongsapura,Nongsapura Ferry Terminal,PROJECT 89,5,6 tahun lalu,,False,False,2026-10-08 20:49:46
Nongsapura,Nongsapura Ferry Terminal,sitinurhidayati hidayah,3,6 tahun lalu,,False,False,2026-10-08 20:49:46
Nongsapura,Nongsapura Ferry Terminal,Elia Wardani,5,6 tahun lalu,,False,True,2026-10-08 20:49:46
Nongsapura,Nongsapura Ferry Terminal,Andi Reshama08,5,6 tahun lalu,,False,True,2026-10-08 20:49:46
Nongsapura,Nongsapura Ferry Terminal,Eka Febriadi,4,6 tahun lalu,,False,True,2026-10-08 20:49:46
Nongsapura,Nongsapura Ferry Terminal,Caption JORDON WEE,5,6 tahun lalu,,False,False,2026-10-08 20:49:46
Nongsapura,Nongsapura Ferry Terminal,Muhammad Senen,5,6 tahun lalu,,False,False,2026-10-08 20:49:46
Nongsapura,Nongsapura Ferry Terminal,Daniel Ang,3,6 tahun lalu,,False,True,2026-10-08 20:49:46
Nongsapura,Nongsapura Ferry Terminal,Anas Aditya,4,6 tahun lalu,,False,False,2026-10-08 20:49:46
Nongsapura,Nongsapura Ferry Terminal,chandro simanjuntak,5,6 tahun lalu,,False,False,2026-10-08 20:49:46
Nongsapura,Nongsapura Ferry Terminal,roundice1,4,6 tahun lalu,,False,True,2026-10-08 20:49:46
Nongsapura,Nongsapura Ferry Terminal,Riszky Nourlette,5,6 tahun lalu,,False,True,2026-10-08 20:49:46
Nongsapura,Nongsapura Ferry Terminal,Deepali Bhatia,4,6 tahun lalu,,False,True,2026-10-08 20:49:46
Nongsapura,Nongsapura Ferry Terminal,チャールズ,5,6 tahun lalu,,False,True,2026-10-08 20:49:46
Nongsapura,Nongsapura Ferry Terminal,정은숙,3,6 tahun lalu,,False,True,2026-10-08 20:49:46
Nongsapura,Nongsapura Ferry Terminal,Brian Pepper,5,6 tahun lalu,,False,True,2026-10-08 20:49:46
Nongsapura,Nongsapura Ferry Terminal,fukufuku1958宏（fukufuku1958）,3,6 tahun lalu,,False,True,2026-10-08 20:49:46
Nongsapura,Nongsapura Ferry Terminal,JHER-EL GIFT,4,6 tahun lalu,,False,True,2026-10-08 20:49:46
Nongsapura,Nongsapura Ferry Terminal,Martya Roselina,4,6 tahun lalu,,False,True,2026-10-08 20:49:46
Nongsapura,Nongsapura Ferry Terminal,열창도화,5,6 tahun lalu,,False,True,2026-10-08 20:49:46
Nongsapura,Nongsapura Ferry Terminal,Christine Alnes,3,6 tahun lalu,,False,True,2026-10-08 20:49:46
Nongsapura,Nongsapura Ferry Terminal,Adi Raj,5,6 tahun lalu,,False,True,2026-10-08 20:49:46
Nongsapura,Nongsapura Ferry Terminal,Erwin Yu,4,6 tahun lalu,,False,True,2026-10-08 20:49:46
Nongsapura,Nongsapura Ferry Terminal,Kamelya Sandra,5,6 tahun lalu,,False,False,2026-10-08 20:49:46
Nongsapura,Nongsapura Ferry Terminal,Siswandi Andi,5,6 tahun lalu,,False,False,2026-10-08 20:49:46
Nongsapura,Nongsapura Ferry Terminal,Muhd Ashraf Arsat,4,6 tahun lalu,,False,True,2026-10-08 20:49:46
Nongsapura,Nongsapura Ferry Terminal,Yetriza,5,6 tahun lalu,,False,True,2026-10-08 20:49:46
Nongsapura,Nongsapura Ferry Terminal,Izmi Alnabawi,5,6 tahun lalu,,False,False,2026-10-08 20:49:46
Nongsapura,Nongsapura Ferry Terminal,神童寶,5,6 tahun lalu,,False,True,2026-10-08 20:49:46
Nongsapura,Nongsapura Ferry Terminal,Anggeliq Claudya Mariberth Tola,5,6 tahun lalu,,False,False,2026-10-08 20:49:46
Nongsapura,Nongsapura Ferry Terminal,arvian ringga,4,6 tahun lalu,,False,True,2026-10-08 20:49:46
Nongsapura,Nongsapura Ferry Terminal,NeyNey Lising,2,6 tahun lalu,,False,True,2026-10-08 20:49:46
Nongsapura,Nongsapura Ferry Terminal,Isna Inawati,5,6 tahun lalu,,False,True,2026-10-08 20:49:46
Nongsapura,Nongsapura Ferry Terminal,Marg Blood,5,6 tahun lalu,,False,True,2026-10-08 20:49:46
Nongsapura,Nongsapura Ferry Terminal,Pang Liang Ong,4,6 tahun lalu,,False,True,2026-10-08 20:49:46
Nongsapura,Nongsapura Ferry Terminal,Sabarah abu bakar,4,6 tahun lalu,,False,False,2026-10-08 20:49:46
Nongsapura,Nongsapura Ferry Terminal,Rody Jasra Rajo Lenggang Nan Moedo,5,6 tahun lalu,,False,True,2026-10-08 20:49:46
Nongsapura,Nongsapura Ferry Terminal,Biswajit Paul,4,6 tahun lalu,,False,True,2026-10-08 20:49:46
Nongsapura,Nongsapura Ferry Terminal,Irene Toh,5,6 tahun lalu,,False,True,2026-10-08 20:49:46
Nongsapura,Nongsapura Ferry Terminal,nurul aida,4,6 tahun lalu,,False,True,2026-10-08 20:49:46
Nongsapura,Nongsapura Ferry Terminal,Andrea Bettoni,4,6 tahun lalu,,False,True,2026-10-08 20:49:46
Nongsapura,Nongsapura Ferry Terminal,Chris Fnu,5,6 tahun lalu,,False,False,2026-10-08 20:49:46
Nongsapura,Nongsapura Ferry Terminal,pinoyako Lala,5,6 tahun lalu,,False,True,2026-10-08 20:49:46
Nongsapura,Nongsapura Ferry Terminal,PAOLO NALIN,4,6 tahun lalu,,False,True,2026-10-08 20:49:46
Nongsapura,Nongsapura Ferry Terminal,Alex F,5,7 tahun lalu,,False,True,2026-10-08 20:49:46
Nongsapura,Nongsapura Ferry Terminal,Osman Asra,4,7 tahun lalu,,False,False,2026-10-08 20:49:46
Nongsapura,Nongsapura Ferry Terminal,Putri Nidya Pharamita,4,7 tahun lalu,,False,True,2026-10-08 20:49:46
Nongsapura,Nongsapura Ferry Terminal,곽동하,5,7 tahun lalu,,False,True,2026-10-08 20:49:46
Nongsapura,Nongsapura Ferry Terminal,Vahine Vio,3,7 tahun lalu,,False,True,2026-10-08 20:49:46
Nongsapura,Nongsapura Ferry Terminal,KJ Lee,4,7 tahun lalu,,False,True,2026-10-08 20:49:46
Nongsapura,Nongsapura Ferry Terminal,Ruwan Chathuranga,4,7 tahun lalu,,False,True,2026-10-08 20:49:46
Nongsapura,Nongsapura Ferry Terminal,James Irving,3,7 tahun lalu,,False,True,2026-10-08 20:49:46
Nongsapura,Nongsapura Ferry Terminal,Inkshop Colombo,4,7 tahun lalu,Oke Diterjemahkan oleh Google ・ Lihat versi asli (Inggris),False,True,2026-10-08 20:49:46
Nongsapura,Nongsapura Ferry Terminal,marumone,3,7 tahun lalu,,False,True,2026-10-08 20:49:46
Nongsapura,Nongsapura Ferry Terminal,벌레먹은사과 (벌레먹은사과),3,7 tahun lalu,,False,True,2026-10-08 20:49:46
Nongsapura,Nongsapura Ferry Terminal,Andri Ayani,5,7 tahun lalu,,False,True,2026-10-08 20:49:46
Nongsapura,Nongsapura Ferry Terminal,Denok Natalia,4,7 tahun lalu,,False,True,2026-10-08 20:49:46
Nongsapura,Nongsapura Ferry Terminal,Nicholas Zeng,4,7 tahun lalu,,False,True,2026-10-08 20:49:46
Nongsapura,Nongsapura Ferry Terminal,るるるててて,2,7 tahun lalu,,False,True,2026-10-08 20:49:46
Nongsapura,Nongsapura Ferry Terminal,Rupash Pratap Singh,5,7 tahun lalu,,False,True,2026-10-08 20:49:46
Nongsapura,Nongsapura Ferry Terminal,Lasben Sitinjak,3,7 tahun lalu,,False,True,2026-10-08 20:49:46
Nongsapura,Nongsapura Ferry Terminal,Amar Chaudhary,4,7 tahun lalu,,False,False,2026-10-08 20:49:46
Nongsapura,Nongsapura Ferry Terminal,Lasidi Batam,5,7 tahun lalu,,False,False,2026-10-08 20:49:46
Nongsapura,Nongsapura Ferry Terminal,Angel Arora,4,7 tahun lalu,,False,False,2026-10-08 20:49:46
Nongsapura,Nongsapura Ferry Terminal,J Ap,4,7 tahun lalu,,False,True,2026-10-08 20:49:46
Nongsapura,Nongsapura Ferry Terminal,Paneer Selvan,3,7 tahun lalu,,False,True,2026-10-08 20:49:46
Nongsapura,Nongsapura Ferry Terminal,Jackson Wong,3,7 tahun lalu,,False,True,2026-10-08 20:49:46
Nongsapura,Nongsapura Ferry Terminal,Rasta Batam official,4,7 tahun lalu,,False,True,2026-10-08 20:49:46
Nongsapura,Nongsapura Ferry Terminal,Mr. Jr Hustle Apull,3,7 tahun lalu,,False,True,2026-10-08 20:49:46
Nongsapura,Nongsapura Ferry Terminal,Tuan Bela,4,7 tahun lalu,,False,True,2026-10-08 20:49:46
Nongsapura,Nongsapura Ferry Terminal,Dimas Agy,3,7 tahun lalu,,False,True,2026-10-08 20:49:46
Nongsapura,Nongsapura Ferry Terminal,VRC,3,7 tahun lalu,,False,True,2026-10-08 20:49:46
Nongsapura,Nongsapura Ferry Terminal,Rominof Rahmat,3,7 tahun lalu,,False,True,2026-10-08 20:49:46
Nongsapura,Nongsapura Ferry Terminal,Avery Foo,5,7 tahun lalu,,False,False,2026-10-08 20:49:46
Nongsapura,Nongsapura Ferry Terminal,steven batan,4,7 tahun lalu,,False,True,2026-10-08 20:49:46
Nongsapura,Nongsapura Ferry Terminal,Wang Wei Xiang,4,7 tahun lalu,,False,True,2026-10-08 20:49:46
Nongsapura,Nongsapura Ferry Terminal,Jun Hong Park,4,7 tahun lalu,,False,True,2026-10-08 20:49:46
Nongsapura,Nongsapura Ferry Terminal,CATUR FATCHU UKHRIYAWATI,5,7 tahun lalu,,False,True,2026-10-08 20:49:46
Nongsapura,Nongsapura Ferry Terminal,Kevan Tay,1,7 tahun lalu,,False,False,2026-10-08 20:49:46
Nongsapura,Nongsapura Ferry Terminal,Devid Lau,4,7 tahun lalu,,False,True,2026-10-08 20:49:46
Nongsapura,Nongsapura Ferry Terminal,Wahkid Joko,3,7 tahun lalu,,False,False,2026-10-08 20:49:46
Nongsapura,Nongsapura Ferry Terminal,Georgina S,5,7 tahun lalu,,False,True,2026-10-08 20:49:46
Nongsapura,Nongsapura Ferry Terminal,Balaji Sivakumar,4,7 tahun lalu,,False,True,2026-10-08 20:49:46
Nongsapura,Nongsapura Ferry Terminal,Mior Abdul Aziz Wari,4,7 tahun lalu,,False,True,2026-10-08 20:49:46
Nongsapura,Nongsapura Ferry Terminal,luke Loh,3,7 tahun lalu,,False,True,2026-10-08 20:49:46
Nongsapura,Nongsapura Ferry Terminal,Fiona Chan,5,7 tahun lalu,,False,False,2026-10-08 20:49:46
Nongsapura,Nongsapura Ferry Terminal,dongkies,5,7 tahun lalu,,False,True,2026-10-08 20:49:46
Nongsapura,Nongsapura Ferry Terminal,Mohamad Muhajirin,4,7 tahun lalu,,False,True,2026-10-08 20:49:46
Nongsapura,Nongsapura Ferry Terminal,Anthony Loh,4,7 tahun lalu,,False,True,2026-10-08 20:49:46
Nongsapura,Nongsapura Ferry Terminal,Diana Thersia,1,Diedit 7 tahun lalu,,False,False,2026-10-08 20:49:46
Nongsapura,Nongsapura Ferry Terminal,Kevin Wu,3,7 tahun lalu,,False,False,2026-10-08 20:49:46
Nongsapura,Nongsapura Ferry Terminal,Joko Susanto,5,7 tahun lalu,,False,False,2026-10-08 20:49:46
Nongsapura,Nongsapura Ferry Terminal,Masaya K,3,7 tahun lalu,,False,True,2026-10-08 20:49:46
Nongsapura,Nongsapura Ferry Terminal,TADY,5,7 tahun lalu,,False,True,2026-10-08 20:49:46
Nongsapura,Nongsapura Ferry Terminal,Laxman Nayak,4,7 tahun lalu,,False,True,2026-10-08 20:49:46
Nongsapura,Nongsapura Ferry Terminal,Taufiq Arifien,5,7 tahun lalu,Tempat yang bagus Diterjemahkan oleh Google ・ Lihat versi asli (Inggris),False,True,2026-10-08 20:49:46
Nongsapura,Nongsapura Ferry Terminal,Johnny T,3,7 tahun lalu,,True,True,2026-10-08 20:49:46
Nongsapura,Nongsapura Ferry Terminal,Aaron Choi,3,7 tahun lalu,,False,True,2026-10-08 20:49:46
Nongsapura,Nongsapura Ferry Terminal,野村知宏,3,7 tahun lalu,,False,False,2026-10-08 20:49:46
Nongsapura,Nongsapura Ferry Terminal,summerhu Mohamed,4,7 tahun lalu,,False,True,2026-10-08 20:49:46
Nongsapura,Nongsapura Ferry Terminal,Yuni Cintia,4,7 tahun lalu,,False,True,2026-10-08 20:49:46
Nongsapura,Nongsapura Ferry Terminal,Abhie Ryo,3,7 tahun lalu,,False,True,2026-10-08 20:49:46
Nongsapura,Nongsapura Ferry Terminal,ai,4,7 tahun lalu,,False,True,2026-10-08 20:49:46
Nongsapura,Nongsapura Ferry Terminal,NOVA SIAHAAN,5,7 tahun lalu,,False,True,2026-10-08 20:49:46
Nongsapura,Nongsapura Ferry Terminal,Adnan Baradja,5,7 tahun lalu,Bagus Diterjemahkan oleh Google ・ Lihat versi asli (Inggris),False,True,2026-10-08 20:49:46
Nongsapura,Nongsapura Ferry Terminal,Mohd Kassim,2,7 tahun lalu,,False,True,2026-10-08 20:49:46
Nongsapura,Nongsapura Ferry Terminal,Patrick Ng,3,7 tahun lalu,Bagus Diterjemahkan oleh Google ・ Lihat versi asli (Inggris),False,True,2026-10-08 20:49:46
Nongsapura,Nongsapura Ferry Terminal,Desi Susanti,4,7 tahun lalu,,False,False,2026-10-08 20:49:46
Nongsapura,Nongsapura Ferry Terminal,Agus Sholikin,5,7 tahun lalu,,False,True,2026-10-08 20:49:46
Nongsapura,Nongsapura Ferry Terminal,Jayanth P L (JAY),5,7 tahun lalu,,False,True,2026-10-08 20:49:46
Nongsapura,Nongsapura Ferry Terminal,한국희,3,7 tahun lalu,,False,True,2026-10-08 20:49:46
Nongsapura,Nongsapura Ferry Terminal,irwan idham,5,7 tahun lalu,Bagus Diterjemahkan oleh Google ・ Lihat versi asli (Inggris),False,True,2026-10-08 20:49:46
Nongsapura,Nongsapura Ferry Terminal,Kalpataru Mishra,3,7 tahun lalu,,False,True,2026-10-08 20:49:46
Nongsapura,Nongsapura Ferry Terminal,J L,3,7 tahun lalu,,False,True,2026-10-08 20:49:46
Nongsapura,Nongsapura Ferry Terminal,Moh Masykur,1,7 tahun lalu,,False,False,2026-10-08 20:49:46
Nongsapura,Nongsapura Ferry Terminal,Wiwit Sugeng,4,7 tahun lalu,,False,True,2026-10-08 20:49:46
Nongsapura,Nongsapura Ferry Terminal,john thomas,5,7 tahun lalu,,False,True,2026-10-08 20:49:46
Nongsapura,Nongsapura Ferry Terminal,Sanjana Vasist,5,7 tahun lalu,,False,True,2026-10-08 20:49:46
Nongsapura,Nongsapura Ferry Terminal,Sri Widianignsih,4,7 tahun lalu,,False,False,2026-10-08 20:49:46
Nongsapura,Nongsapura Ferry Terminal,Se Mariani,5,7 tahun lalu,,False,False,2026-10-08 20:49:46
Nongsapura,Nongsapura Ferry Terminal,PETER STOTT,5,7 tahun lalu,,False,True,2026-10-08 20:49:46
Nongsapura,Nongsapura Ferry Terminal,Eko Suprianto,2,7 tahun lalu,,False,True,2026-10-08 20:49:46
Nongsapura,Nongsapura Ferry Terminal,Nipun Aditya Chawla,4,7 tahun lalu,,False,True,2026-10-08 20:49:46
Nongsapura,Nongsapura Ferry Terminal,Kenneth Chua (Renascence),4,7 tahun lalu,,False,True,2026-10-08 20:49:46
Nongsapura,Nongsapura Ferry Terminal,ihsan hidayat,4,7 tahun lalu,,False,True,2026-10-08 20:49:46
Nongsapura,Nongsapura Ferry Terminal,Parjianto Ok,4,8 tahun lalu,,False,True,2026-10-08 20:49:46
Nongsapura,Nongsapura Ferry Terminal,Edmund Cheng,3,8 tahun lalu,,False,True,2026-10-08 20:49:46
Nongsapura,Nongsapura Ferry Terminal,BC Quah,4,8 tahun lalu,,False,True,2026-10-08 20:49:46
Nongsapura,Nongsapura Ferry Terminal,ML,4,8 tahun lalu,,False,True,2026-10-08 20:49:46
Nongsapura,Nongsapura Ferry Terminal,Mikko Kortesluoma,5,8 tahun lalu,,False,True,2026-10-08 20:49:46
Nongsapura,Nongsapura Ferry Terminal,imam Mustaqqim,5,8 tahun lalu,,False,True,2026-10-08 20:49:46
Nongsapura,Nongsapura Ferry Terminal,ted escanuela,4,8 tahun lalu,,False,True,2026-10-08 20:49:46
Nongsapura,Nongsapura Ferry Terminal,Ding Su,2,8 tahun lalu,,False,False,2026-10-08 20:49:46
Nongsapura,Nongsapura Ferry Terminal,Dav Ng,4,8 tahun lalu,,False,True,2026-10-08 20:49:46
Nongsapura,Nongsapura Ferry Terminal,Ashutosh Mehrotra,4,8 tahun lalu,,False,True,2026-10-08 20:49:46
Nongsapura,Nongsapura Ferry Terminal,Erik Napitu,5,8 tahun lalu,,False,True,2026-10-08 20:49:46
Nongsapura,Nongsapura Ferry Terminal,Senthil Rajan Subbarayan,4,8 tahun lalu,,False,True,2026-10-08 20:49:46
Nongsapura,Nongsapura Ferry Terminal,Rizky Salman,5,8 tahun lalu,,False,False,2026-10-08 20:49:46
Nongsapura,Nongsapura Ferry Terminal,widia wd,4,8 tahun lalu,,False,False,2026-10-08 20:49:46
Nongsapura,Nongsapura Ferry Terminal,阿平,4,8 tahun lalu,,False,True,2026-10-08 20:49:46
Nongsapura,Nongsapura Ferry Terminal,Loh Yeong Hong,5,8 tahun lalu,,False,True,2026-10-08 20:49:46
Nongsapura,Nongsapura Ferry Terminal,Dengan Siregar,5,8 tahun lalu,,False,False,2026-10-08 20:49:46
Nongsapura,Nongsapura Ferry Terminal,kokwei lee,4,8 tahun lalu,,False,True,2026-10-08 20:49:46
Nongsapura,Nongsapura Ferry Terminal,eduard siahaan,4,8 tahun lalu,,False,True,2026-10-08 20:49:46
Nongsapura,Nongsapura Ferry Terminal,Jean-Francois Gebhart,3,8 tahun lalu,,False,True,2026-10-08 20:49:46
Nongsapura,Nongsapura Ferry Terminal,rafeeque -,3,8 tahun lalu,,False,True,2026-10-08 20:49:46
Nongsapura,Nongsapura Ferry Terminal,B.P. Bhatt,2,8 tahun lalu,,False,True,2026-10-08 20:49:46
Nongsapura,Nongsapura Ferry Terminal,Firman Edi,1,8 tahun lalu,,False,False,2026-10-08 20:49:46
Nongsapura,Nongsapura Ferry Terminal,fernandez rizky,5,8 tahun lalu,,False,True,2026-10-08 20:49:46
Nongsapura,Nongsapura Ferry Terminal,K fC,4,8 tahun lalu,,False,True,2026-10-08 20:49:46
Nongsapura,Nongsapura Ferry Terminal,michael lim,4,8 tahun lalu,,False,True,2026-10-08 20:49:46
Nongsapura,Nongsapura Ferry Terminal,Paul Smith,2,8 tahun lalu,,False,True,2026-10-08 20:49:46
Nongsapura,Nongsapura Ferry Terminal,Alexis Pey,1,8 tahun lalu,,False,True,2026-10-08 20:49:46
Nongsapura,Nongsapura Ferry Terminal,Binoj jacob,5,8 tahun lalu,,False,True,2026-10-08 20:49:46
Nongsapura,Nongsapura Ferry Terminal,front art,5,8 tahun lalu,,False,True,2026-10-08 20:49:46
Nongsapura,Nongsapura Ferry Terminal,LWF SL Leong,3,8 tahun lalu,,False,True,2026-10-08 20:49:46
Nongsapura,Nongsapura Ferry Terminal,Sufi Arif,4,8 tahun lalu,,False,True,2026-10-08 20:49:46
Nongsapura,Nongsapura Ferry Terminal,Ravindra Gupta,4,8 tahun lalu,,False,True,2026-10-08 20:49:46
Nongsapura,Nongsapura Ferry Terminal,Hujaenal Atmaja,5,8 tahun lalu,,False,True,2026-10-08 20:49:46
Nongsapura,Nongsapura Ferry Terminal,Jun Xiong,4,8 tahun lalu,,False,True,2026-10-08 20:49:46
Nongsapura,Nongsapura Ferry Terminal,Joep Koenen,3,8 tahun lalu,,False,True,2026-10-08 20:49:46
Nongsapura,Nongsapura Ferry Terminal,Tony Wijaya,4,8 tahun lalu,,False,True,2026-10-08 20:49:46
Nongsapura,Nongsapura Ferry Terminal,P. Erikson Saragi,4,8 tahun lalu,,False,True,2026-10-08 20:49:46
Nongsapura,Nongsapura Ferry Terminal,Ryan Aldrich,4,8 tahun lalu,,False,True,2026-10-08 20:49:46
Nongsapura,Nongsapura Ferry Terminal,Jun Din,4,8 tahun lalu,,False,True,2026-10-08 20:49:46
Nongsapura,Nongsapura Ferry Terminal,pegasus “zahid” drag,5,8 tahun lalu,,False,True,2026-10-08 20:49:46
Nongsapura,Nongsapura Ferry Terminal,Mayur Motwani,4,8 tahun lalu,,False,True,2026-10-08 20:49:46
Nongsapura,Nongsapura Ferry Terminal,PATRIC PAUL,5,8 tahun lalu,,False,True,2026-10-08 20:49:46
Nongsapura,Nongsapura Ferry Terminal,Muhammad Andika,2,8 tahun lalu,,False,True,2026-10-08 20:49:46
Nongsapura,Nongsapura Ferry Terminal,keling Putat,5,8 tahun lalu,,False,False,2026-10-08 20:49:46
Nongsapura,Nongsapura Ferry Terminal,teguh anantawikrama,3,8 tahun lalu,,False,True,2026-10-08 20:49:46
Nongsapura,Nongsapura Ferry Terminal,WANG SHER ER,4,8 tahun lalu,,False,True,2026-10-08 20:49:46
Nongsapura,Nongsapura Ferry Terminal,JB R,5,8 tahun lalu,,False,True,2026-10-08 20:49:46
Nongsapura,Nongsapura Ferry Terminal,SzeHan Goh,5,8 tahun lalu,,False,False,2026-10-08 20:49:46
Nongsapura,Nongsapura Ferry Terminal,John Mark Flores,4,8 tahun lalu,,False,True,2026-10-08 20:49:46
Nongsapura,Nongsapura Ferry Terminal,Rizky Fernandez,5,8 tahun lalu,,False,True,2026-10-08 20:49:46
Nongsapura,Nongsapura Ferry Terminal,anas ashraf,3,8 tahun lalu,,False,False,2026-10-08 20:49:46
Nongsapura,Nongsapura Ferry Terminal,Adi Adi,5,8 tahun lalu,,False,True,2026-10-08 20:49:46
Nongsapura,Nongsapura Ferry Terminal,Ravi Kasturi,4,8 tahun lalu,,False,True,2026-10-08 20:49:46
Nongsapura,Nongsapura Ferry Terminal,Mag Yen,3,8 tahun lalu,,False,True,2026-10-08 20:49:46
Nongsapura,Nongsapura Ferry Terminal,Hamid,2,8 tahun lalu,,False,True,2026-10-08 20:49:46
Nongsapura,Nongsapura Ferry Terminal,Candra Perwira Komara,5,8 tahun lalu,,False,True,2026-10-08 20:49:46
Nongsapura,Nongsapura Ferry Terminal,Sung Kono,5,8 tahun lalu,,False,True,2026-10-08 20:49:46
Nongsapura,Nongsapura Ferry Terminal,Jeroen Rutten,3,8 tahun lalu,,False,True,2026-10-08 20:49:46
Nongsapura,Nongsapura Ferry Terminal,Zeno Goh,5,8 tahun lalu,,False,True,2026-10-08 20:49:46
Nongsapura,Nongsapura Ferry Terminal,Khian Fung Wong,4,8 tahun lalu,,False,True,2026-10-08 20:49:46
Nongsapura,Nongsapura Ferry Terminal,Shaofan She,5,8 tahun lalu,,False,True,2026-10-08 20:49:46
Nongsapura,Nongsapura Ferry Terminal,Delcie Lam (Sensitive Chef),5,8 tahun lalu,,False,True,2026-10-08 20:49:46
Nongsapura,Nongsapura Ferry Terminal,revi yulia,5,8 tahun lalu,,False,False,2026-10-08 20:49:46
Nongsapura,Nongsapura Ferry Terminal,Kok Siang Tan,3,8 tahun lalu,,False,False,2026-10-08 20:49:46
Nongsapura,Nongsapura Ferry Terminal,andri kiswanto,5,8 tahun lalu,,False,False,2026-10-08 20:49:46
Nongsapura,Nongsapura Ferry Terminal,Rico S,4,8 tahun lalu,,False,True,2026-10-08 20:49:46
Nongsapura,Nongsapura Ferry Terminal,Urvil Modi,4,8 tahun lalu,,False,True,2026-10-08 20:49:46
Nongsapura,Nongsapura Ferry Terminal,허만회,4,8 tahun lalu,,False,True,2026-10-08 20:49:46
Nongsapura,Nongsapura Ferry Terminal,Khai En Choong,2,8 tahun lalu,,False,True,2026-10-08 20:49:46
Nongsapura,Nongsapura Ferry Terminal,Yumin Kang,4,8 tahun lalu,,False,False,2026-10-08 20:49:46
Nongsapura,Nongsapura Ferry Terminal,g,3,8 tahun lalu,,False,True,2026-10-08 20:49:46
Nongsapura,Nongsapura Ferry Terminal,Stefan Wennemar,5,8 tahun lalu,,False,True,2026-10-08 20:49:46
Nongsapura,Nongsapura Ferry Terminal,Jentiwandes Manalu,4,8 tahun lalu,,False,True,2026-10-08 20:49:46
Nongsapura,Nongsapura Ferry Terminal,Mr P,4,8 tahun lalu,,False,True,2026-10-08 20:49:46
Nongsapura,Nongsapura Ferry Terminal,Original Pep,3,8 tahun lalu,,False,False,2026-10-08 20:49:46
Nongsapura,Nongsapura Ferry Terminal,Ian Mc,4,8 tahun lalu,,False,True,2026-10-08 20:49:46
Nongsapura,Nongsapura Ferry Terminal,Sariyan -,5,8 tahun lalu,,False,True,2026-10-08 20:49:46
Nongsapura,Nongsapura Ferry Terminal,Janneke K,5,8 tahun lalu,,False,False,2026-10-08 20:49:46
Nongsapura,Nongsapura Ferry Terminal,Aaron Tan,4,8 tahun lalu,,False,True,2026-10-08 20:49:46
Nongsapura,Nongsapura Ferry Terminal,Hardi Djadul,4,8 tahun lalu,,False,True,2026-10-08 20:49:46
Nongsapura,Nongsapura Ferry Terminal,melkyor fadly,5,8 tahun lalu,,False,False,2026-10-08 20:49:46
Nongsapura,Nongsapura Ferry Terminal,dwi hardani,5,8 tahun lalu,,False,False,2026-10-08 20:49:46
Nongsapura,Nongsapura Ferry Terminal,yan zhau sim,4,8 tahun lalu,,False,True,2026-10-08 20:49:46
Nongsapura,Nongsapura Ferry Terminal,Cho Oo,3,8 tahun lalu,Tempat yang bagus. Diterjemahkan oleh Google ・ Lihat versi asli (Inggris),False,True,2026-10-08 20:49:46
Nongsapura,Nongsapura Ferry Terminal,Trans Grosir,4,8 tahun lalu,,False,True,2026-10-08 20:49:46
Nongsapura,Nongsapura Ferry Terminal,cek yan,5,8 tahun lalu,,False,True,2026-10-08 20:49:46
Nongsapura,Nongsapura Ferry Terminal,ANT Official,5,8 tahun lalu,,False,True,2026-10-08 20:49:46
Nongsapura,Nongsapura Ferry Terminal,Steven K o h,5,8 tahun lalu,,False,False,2026-10-08 20:49:46
Nongsapura,Nongsapura Ferry Terminal,Daniel Lim,3,8 tahun lalu,,False,False,2026-10-08 20:49:46
Nongsapura,Nongsapura Ferry Terminal,Heetae Kim,1,8 tahun lalu,,False,True,2026-10-08 20:49:46
Nongsapura,Nongsapura Ferry Terminal,khoirul huda,5,Diedit 8 tahun lalu,,False,False,2026-10-08 20:49:46
Nongsapura,Nongsapura Ferry Terminal,amit sheth,3,8 tahun lalu,,False,True,2026-10-08 20:49:46
Nongsapura,Nongsapura Ferry Terminal,Amirtharajan Natarajan,4,8 tahun lalu,,False,True,2026-10-08 20:49:46
Nongsapura,Nongsapura Ferry Terminal,Mohamed Osman,5,8 tahun lalu,,False,True,2026-10-08 20:49:46
Nongsapura,Nongsapura Ferry Terminal,Chalky Tobing GBU,5,8 tahun lalu,,False,False,2026-10-08 20:49:46
Nongsapura,Nongsapura Ferry Terminal,Fadjar Kumara,4,8 tahun lalu,,False,True,2026-10-08 20:49:46
Nongsapura,Nongsapura Ferry Terminal,Walter Elmore,4,8 tahun lalu,,False,True,2026-10-08 20:49:46
Nongsapura,Nongsapura Ferry Terminal,Don Antonio,5,8 tahun lalu,,False,True,2026-10-08 20:49:46
Nongsapura,Nongsapura Ferry Terminal,Yuliharnita Rozak,5,8 tahun lalu,,False,True,2026-10-08 20:49:46
Nongsapura,Nongsapura Ferry Terminal,Ahmadul Hoq,4,8 tahun lalu,,False,True,2026-10-08 20:49:46
Nongsapura,Nongsapura Ferry Terminal,Sunil Agarwal,5,8 tahun lalu,,False,True,2026-10-08 20:49:46
Nongsapura,Nongsapura Ferry Terminal,Danielle Stephenson,3,9 tahun lalu,,False,True,2026-10-08 20:49:46
Nongsapura,Nongsapura Ferry Terminal,Sh,3,9 tahun lalu,,False,True,2026-10-08 20:49:46
Nongsapura,Nongsapura Ferry Terminal,sheolalala,5,9 tahun lalu,,False,True,2026-10-08 20:49:46
Nongsapura,Nongsapura Ferry Terminal,David Bloomfield,3,9 tahun lalu,,False,True,2026-10-08 20:49:46
Nongsapura,Nongsapura Ferry Terminal,Cedric Shen,4,9 tahun lalu,,False,True,2026-10-08 20:49:46
Nongsapura,Nongsapura Ferry Terminal,Vishnu Srinivasan,3,9 tahun lalu,,False,True,2026-10-08 20:49:46
Nongsapura,Nongsapura Ferry Terminal,Stefani Agustina,3,9 tahun lalu,,False,True,2026-10-08 20:49:46
Nongsapura,Nongsapura Ferry Terminal,Robill Tian Supatrio,3,9 tahun lalu,,False,True,2026-10-08 20:49:46
Nongsapura,Nongsapura Ferry Terminal,chloe lim,5,9 tahun lalu,,False,False,2026-10-08 20:49:46
Nongsapura,Nongsapura Ferry Terminal,Roger Ong,3,9 tahun lalu,,False,True,2026-10-08 20:49:46
Nongsapura,Nongsapura Ferry Terminal,yap anthony,3,9 tahun lalu,,False,True,2026-10-08 20:49:46
Nongsapura,Nongsapura Ferry Terminal,reinol pane,1,9 tahun lalu,,False,False,2026-10-08 20:49:46
Nongsapura,Nongsapura Ferry Terminal,za va,5,9 tahun lalu,,False,False,2026-10-08 20:49:46
Nongsapura,Nongsapura Ferry Terminal,Pat Chu,3,9 tahun lalu,,False,True,2026-10-08 20:49:46
Nongsapura,Nongsapura Ferry Terminal,sandip hulmukhe,4,9 tahun lalu,,False,True,2026-10-08 20:49:46
Nongsapura,Nongsapura Ferry Terminal,Zhang Bei,5,9 tahun lalu,,False,True,2026-10-08 20:49:46
Nongsapura,Nongsapura Ferry Terminal,Sagar shrestha,3,9 tahun lalu,,False,True,2026-10-08 20:49:46
Nongsapura,Nongsapura Ferry Terminal,Fatrodin Nurseha,4,9 tahun lalu,,False,True,2026-10-08 20:49:46
Nongsapura,Nongsapura Ferry Terminal,Piotr,4,9 tahun lalu,,False,True,2026-10-08 20:49:46
Nongsapura,Nongsapura Ferry Terminal,chua Phe Eng,3,9 tahun lalu,,False,True,2026-10-08 20:49:46
Nongsapura,Nongsapura Ferry Terminal,HK Kim,3,9 tahun lalu,,False,True,2026-10-08 20:49:46
Nongsapura,Nongsapura Ferry Terminal,Shasha Chayunk,2,9 tahun lalu,,False,True,2026-10-08 20:49:46
Nongsapura,Nongsapura Ferry Terminal,Sumarwan Agus,5,9 tahun lalu,,False,True,2026-10-08 20:49:46
Nongsapura,Nongsapura Ferry Terminal,Enduttz,4,9 tahun lalu,,False,True,2026-10-08 20:49:46
Nongsapura,Nongsapura Ferry Terminal,Ahsanul Kabir,5,9 tahun lalu,,False,True,2026-10-08 20:49:46
Nongsapura,Nongsapura Ferry Terminal,Razmi Rahmat,3,9 tahun lalu,,False,True,2026-10-08 20:49:46
Nongsapura,Nongsapura Ferry Terminal,Vincent Wong,5,9 tahun lalu,,False,True,2026-10-08 20:49:46
Nongsapura,Nongsapura Ferry Terminal,Hesty pretty,2,9 tahun lalu,,False,True,2026-10-08 20:49:46
Nongsapura,Nongsapura Ferry Terminal,Hidayat Hamim,4,9 tahun lalu,,False,True,2026-10-08 20:49:46
Nongsapura,Nongsapura Ferry Terminal,Alex Yim,4,9 tahun lalu,,False,True,2026-10-08 20:49:46
Nongsapura,Nongsapura Ferry Terminal,Michael Hofmann,4,9 tahun lalu,,False,False,2026-10-08 20:49:46
Nongsapura,Nongsapura Ferry Terminal,Muh Yusuf,5,9 tahun lalu,,False,False,2026-10-08 20:49:46
Nongsapura,Nongsapura Ferry Terminal,Gerrard Bala,3,9 tahun lalu,,False,True,2026-10-08 20:49:46
Nongsapura,Nongsapura Ferry Terminal,Rahmat Fajar,1,9 tahun lalu,,False,False,2026-10-08 20:49:46
Nongsapura,Nongsapura Ferry Terminal,Robert Smith,4,9 tahun lalu,,False,True,2026-10-08 20:49:46
Nongsapura,Nongsapura Ferry Terminal,RMI_SIGARA,5,9 tahun lalu,,False,True,2026-10-08 20:49:46
Nongsapura,Nongsapura Ferry Terminal,keliek syahrul,4,9 tahun lalu,Bersih dan terorganisir Diterjemahkan oleh Google ・ Lihat versi asli (Inggris),False,True,2026-10-08 20:49:46
Nongsapura,Nongsapura Ferry Terminal,mike galanza,3,9 tahun lalu,,False,False,2026-10-08 20:49:46
Nongsapura,Nongsapura Ferry Terminal,Sutardjo Wongso,3,9 tahun lalu,,False,True,2026-10-08 20:49:46
Nongsapura,Nongsapura Ferry Terminal,brett pickens,3,9 tahun lalu,,False,True,2026-10-08 20:49:46
Nongsapura,Nongsapura Ferry Terminal,Lin Lin,3,9 tahun lalu,,False,True,2026-10-08 20:49:46
Nongsapura,Nongsapura Ferry Terminal,Dory Artha,4,9 tahun lalu,,False,True,2026-10-08 20:49:46
Nongsapura,Nongsapura Ferry Terminal,Thanatorn (Cash),3,9 tahun lalu,,False,True,2026-10-08 20:49:46
Nongsapura,Nongsapura Ferry Terminal,chyehee Loo,3,9 tahun lalu,,False,False,2026-10-08 20:49:46
Nongsapura,Nongsapura Ferry Terminal,CAPT MURS,3,10 tahun lalu,,False,True,2026-10-08 20:49:46
Nongsapura,Nongsapura Ferry Terminal,michael tjhin,5,10 tahun lalu,Oke Diterjemahkan oleh Google ・ Lihat versi asli (Inggris),False,True,2026-10-08 20:49:46
Nongsapura,Nongsapura Ferry Terminal,Doni Ardiles,3,10 tahun lalu,,False,False,2026-10-08 20:49:46
Nongsapura,Nongsapura Ferry Terminal,Celebrity Emcee Maguire,3,10 tahun lalu,,False,True,2026-10-08 20:49:46
Nongsapura,Nongsapura Ferry Terminal,Amy Dagu Snowboie,5,10 tahun lalu,,False,False,2026-10-08 20:49:46
Nongsapura,Nongsapura Ferry Terminal,Jeffry Albertus,3,10 tahun lalu,,False,True,2026-10-08 20:49:46
Nongsapura,Nongsapura Ferry Terminal,Lew Voon Kit,4,10 tahun lalu,,False,False,2026-10-08 20:49:46
Nongsapura,Nongsapura Ferry Terminal,U Mild,5,10 tahun lalu,,False,False,2026-10-08 20:49:46
Nongsapura,Nongsapura Ferry Terminal,R&R Nurahman,5,10 tahun lalu,,False,False,2026-10-08 20:49:46
Nongsapura,Nongsapura Ferry Terminal,Lezzie 88,3,11 tahun lalu,,False,False,2026-10-08 20:49:46
Nongsapura,Nongsapura Ferry Terminal,Berhan Rahmat,5,11 tahun lalu,,False,False,2026-10-08 20:49:46
Sekupang,Sekupang Ferry Terminal,Edy wijaya,1,3 bulan lalu,"Kejadian kemarin saat saya hendak pulang dari Batam ke Selat Panjang melalui Pelabuhan Sekupang. Saat tiba di pelabuhan, saya menuju konter yang jelas-jelas bertuliskan “Dumai Line” untuk membeli tiket. Setelah membayar dan menerima tiket, saya heran karena tiket yang diberikan ternyata bertuliskan “Batam Jet”. Saya kemudian bertanya kepada petugas, “Kok Batam Jet? Saya mau naik Dumai Line.” Namun petugas tidak menjawab pertanyaan saya dan hanya mengatakan, “Kapal besar.” Saya kembali menegaskan bahwa saya ingin tiket Dumai Line, tetapi petugas hanya diam. Lalu petugas lain mengatakan bahwa uang tidak bisa ditransfer kembali karena pembayaran sudah dilakukan. Untungnya akhirnya uang saya dikembalikan secara tunai. Setelah itu saya membeli tiket di konter Dumai Line yang sebenarnya, yang berada tepat di sampingnya, dan mendapatkan tiket yang sesuai. Yang membuat saya semakin kesal, ternyata orang tua saya pernah mengalami kejadian serupa. Karena tidak terlalu mengenal tulisan, mereka baru mengetahui tiket yang dibeli bukan Dumai Line saat sudah hendak naik kapal dan diberitahu oleh petugas. Saya sebenarnya tidak berniat memposting hal ini. Namun karena kejadian yang sama juga dialami oleh orang tua saya, saya merasa perlu menyampaikan keluhan ini. Mohon kepada pihak Pelabuhan Sekupang untuk menindaklanjuti dan mengawasi praktik seperti ini agar tidak ada lagi penumpang yang mengalami kebingungan atau dirugikan, terutama orang tua dan penumpang yang kurang memahami perbedaan loket maupun nama operator kapal. Terima kasih.",True,True,2026-10-08 20:49:46
Sekupang,Sekupang Ferry Terminal,ilham akbar,5,2 tahun lalu,"Terminal yg cukup luas, nyaman, ruang tunggu nya luas. Makanan dan minuman tersedia diruang tunggu. Ada port charger jg. Sistem penjualan tiketnya juga teratur dan tertib. Ada taksi jg. Ojol gaboleh masuk ya, nganter boleh. Jujurly lebih murah naik ojol sih kmrn dari nagoya, cuma sesekali berbagi rezeki dgn bapak kang taxi.",True,True,2026-10-08 20:49:46
Sekupang,Sekupang Ferry Terminal,Rndr,1,6 bulan lalu,Terminal kedatangan tercium bau asap rokok Sepertinya petugasnya tidak tertib dalam menjalankan KTR (Kawasan Tanpa Rokok) untuk wilayah publik/umum seperti pelabuhan Kasihan sekali penumpang seperti saya jadi korban keegoisan orang2 tidak bertanggung jawab,False,False,2026-10-08 20:49:46
Sekupang,Sekupang Ferry Terminal,Andi Muh Rasyad Alfarizqi,5,10 bulan lalu,"pelayanannya tiket ramah, bersih ruang tunggu nya bersih dan adem",True,True,2026-10-08 20:49:46
Sekupang,Sekupang Ferry Terminal,Aditiya Variza,5,Diedit setahun lalu,"Terminal Feri Sekupang merupakan salah satu pelabuhan utama di Kota Batam yang melayani transportasi laut domestik dan internasional. Terletak di kawasan Sekupang, pelabuhan ini terbagi menjadi dua bagian, yaitu terminal domestik dan terminal internasional. Terminal domestik melayani rute antarpulau seperti ke Karimun, Tanjung Balai, Dumai, dan pulau-pulau di wilayah Riau , sementara terminal internasional melayani rute cepat ke Singapura dan Malaysia dengan waktu tempuh sekitar 45 menit. Fasilitas di Terminal Feri Sekupang tergolong lengkap dan modern. Di dalamnya tersedia ruang tunggu berpendingin udara, loket tiket yang tertata rapi, area makan dan kafe, layanan money changer, ATM, serta musholla. Tersedia juga layanan transportasi darat seperti taksi resmi dan parkir kendaraan yang luas. Terminal internasionalnya bahkan dilengkapi dengan business lounge, Wi-Fi gratis, serta sistem imigrasi yang cepat dan efisien, menjadikannya alternatif favorit bagi penumpang yang ingin menghindari keramaian di pelabuhan Batam Centre. Selain fungsi utamanya sebagai pelabuhan penumpang, Terminal Feri Sekupang juga menjadi wajah kota Batam bagi wisatawan mancanegara. Dengan tampilan bangunan yang modern dan bersih, serta layanan yang semakin profesional, terminal ini memainkan peran penting dalam mendukung sektor pariwisata dan mobilitas masyarakat. Letaknya yang strategis di dekat kawasan pemukiman seperti Tiban, Batu Aji, dan Tanjung Riau juga menjadikannya pelabuhan pilihan bagi warga lokal maupun pelancong.",True,True,2026-10-08 20:49:46
Sekupang,Sekupang Ferry Terminal,Andriawan,5,8 tahun lalu,"Sekarang pelabuhan ini sudah dirapikan. Cukup bersih walau masih terlihat beberapa tempat masih dalam tahap perbaikan dan pembangunan. Pelabuhan ini sudah tidak seperti saat dua tahun lalu kesini yang masih terlihat banyak sekali penjual tiket yang sangat semrawut. Semoga ke depan semakin baik lagi dalam segi pelayanan, keamanan untuk para pengunjung dan juga fasilitas publik yang bersih dan nyaman.",True,True,2026-10-08 20:49:46
Sekupang,Sekupang Ferry Terminal,Dedi Anwar,5,3 bulan lalu,Sangat nyaman perinya tujuan saya tanjung balai karimun,True,False,2026-10-08 20:49:46
Sekupang,Sekupang Ferry Terminal,Ko Ing & Ci Win,4,3 tahun lalu,"Pelabuhan Ferry penghubung P Batam dgn Dumai, P Tj Balai Karimun dll. Ruang tunggu cukup nyaman dan dermaga yg kokoh.",True,True,2026-10-08 20:49:46
Sekupang,Sekupang Ferry Terminal,IRVAN AZIZI,4,4 tahun lalu,"Salah satu pelabuhan terbesar di Batam. Rute menuju Pulau-pulau kecil di sekitar Provinsi Kepulauan Riau maupun Provinsi Riau. Tempanya bersih nyaman. Fasilitas lengkap ada Mushola, Kamar Mandi, Lift, Eskalator, Ruang Tunggunya juga luas. Ada juga tempat jual oleh oleh. Pokoknya mantap. Semoga semakin baik 👍",True,True,2026-10-08 20:49:46
Sekupang,Sekupang Ferry Terminal,welly anggoro,5,3 tahun lalu,Pelabuhan kapal menuju beberapa pulau terdekat dengan pulau batam. Ramai saat jam kerja.,True,True,2026-10-08 20:49:46
Sekupang,Sekupang Ferry Terminal,Rudy Samosir,5,5 bulan lalu,"Salah satu pelabuhan untuk menuju tanjung balai karimun, dengan tempat yg bersih dan suasana nyaman",False,False,2026-10-08 20:49:46
Sekupang,Sekupang Ferry Terminal,Ririn Raesah,5,10 bulan lalu,"Tempatnya bersih, petugas imigrasinya ramah2, aku sering naik majestic fast ferry. Atm nya rusak ya gaes di sini, tpi taxi dari sini drivernya mau ko kalo suruh berhenti di atm. Ramah2 jg drivernya. Aman jg kalo taxi dari terminalnya. ❤️",False,True,2026-10-08 20:49:46
Sekupang,Sekupang Ferry Terminal,v'jazzy tri,5,7 tahun lalu,Pelabuhannya sangat bersih..fasilitas lengkap ada mushola & toiletnya sangat bersih...,True,False,2026-10-08 20:49:46
Sekupang,Sekupang Ferry Terminal,Ichbal Pangestu Wibowo,4,2 tahun lalu,Sepi. Semoga kedepannya semakin ramai,True,True,2026-10-08 20:49:46
Sekupang,Sekupang Ferry Terminal,Kodrat Suandageni,4,9 tahun lalu,Pelabuhan baru sudah beroperasi. Luas nyaman sejuk. Ruang tunggu lebih luas langsung menghadap laut.,True,True,2026-10-08 20:49:46
Sekupang,Sekupang Ferry Terminal,Rekso pang,5,4 bulan lalu,Sudah ada grab point,False,True,2026-10-08 20:49:46
Sekupang,Sekupang Ferry Terminal,Elia Wardani,3,5 tahun lalu,"Pemandangan cantik, tapi toilet dan penataan pedagang masih jauh dari kata rapi dam bersih",True,True,2026-10-08 20:49:46
Sekupang,Sekupang Ferry Terminal,Gerhana Ml,4,6 tahun lalu,Udah mulai bagus.. fasilitas yg dibuat untuk umum udah ok,True,True,2026-10-08 20:49:46
Sekupang,Sekupang Ferry Terminal,Haris Hamdani,4,8 tahun lalu,Sedang tahap pembangunan. Jadi berasa makin keren.,True,True,2026-10-08 20:49:46
Sekupang,Sekupang Ferry Terminal,Wahyu Ridarto,5,3 tahun lalu,"Pelabuhan Sekupang berangkat ke Guntung ada beberapa kapal : Rahmat Jaya, Mega Fajar, Marina dan Carorina.",True,True,2026-10-08 20:49:46
Sekupang,Sekupang Ferry Terminal,Rio Ekas,5,4 tahun lalu,Tempat bersih dan nyaman.. Kekurangan halte damri terlalu jauh di luar area pelabuhan,True,True,2026-10-08 20:49:46
Sekupang,Sekupang Ferry Terminal,Ph j,5,7 tahun lalu,"Terminal ferynya ga semrawut ,bersih dan relatif sunyi dibanding terminal fery d batam .",True,True,2026-10-08 20:49:46
Sekupang,Sekupang Ferry Terminal,Muhammad Sanie,4,setahun lalu,"Udah mulai nyaman, tidak ada lagi yg teriak-teriak nawarin tiket. Tapi pas boarding masih teriak-teriak, bukan petugas resmi yg manggil via speaker.",False,True,2026-10-08 20:49:46
Sekupang,Sekupang Ferry Terminal,Muhammad Jihan Akbar,5,3 tahun lalu,"Pelabuhan bagus, kapalnya banyak, bersih.",True,True,2026-10-08 20:49:46
Sekupang,Sekupang Ferry Terminal,Hendri Kurniawan,4,setahun lalu,"Pelabuhan yg melayani domestik dan internasional.asional.(spore),pada waktu ya pelabuhan domestik Sekupang sangat Rai penumpang yg melayani rute Kuala Tungkal,bahkan Palembang tapi mungkin saat ini sudah terhenti dikarenakan ada alternatif perjalanan melalui udara atau pun dgn Roro,tapi Fery antar pulau Mash berlangsung ,baik ke Tj balai,selat panjang,Bengkalis Dumai dan bebepa pulau ..",False,True,2026-10-08 20:49:46
Sekupang,Sekupang Ferry Terminal,SRC AMALINA,4,7 tahun lalu,"Hampir sampai di Pelabuhan ferry Sekupang Batam, penumpang sudah tak sabar mau turun dan ingin segera sampai rumah.",True,True,2026-10-08 20:49:46
Sekupang,Sekupang Ferry Terminal,amir h P,1,2 tahun lalu,"Tiket ferry yg mahal dan pemesanan yg masih manual, sepertinya blm bisa mengikuti jaman online sekarang ini. Sangat terlena dgn zona nyaman. Mudah2an kedepan bisa melakukan terobosan baru utk mempermudah pemesanan tiket secara online. Utk transportasi dari tempat ini masih harus memesan taxi konpensional, utk taxi online blm bisa jemput penumpang dikarenakan status taxi pangkalan yg utk tarif masih terbilang MAHAL. Lagi2 hanya bilang, mudah2an taxinya berubah menjadi lebih baik mengikuti zaman.",False,True,2026-10-08 20:49:46
Sekupang,Sekupang Ferry Terminal,Daniel kok san,5,setahun lalu,"Pelabuhan Ferry Domestik dan International. Tertip, rapi, bersih. Mohon diperhatikan tempat parkir mobil masih kurang pohon pelindung, semoga kedepannya ada penanaman pohon pelindung sehingga ada penghijauan dan ada teduh dari panas.",False,True,2026-10-08 20:49:46
Sekupang,Sekupang Ferry Terminal,Ferri Aguswan,4,8 tahun lalu,Pelabuhan domestik makin bagus dan tertata,True,True,2026-10-08 20:49:46
Sekupang,Sekupang Ferry Terminal,Indra Pemana,4,setahun lalu,Lumayan tertata dan bersig,True,True,2026-10-08 20:49:46
Sekupang,Sekupang Ferry Terminal,Husnul Khotimah Setiacahyandari,1,3 tahun lalu,"Pertama kali dari Singapore ke Batam melalui pelabuhan ini dan ngga mau lagi kesini. Pelayanan sangattt jelek, koper-koper yang di bagasi kapal ketika sudah sampai pelabuhan langsung di ambil sama porter tanpa sepengetahuan penumpang & langsung ditaro di luar pintu kedatangan. Ketika kami ambil koper-kopernya dimintain uang Rp.10,000 per koper dan lagi itu TANPA PERSETUJUAN KAMI untuk menggunakan jasa porter. Yang kedua adalah sulit untuk mencari transportasi taksi online dan harus keluar pelabuhan dulu untuk pesan taksi online. Yang terakhir petugas pelabuhan sama sekali tidak memberikan arahan dan kurang membantu. Sangat disayangkan karena ini salah satu pelabuhan yang banyak menerima warga asing tapi pelayanannya seperti ini.",False,True,2026-10-08 20:49:46
Sekupang,Sekupang Ferry Terminal,Muhammad Hafidz Suyuti,1,3 tahun lalu,"Mengecewakan oknum taksi disitu, saya hanya diam berjalan menuju transbatam dikata katain ""sombong"", ""masa naik bis"" menggambarkan fasilitas dan sikapnya tidak sebanding dengan harga yang ditawarkan seolah taksi lebih baik dibanding transportasi umum. konsumen punya hak memilih transportasi yang hemat dan nyaman. kalau bisa ditertibkan lagi mengenai cara taksi menawarkan fasilitasnya kepada pengguna jalan, jangan sampai membuat tidak nyaman.",False,True,2026-10-08 20:49:46
Sekupang,Sekupang Ferry Terminal,Joni Syafrizal,3,setahun lalu,"Terlalu banyak pemeriksaan tiket, melebihi bandara, porter juga tidak ada tabel harga yg pantas",False,True,2026-10-08 20:49:46
Sekupang,Sekupang Ferry Terminal,aeriakd,5,3 tahun lalu,"Fasilitasnya bagus, pengorganisasian penumpang saat hendak naik kapal juga teratur dan baik. Tempatnya luas dan nyaman. Parkir tersedia, dan view nya juga bagus.",False,True,2026-10-08 20:49:46
Sekupang,Sekupang Ferry Terminal,auu gallery31,1,setahun lalu,"Fasilitas yg skrg ga bagus, toilet kotor , panas, ventilator nya juga ga keurus, tisu gada seperti pelabuhan mati, ga nyaman",False,False,2026-10-08 20:49:46
Sekupang,Sekupang Ferry Terminal,maria ingrid,5,3 tahun lalu,Jika di bandingkan imigrasi di batam dan di Singapore.. Aku bangga jadi orang Indonesia.. Imigrasi di sana kaya kita gak dianggap sederajat kali ya.. Sedih aku.. Cuma imigrasi nya aja yang buat aku trauma sama Singapore. Apalagi ini perjalanan pertama kan.. Keinget terus... Terimakasih petugas imigrasi sekupang,False,True,2026-10-08 20:49:46
Sekupang,Sekupang Ferry Terminal,Yan Kurnia Hadi,4,8 tahun lalu,Terminalnya sudah bagus. Pelayanannya pun cepat. Ada lift untuk bawa koper ke lantai 2. Kapal cepatnya banyak yg ga sesuai jadwal. Suka telat. Tapi kenapa taxi di batam itu dibatesin yah. Semacem bluebird ga boleh masuk. Dan taxi yg tersedia disana banyak yg kurang memadai,False,True,2026-10-08 20:49:46
Sekupang,Sekupang Ferry Terminal,reklamedia pku,5,3 bulan lalu,Lumayan nyaman,False,False,2026-10-08 20:49:46
Sekupang,Sekupang Ferry Terminal,IRMA,4,8 tahun lalu,"Pelabuhan dengan tampilan modern dengan fasilitas yang lengkap. Memiliki taman yang asri tersedia tempat duduk di area taman bisa berlama lama duduk disitu karna selain melihat taman yang indah dan juga menikmati pemandangan laut yang menakjubkan dengan kesibukan lalu lintas lautnya. Pelabuhan ini melayani rute ke Singapore dan Malasya juga beberapa pulau di sekitar batam, cuma memang kalau dari Batam Center agak jauh. Tersedia tempat makan juga cafe. Ada Mushollah juga.",False,True,2026-10-08 20:49:46
Sekupang,Sekupang Ferry Terminal,ros daeli,5,8 tahun lalu,"Lumayan bagus. Bisa juga makan siang disini, dan di depannya ada bus TransBatam (harga umum 4000, pelajar 2500rb) jadi ga perlu naik taksi. Biasanya sekupang ini tujuan kapalnya ke tj pinang, karimun, dan ke malaysia.",False,True,2026-10-08 20:49:46
Sekupang,Sekupang Ferry Terminal,Randy Tirtasandi,1,8 tahun lalu,"Pelabuhan sangat bagus, staff pelayanan pelabuhan juga bagus, tapi pelayanan porter yang kurang bagus, apa lagi ketua porter depan pelabuhan, kerjanya ngentam harga. Harap petugas bisa melaporkan ke pemda agar bisa dikontrol dan disesuaikan dengan harga yang wajar. Saran dari saya, sebaiknya dibuat kebijakan menimbang barang yang akan dibawakan, lalu per KG nya diberi harga yang sesuai dan tentunga terjangkau, dan harga harus transparan guna membentuk kepercayaan kedua belah pihak. Sekian terimakasih. Tahun besok 2019 saya review lagi. RENDY",False,True,2026-10-08 20:49:46
Sekupang,Sekupang Ferry Terminal,Naganteng,4,6 tahun lalu,Pelabuhan yang bagus. Memiliki alat pendeteksi barang bawaan dan ruang tunggu yang luas. Tersedia tiket berbagai armada kapal. Tapi kebersihan dan taman perlu diperhatikan.,False,True,2026-10-08 20:49:46
Sekupang,Sekupang Ferry Terminal,Hermawan Setiabudi,4,3 tahun lalu,"Lumayan bersih dan rapi... Bagi yg baru pertama datang, agar selalu memperhatikan jam keberangkatan boat. Jgn jauh-jauh dr ruang tunggu",False,True,2026-10-08 20:49:46
Sekupang,Sekupang Ferry Terminal,Suhe Aja,5,7 tahun lalu,"Fasilitas pelabuhan yang nyaman dan menjamin keamanan pengunjung, cuma sistem parkir kendaraan bermotor diterminal domestik harap ditingkatkan lagi, apalagi banyak mobil parkir sembarang diarea sekitar drop penumpang..kalo perlu dicopot salah satu bannya jika terus bandel..",False,True,2026-10-08 20:49:46
Sekupang,Sekupang Ferry Terminal,Sabillah Atika,5,3 tahun lalu,Pelabuhan domestik dibatam.,True,True,2026-10-08 20:49:46
Sekupang,Sekupang Ferry Terminal,The “Lazyers” Mardian,3,8 tahun lalu,Pelabuhan yang bersih dan nyaman. Pintu keluar masuknya orang yang hendak masuk ke kota batam dan yang hendak keluar dari kota batam menuju pulau pulau disekitarnya atau jarak panjang seperti ke provinsi provinsi di Indonesia. Termasuk yang hendak ke singapura dan malaysia. Tersedia tempat parkir untuk mobil dan motor. Angkutan umum seperti taksi dan ojek juga ada dalam lingkungan pelabuhan. Untuk alternatif transportasi murah juga ada moda sarana trans batam.,False,True,2026-10-08 20:49:46
Sekupang,Sekupang Ferry Terminal,Yomi Octiva Saputra,5,5 tahun lalu,Keren,True,True,2026-10-08 20:49:46
Sekupang,Sekupang Ferry Terminal,Ima Rahima,4,Diedit 5 tahun lalu,"Terminal ferry domestik dan internasional. Lokasi lumayan jauh dari pusat kota. Suasana sangat ramai. Selama pandemi sudah tersedia antigen ditempat dan hasil lumayan cepat. Loket pembelian tiket ada di lantai dua. Tersedia kios makanan juga seperti kfc, rotio, dan . Kalau untuk terminal internasional sangat tertata dengan baik, mulai dari loket parkir, lokasi parkiraupun terminalnya.",False,True,2026-10-08 20:49:46
Sekupang,Sekupang Ferry Terminal,Ali Ahmad (Al),5,2 tahun lalu,"Jika jelek pun tetap di gunakan juga, karna cm pelabuhan ini satu satunya pelabuhan yg ada rute k dumai/bengkalis",False,False,2026-10-08 20:49:46
Sekupang,Sekupang Ferry Terminal,faber pangondian,3,7 tahun lalu,"Sdh bagus fasilitas nya, tapi untuk masuk ke kapal perlu di evaluasi karena harus turun tangga dan cukup jauh ke dermaga, terutama untuk org tua dan anak 2x.",False,True,2026-10-08 20:49:46
Sekupang,Sekupang Ferry Terminal,Fredianto Nugroho,4,8 tahun lalu,"Skeupnag ferry terminal, penyeberangan naik ferry ke singapore bisa dilakukan dari sini. Namun jaraknya jauh dari pusat kota Batam. Alat transportasi kesini atau dari sini sekarang ada trans batam, ada beberapa jurusan tapi yang pernah saya pakai jurusan ke arah Batam Center. Jeleknya disini, kita dari singapore negara yang rapi tanpa ada calo untuk transportasi, jadi kita bebas mau pilih transportasi apa saja. Nyampe kesini banyak kali yang nawarin taksi ojek dengan harga diluar nalar. Tapi untungnya sudah ada trans batam, hanya 4000 saja 🚎",False,True,2026-10-08 20:49:46
Sekupang,Sekupang Ferry Terminal,Fantasi Gelap,5,setahun lalu,"Pelabuhan Ferry cepat Sekupang Batam, Kepri.",True,True,2026-10-08 20:49:46
Sekupang,Sekupang Ferry Terminal,dian nugraha,1,4 tahun lalu,Cukup bagus sekelas pelabuhan tapi rata-rata penjualan tiket msh manual ketinggalan zaman dengan pelabuhan lain yg sudah digital & kayak pasar counter tiket teriak² manggil pembeli.,False,True,2026-10-08 20:49:46
Sekupang,Sekupang Ferry Terminal,Affan Andhana,4,3 tahun lalu,"Terminal penumpang Ferry Domestik Sekupang Batam pelayaran dari Dumai, Tg. Balai Karimun, Tg. Pinang dll. Sudah mulai tertata dan tertib serta kebersihan lingkungan terjaga",False,True,2026-10-08 20:49:46
Sekupang,Sekupang Ferry Terminal,Azra Kamilah,3,setahun lalu,"pelabuhannya tdk nyamannnn, fasilitasnya perlu diperbarui",False,False,2026-10-08 20:49:46
Sekupang,Sekupang Ferry Terminal,Kamila Gemstone,5,7 tahun lalu,Dari pelabuhan sangat mudah mendapatkan trasportasi.. Sy sendiri melanjutkan ke tujuan kawasan Jodoh centre mengunakan Bis Kota dengan ongkos tiket 4.500 rupiah.. murah dan layananya bagus cepat sampainya juga..,False,True,2026-10-08 20:49:46
Sekupang,Sekupang Ferry Terminal,Alex Chung,5,2 tahun lalu,Terima kasih kepada pengelola. Sekarang beli tiket jadi lebih mudah via Livin' Mandiri.,True,False,2026-10-08 20:49:46
Sekupang,Sekupang Ferry Terminal,Jemmy Maradonna Ferdinand Haurissa,5,4 tahun lalu,"Sudah bagus, seperti bandara, hanya untuk pengambilan bagasi msh blm disempurnakan.",False,True,2026-10-08 20:49:46
Sekupang,Sekupang Ferry Terminal,Ann Solo,4,7 tahun lalu,"Pelabuhan yg bagus banget, sudah seperti bandara. Rapid, bersih, ber-AC, lahan parkir teratur. Ada beberapa tempat makan juga.",False,True,2026-10-08 20:49:46
Sekupang,Sekupang Ferry Terminal,Siti Qomariah Syafarudin,5,2 tahun lalu,Berkembang sangat pesat banyak perubahan yang terjadi. Terus meningkatkan pelayanan dan fasilitas. Terminal fery yang sangat Bagus.,False,False,2026-10-08 20:49:46
Sekupang,Sekupang Ferry Terminal,Batam Private Tours,1,7 tahun lalu,Kenapa ada laki2 di toilet wanita? Kenapa tidak pekerjakan cleaning service wanita saja supaya kami perempuan asli pengguna toilet wanita merasa nyawan dengan cleaning service wanita?,False,True,2026-10-08 20:49:46
Sekupang,Sekupang Ferry Terminal,abahnya ifa,5,6 tahun lalu,"Lebih rapih, bersih dan nyaman",True,True,2026-10-08 20:49:46
Sekupang,Sekupang Ferry Terminal,giy. joe,5,2 tahun lalu,bersih.. luas,True,True,2026-10-08 20:49:46
Sekupang,Sekupang Ferry Terminal,Margareth Martasya,5,2 tahun lalu,"Bersih, nyaman, gak rame jd smua proses cepat.",False,True,2026-10-08 20:49:46
Sekupang,Sekupang Ferry Terminal,Tengku Khairil Ahsyar,5,8 bulan lalu,Tempatnya bersih...,False,True,2026-10-08 20:49:46
Sekupang,Sekupang Ferry Terminal,Andhika Utama,5,5 tahun lalu,Melayani kapal ke berbagai rute dengan harga lebih terjangkau karena banyak pilihan kapalnya,False,True,2026-10-08 20:49:46
Sekupang,Sekupang Ferry Terminal,Nur Azam,5,4 tahun lalu,Kepada yth. kepala pelabuhan ferry sekupang batam mohon tidak memberi kepada penjual obat² atau pemutih wajah kami sangat terganggu dengan pemaksaan untuk membeli..terima kasih,False,False,2026-10-08 20:49:46
Sekupang,Sekupang Ferry Terminal,Hari Sulistio,5,7 tahun lalu,"Pelabuhan sekupang menurut saya memiliki standar pelayanan yang baik, pelabuhannya bersih dan nyaman, petugas kounter tiketnya juga ramah ramah dan kita dilayani dengan baik.",False,True,2026-10-08 20:49:46
Sekupang,Sekupang Ferry Terminal,hidayatullah muhammad,4,6 tahun lalu,Pelabuhan Domestik Penghubung Batam-Kepri-Riau Fasilitas yg disediakan sangat memadai dan lengkap + Bersih + Transparan + Nyaman + Aman,False,True,2026-10-08 20:49:46
Sekupang,Sekupang Ferry Terminal,Bibin Manalu,5,5 tahun lalu,Bagus domestik dan internasional nya tapi kalau cari gojek atau grab susah harus nunggu busway,False,True,2026-10-08 20:49:46
Sekupang,Sekupang Ferry Terminal,Sulfan Efendi,5,setahun lalu,Mobil online bisa masuk jemput penumoang,False,True,2026-10-08 20:49:46
Sekupang,Sekupang Ferry Terminal,binsar marbun,5,Diedit 6 tahun lalu,"Kalo mau ke dumai atau ke buton harus lewat sini, harga tiket batam - dumai Rp. 390.000 per tgl 01 nov 2019",False,True,2026-10-08 20:49:46
Sekupang,Sekupang Ferry Terminal,Achilla Azzahra,5,setahun lalu,"Pelabuhan pelayaran di Batam, untuk yang mau melintas ke pulau Sumatera",False,True,2026-10-08 20:49:46
Sekupang,Sekupang Ferry Terminal,Jentiwandes Manalu,4,8 tahun lalu,"Bersih , Rapi dan aman...",True,True,2026-10-08 20:49:46
Sekupang,Sekupang Ferry Terminal,Sukadi Adi,5,2 tahun lalu,Tempat berangkat dan turun penumpang pelabuhan domestik dan internasional,False,True,2026-10-08 20:49:46
Sekupang,Sekupang Ferry Terminal,Syam Um Gadhani,4,5 tahun lalu,Datangnya jangan mepet2 jam mau berangkat biar ga ketinggalan,False,True,2026-10-08 20:49:46
Sekupang,Sekupang Ferry Terminal,Bintang Utara Putra Medan,4,7 tahun lalu,Kiranya Pelayanan pada saat Penurunan Barang-barang Penumpang lebih Sportif dalam menurunkan dari Ferry.,False,True,2026-10-08 20:49:46
Sekupang,Sekupang Ferry Terminal,Lindon Simbolon,5,9 tahun lalu,"Track untuk melaut, gampang untuk belayar.. Siap membelah maut, tetap harus bayar..",True,True,2026-10-08 20:49:46
Sekupang,Sekupang Ferry Terminal,Sayid Khaidir Usman,5,4 tahun lalu,"Pelabuhan bersih, pemandangannya cukup memanjakan,",False,True,2026-10-08 20:49:46
Sekupang,Sekupang Ferry Terminal,aykhen ruri,4,4 tahun lalu,"Bersih, nyaman..",True,True,2026-10-08 20:49:46
Sekupang,Sekupang Ferry Terminal,Yuli 05,5,5 tahun lalu,"Hallo, apakah pelabuhan Sekupang internasional masih buka? Gimana cara saya mau booking tiket ferry?",False,False,2026-10-08 20:49:46
Sekupang,Sekupang Ferry Terminal,Winson Taw,5,4 tahun lalu,"Banyak kapal menuju Riau dan pulau"" terpencil di KepRi",False,True,2026-10-08 20:49:46
Sekupang,Sekupang Ferry Terminal,Aulia Rizky,4,3 tahun lalu,"Besar, bersih, tapi agak kurang teratur.",False,True,2026-10-08 20:49:46
Sekupang,Sekupang Ferry Terminal,Bobo Bobo,1,2 tahun lalu,"Ayok lah kek harbour bay welcome sama ojek online ,,,internasional loh",False,True,2026-10-08 20:49:46
Sekupang,Sekupang Ferry Terminal,Muammar Lab,5,7 tahun lalu,Bagus,True,True,2026-10-08 20:49:46
Sekupang,Sekupang Ferry Terminal,sundy aditya,4,9 tahun lalu,pelabuhan dalam proses pengembangan yang akan lebih sistematis dari segi perparkiran dan registrasi penumpang domestik,False,True,2026-10-08 20:49:46
Sekupang,Sekupang Ferry Terminal,Alvino Syahran,4,3 tahun lalu,maaf min mau tanya klo keberangktn kapal ke tanjung priuk dari sekupang ada ga.?,False,False,2026-10-08 20:49:46
Sekupang,Sekupang Ferry Terminal,reza siswanto,5,setahun lalu,Bagus sih,False,True,2026-10-08 20:49:46
Sekupang,Sekupang Ferry Terminal,Top martis98,5,5 tahun lalu,Untuk keberangkatan dari Batam ke selat panjang tanggal 03 September ada ga ya?,False,False,2026-10-08 20:49:46
Sekupang,Sekupang Ferry Terminal,Ronnie Sinaga (Rfss),1,setahun lalu,Pelabuhan banyak calo. Agen tak jelas,False,True,2026-10-08 20:49:46
Sekupang,Sekupang Ferry Terminal,tengku erni,4,3 tahun lalu,Saya hanya sebentar di sini tempatnya lumayan bagus,False,True,2026-10-08 20:49:46
Sekupang,Sekupang Ferry Terminal,Palala Tour & Travel agent Batam,1,3 tahun lalu,Disini kalau mau naik taksi online harus jalan keluar,False,True,2026-10-08 20:49:46
Sekupang,Sekupang Ferry Terminal,Afri Yenti,4,2 tahun lalu,Sudah lebih bagus dan menarik ☺️👍👍..,False,False,2026-10-08 20:49:46
Sekupang,Sekupang Ferry Terminal,Zulfa Nikma,5,6 tahun lalu,"Bagus, ada lift, ada foodstreet nya juga kayak CFC dll",False,False,2026-10-08 20:49:46
Sekupang,Sekupang Ferry Terminal,Sakinah Putri Rezeki,5,6 tahun lalu,"Parkir lumayan luas, pelabuhan nya udh lbih luas",False,True,2026-10-08 20:49:46
Sekupang,Sekupang Ferry Terminal,kasdianto kasdianto,5,3 tahun lalu,Tempat yang nyaman untuk berangkat ke Singapura dan Malaysia,False,True,2026-10-08 20:49:46
Sekupang,Sekupang Ferry Terminal,okkie andrea,4,7 tahun lalu,"Suasana santai, pepohonan yg rimbun dan hewan liar masih terasa di sini",False,True,2026-10-08 20:49:46
Sekupang,Sekupang Ferry Terminal,Yosi Charly,4,7 tahun lalu,Bersih. Tapi dari pintu masuk ke pintu keberangkatan muter muter. Kurang efisien.,False,True,2026-10-08 20:49:46
Sekupang,Sekupang Ferry Terminal,Ade Rahmat Febrianto,5,5 tahun lalu,Menuju Sungai Guntung lebih baik lewat kemari,False,True,2026-10-08 20:49:46
Sekupang,Sekupang Ferry Terminal,Prabowo Pbr,5,4 tahun lalu,Pelabuhan sekarang sangat rapi dan bersih,False,True,2026-10-08 20:49:46
Sekupang,Sekupang Ferry Terminal,Ahmad Darul Ulum,5,Diedit 9 tahun lalu,Trans Batam transportasi murah dari pelabuahan ferry sekupang menuju pusat pusat kota Batam,False,True,2026-10-08 20:49:46
Sekupang,Sekupang Ferry Terminal,Rumainur ENO,4,6 tahun lalu,"Pelabuhan Penumpang Kapal Fery Antar Pulau Batam,,,,, Dengan Fasilitas yg Semakin Meningkat",False,True,2026-10-08 20:49:46
Sekupang,Sekupang Ferry Terminal,M. Iqbal Arza,5,4 tahun lalu,"porter 50rb, selebihnya top",False,True,2026-10-08 20:49:46
Sekupang,Sekupang Ferry Terminal,Sri Noufry Geysya,4,3 tahun lalu,Pelabuhan cukup bersih dan tertib.,False,True,2026-10-08 20:49:46
Sekupang,Sekupang Ferry Terminal,Utak Leonardo,5,5 tahun lalu,Rute menuju ke pelabuhan mudah ditemukan,False,True,2026-10-08 20:49:46
Sekupang,Sekupang Ferry Terminal,Adi Wicaksono,5,2 tahun lalu,"naik batam batam jet, berangkat 07.30",True,True,2026-10-08 20:49:46
Sekupang,Sekupang Ferry Terminal,arba a,4,5 tahun lalu,Tempat liat ikan di kolam besar wkwk,False,True,2026-10-08 20:49:46
Sekupang,Sekupang Ferry Terminal,Andre 27,5,5 tahun lalu,Pelabuhan domestik terbaik di kepri dan riau,False,True,2026-10-08 20:49:46
Sekupang,Sekupang Ferry Terminal,Ayu Dwi,4,5 tahun lalu,Seneng bisa liat kapal bagus disini..,False,True,2026-10-08 20:49:46
Sekupang,Sekupang Ferry Terminal,ghalih aminullah,1,3 tahun lalu,Susah buat order ojek online,False,False,2026-10-08 20:49:46
Sekupang,Sekupang Ferry Terminal,AHMAD TAUPIK,5,8 bulan lalu,Bagus,False,True,2026-10-08 20:49:46
Sekupang,Sekupang Ferry Terminal,Irwan Ajo,5,2 tahun lalu,Makannya enak dan lengkap,False,False,2026-10-08 20:49:46
Sekupang,Sekupang Ferry Terminal,Mr. TourGuide,1,Diedit setahun lalu,tolong aktifkan PETRUS.,False,True,2026-10-08 20:49:46
Sekupang,Sekupang Ferry Terminal,idham udin,5,5 tahun lalu,"Sangat nyaman, dan bersih",False,True,2026-10-08 20:49:46
Sekupang,Sekupang Ferry Terminal,praja wicho02,5,2 tahun lalu,Tempatnya dekat dari tempat tinggal,False,True,2026-10-08 20:49:46
Sekupang,Sekupang Ferry Terminal,Hikmah Ubaidillah Aziz,5,8 tahun lalu,Rapi banget. Banyak tempat makan enak di sini..,False,True,2026-10-08 20:49:46
Sekupang,Sekupang Ferry Terminal,hartono theng,5,2 tahun lalu,Sekupang ferry terminal,True,True,2026-10-08 20:49:46
Sekupang,Sekupang Ferry Terminal,tommy,4,7 tahun lalu,Ada tujuan khusus domestik dan pulau2 kecil,False,True,2026-10-08 20:49:46
Sekupang,Sekupang Ferry Terminal,Agus Satria,5,3 tahun lalu,Proses Cepat No ribet-ribet,False,False,2026-10-08 20:49:46
Sekupang,Sekupang Ferry Terminal,Me Si,5,6 tahun lalu,🛥️🛳️🚢,False,True,2026-10-08 20:49:46
Sekupang,Sekupang Ferry Terminal,Cak Hadi Al-Faqiir,4,Diedit 4 tahun lalu,🙂,False,True,2026-10-08 20:49:46
Sekupang,Sekupang Ferry Terminal,Wong Rantau 2019,5,4 tahun lalu,Mantap ok,False,False,2026-10-08 20:49:46
Sekupang,Sekupang Ferry Terminal,Hairani Hanafi,5,4 tahun lalu,Pelabuhan yang bersih dan indah,False,True,2026-10-08 20:49:46
Sekupang,Sekupang Ferry Terminal,Haristone Simanjuntak,5,2 tahun lalu,Semakin maju,False,True,2026-10-08 20:49:46
Sekupang,Sekupang Ferry Terminal,Esal Danofan,1,7 tahun lalu,Susah buat order taksi online,False,True,2026-10-08 20:49:46
Sekupang,Sekupang Ferry Terminal,Stanley Sep 90,3,8 tahun lalu,Klo naik oceana atw marina turun disini ya,False,False,2026-10-08 20:49:46
Sekupang,Sekupang Ferry Terminal,Den eddhy,5,3 tahun lalu,Semakin bagus..,False,True,2026-10-08 20:49:46
Sekupang,Sekupang Ferry Terminal,KUSRIN BATAM,5,setahun lalu,Mantap,False,True,2026-10-08 20:49:46
Sekupang,Sekupang Ferry Terminal,Harry Pangestu,4,8 tahun lalu,Pelabuhan ferry yg bagus dan representatif,False,False,2026-10-08 20:49:46
Sekupang,Sekupang Ferry Terminal,ridho fitra,4,7 tahun lalu,Taksinya ga pake argo,False,True,2026-10-08 20:49:46
Sekupang,Sekupang Ferry Terminal,Ardiansyah Rinaldy,1,2 tahun lalu,Taxy nya bar bar,False,True,2026-10-08 20:49:46
Sekupang,Sekupang Ferry Terminal,cah katrok,5,3 tahun lalu,Nyaman dan aman,False,True,2026-10-08 20:49:46
Sekupang,Sekupang Ferry Terminal,Andi Laroza,5,3 tahun lalu,bersih tenpatnya,False,True,2026-10-08 20:49:46
Sekupang,Sekupang Ferry Terminal,Ruben Siregar,5,setahun lalu,Berih dan rapi,False,True,2026-10-08 20:49:46
Sekupang,Sekupang Ferry Terminal,Yureski Belly S,5,2 tahun lalu,Lengkap dan nyaman,False,True,2026-10-08 20:49:46
Sekupang,Sekupang Ferry Terminal,Rahmad Febry Rismoyo,4,7 tahun lalu,Pelayanan nya baik,False,True,2026-10-08 20:49:46
Sekupang,Sekupang Ferry Terminal,Bettan Kiyai Padang,5,7 tahun lalu,Lokasinya nyaman dan bersih,False,True,2026-10-08 20:49:46
Sekupang,Sekupang Ferry Terminal,Ari Utami Nelyano,5,7 tahun lalu,Subhanallah sudah mulai tertib,False,True,2026-10-08 20:49:46
Sekupang,Sekupang Ferry Terminal,Dedi Riyanto,5,3 tahun lalu,Lancar dan aman,False,False,2026-10-08 20:49:46
Sekupang,Sekupang Ferry Terminal,Roy M,5,5 tahun lalu,Baik dan tertata,False,True,2026-10-08 20:49:46
Sekupang,Sekupang Ferry Terminal,taufik sofistiawan,5,7 tahun lalu,The real harbour. Pokmen best dah,False,True,2026-10-08 20:49:46
Sekupang,Sekupang Ferry Terminal,Muhammad P,5,5 tahun lalu,Pelayanan baik,False,True,2026-10-08 20:49:46
Sekupang,Sekupang Ferry Terminal,Akila mariam Ulva,5,setahun lalu,Bagus,False,False,2026-10-08 20:49:46
Sekupang,Sekupang Ferry Terminal,M.eko Irianto,5,4 tahun lalu,Bersih dan nyaman,False,True,2026-10-08 20:49:46
Sekupang,Sekupang Ferry Terminal,Raymond Sam Chia,5,5 tahun lalu,Cantik lautnya,False,True,2026-10-08 20:49:46
Sekupang,Sekupang Ferry Terminal,Aisyah Abdullah,5,8 tahun lalu,jauh dari pusat kota batam.,False,True,2026-10-08 20:49:46
Sekupang,Sekupang Ferry Terminal,Andre Nugroho,5,4 tahun lalu,Bersih dan ramah,False,True,2026-10-08 20:49:46
Sekupang,Sekupang Ferry Terminal,Muhammad Haikal,5,4 tahun lalu,Bagus dan nyaman,False,False,2026-10-08 20:49:46
Sekupang,Sekupang Ferry Terminal,Eko Charnius Ilman (Eko),5,3 tahun lalu,"Rapih, bersih",False,True,2026-10-08 20:49:46
Sekupang,Sekupang Ferry Terminal,yulita chua,5,7 tahun lalu,ferry terminal domestik dan internasional,False,True,2026-10-08 20:49:46
Sekupang,Sekupang Ferry Terminal,Lunae,3,8 tahun lalu,Sudah lebih enak dilihat,False,True,2026-10-08 20:49:46
Sekupang,Sekupang Ferry Terminal,endha doank,3,3 tahun lalu,Mulai sepi,False,True,2026-10-08 20:49:46
Sekupang,Sekupang Ferry Terminal,Rudi Hartono,3,5 tahun lalu,Lumayan,False,True,2026-10-08 20:49:46
Sekupang,Sekupang Ferry Terminal,MULYADI SE,5,7 tahun lalu,Nyaman dan nyaman,False,True,2026-10-08 20:49:46
Sekupang,Sekupang Ferry Terminal,Aulia Hadi Lubis,4,8 tahun lalu,Lebih bagus dari sebelumnya,False,True,2026-10-08 20:49:46
Sekupang,Sekupang Ferry Terminal,Deni Sanjaya,5,5 tahun lalu,Sangat baik,False,False,2026-10-08 20:49:46
Sekupang,Sekupang Ferry Terminal,Ilyas afk,5,7 tahun lalu,Bagus sekali,False,True,2026-10-08 20:49:46
Sekupang,Sekupang Ferry Terminal,ebie .playing,5,7 tahun lalu,Sekarang sudah nyaman,False,True,2026-10-08 20:49:46
Sekupang,Sekupang Ferry Terminal,Demank Marsono Soeryatmodjo,5,7 tahun lalu,Mampir mau ke Pulau Seraya,False,False,2026-10-08 20:49:46
Sekupang,Sekupang Ferry Terminal,Bayu Indrianto,5,8 tahun lalu,Singgah dlu k batam,False,True,2026-10-08 20:49:46
Sekupang,Sekupang Ferry Terminal,Achmad Machfud,5,8 tahun lalu,Pelabuhan baru dengan fasilitas baru.,False,False,2026-10-08 20:49:46
Sekupang,Sekupang Ferry Terminal,Ary,5,6 tahun lalu,bagus dan nyaman,False,True,2026-10-08 20:49:46
Sekupang,Sekupang Ferry Terminal,Aliando Mahendra,5,4 tahun lalu,Oke sangat!,False,True,2026-10-08 20:49:46
Sekupang,Sekupang Ferry Terminal,Suparma Jaya,4,8 tahun lalu,Kapal nya kecil kecil..,False,True,2026-10-08 20:49:46
Sekupang,Sekupang Ferry Terminal,Mimi Farhana Hana,5,7 tahun lalu,"Nyaman, bersih",False,True,2026-10-08 20:49:46
Sekupang,Sekupang Ferry Terminal,Iwayan Saputra,5,8 tahun lalu,👍👍,False,True,2026-10-08 20:49:46
Sekupang,Sekupang Ferry Terminal,Syahputra,5,Diedit 7 tahun lalu,Terminal yang baik dan bagus,False,True,2026-10-08 20:49:46
Sekupang,Sekupang Ferry Terminal,Razi 28,5,8 tahun lalu,Lumayan bagus,False,True,2026-10-08 20:49:46
Sekupang,Sekupang Ferry Terminal,Bernhard,5,7 tahun lalu,Tampilan baru..kereennn..,False,True,2026-10-08 20:49:46
Sekupang,Sekupang Ferry Terminal,Herry Poerwanto,3,7 tahun lalu,Cukup baik,False,True,2026-10-08 20:49:46
Sekupang,Sekupang Ferry Terminal,Jindaqu Kelana bungsu,5,3 tahun lalu,Mewah,False,True,2026-10-08 20:49:46
Sekupang,Sekupang Ferry Terminal,Paseng Tv,2,9 tahun lalu,Padat,False,True,2026-10-08 20:49:46
Sekupang,Sekupang Ferry Terminal,Rang Batam,5,6 tahun lalu,Nyaman,False,True,2026-10-08 20:49:46
Sekupang,Sekupang Ferry Terminal,Safri Efendi,5,8 tahun lalu,Sekupang Batam ke Singapore,False,True,2026-10-08 20:49:46
Sekupang,Sekupang Ferry Terminal,Lucky Rachman Loruma,3,3 tahun lalu,Nyebrang ke pulau,False,True,2026-10-08 20:49:46
Sekupang,Sekupang Ferry Terminal,edy mardjoko,4,7 tahun lalu,penyebrangan ke Batam,True,True,2026-10-08 20:49:46
Sekupang,Sekupang Ferry Terminal,Rahmat cahyadi,4,seminggu lalu,Berangkat pertama pagi,True,True,2026-10-08 20:49:46
Sekupang,Sekupang Ferry Terminal,Eko Kurniawan,5,2 bulan lalu,Tempatnya bagus .. ruang tunggu bersih,False,False,2026-10-08 20:49:46
Sekupang,Sekupang Ferry Terminal,jon Lim,5,2 bulan lalu,Sangat baik,False,False,2026-10-08 20:49:46
Sekupang,Sekupang Ferry Terminal,Dewi Sulistyowati,5,3 bulan lalu,"Numpang lewat terminal Ferry Sekupang ini pas perjalanan dari Balai Karimun naik Kapal Dumai Line, yang kami kira turun kapalnya di Harbour Bay. Kami lupa. Dan ternyata Terminal nya besar ya.",True,True,2026-10-08 20:49:46
Sekupang,Sekupang Ferry Terminal,bloodstallion,5,3 bulan lalu,Terminal feri kecil. Cukup nyaman untuk melayani feri yang datang dari Singapura. Ada kafe kecil dan toko suvenir. Kopi tarik di Kaya Toast Cafe di lantai 2 enak. Diterjemahkan oleh Google ・ Lihat versi asli (Inggris),True,True,2026-10-08 20:49:46
Sekupang,Sekupang Ferry Terminal,Xplorer SEA,3,3 tahun lalu,Terminal feri yang kecil namun fungsional. Salah satu yang terdekat dengan Singapura dibandingkan dengan terminal . Terdapat beberapa kafe untuk Anda makan cepat jika lapar. Anda juga bisa membeli kue lapis La Moist di sini. Diterjemahkan oleh Google ・ Lihat versi asli (Inggris),True,True,2026-10-08 20:49:46
Sekupang,Sekupang Ferry Terminal,Level 10 Guide - 28M Views,5,Diedit setahun lalu,"Terminal feri yang tenang tanpa keramaian Batam Centre. Kunjungan berulang, suka ketenangan di sini. Pilih tempat ini jika Anda pergi selama periode liburan puncak atau liburan akhir pekan. Tentu saja, Anda akan mengorbankan jumlah toko di sini. Tersedia titik penjemputan Grab. Tidak ada titik penjemputan Gojek. Diterjemahkan oleh Google ・ Lihat versi asli (Inggris)",True,True,2026-10-08 20:49:46
Sekupang,Sekupang Ferry Terminal,Raymond Valiant,4,setahun lalu,"Sekupang adalah salah satu pelabuhan tertua di Pulau Batam, yang melayani lalu lintas laut kapal-kapal kecil dari Singapura, atau pulau-pulau terdekat . Terminal feri modern selesai dibangun pada tahun 2018, melayani wisatawan domestik dan internasional. Pelabuhan yang lebih tua (lebih kecil) masih melayani wisatawan ke pulau-pulau kecil di wilayah tersebut. Diterjemahkan oleh Google ・ Lihat versi asli (Inggris)",True,True,2026-10-08 20:49:46
Sekupang,Sekupang Ferry Terminal,Mohd Suhaimi Rais (Haimi1719),5,2 tahun lalu,"Selamat jalan Terminal Feri Internasional Sekupang, tempat yang tepat untuk mengantar Anda pulang ke Kotan tempat saya tinggal.. jika Anda menginap di KTM Resort, mampirlah ke Terminal Feri Internasional Sekupang yang letaknya dekat atau tepat di samping terminal, ada terminal feri domestik ke Balakeng Padang atau pulau mana pun di Batam, Kepulauan Riau Diterjemahkan oleh Google ・ Lihat versi asli (Inggris)",True,True,2026-10-08 20:49:46
Sekupang,Sekupang Ferry Terminal,Heri Purwanto,5,7 tahun lalu,"Terminal feri internasional paling nyaman di Batam, tidak terlalu ramai, tenang, bersih, tempat parkir memadai, serta tersedia beberapa kedai kopi dan minimarket. Jika Anda sering bepergian ke Singapura atau Batam atau sebaliknya, ini seharusnya menjadi pilihan terminal pertama Anda. Diterjemahkan oleh Google ・ Lihat versi asli (Inggris)",True,True,2026-10-08 20:49:46
Sekupang,Sekupang Ferry Terminal,Aminullah Siregar,5,7 bulan lalu,Tiket bersih dan mudah dipesan. Diterjemahkan oleh Google ・ Lihat versi asli (Inggris),True,False,2026-10-08 20:49:46
Sekupang,Sekupang Ferry Terminal,Marvin Wan,3,7 tahun lalu,Terminal feri cukup berantakan. Banyak orang dengan waktu keberangkatan berbeda bercampur menjadi satu. Semua orang berdesakan di depan petugas bea cukai. Tidak ada petunjuk yang jelas. Petugas bea cukai sendiri ramah dan sangat efisien. Diterjemahkan oleh Google ・ Lihat versi asli (Inggris),True,True,2026-10-08 20:49:46
Sekupang,Sekupang Ferry Terminal,Faradisu,4,Diedit 3 tahun lalu,"Sudah banyak peningkatan, tetapi masih ada beberapa ruang untuk perbaikan. Anda perlu membeli tiket di lantai dua dan kemudian harus turun ke lantai satu untuk menunggu keberangkatan. Dan Anda perlu lebih memperhatikan karena tidak ada informasi di layar tentang keberangkatan, alih-alih seseorang akan memanggil untuk naik pesawat dan Anda perlu mengantre, tetapi tanpa tertib. Inilah yang perlu diperbaiki karena terminal ini benar-benar berubah dibandingkan 3-5 tahun sebelumnya. Diterjemahkan oleh Google ・ Lihat versi asli (Inggris)",True,True,2026-10-08 20:49:46
Sekupang,Sekupang Ferry Terminal,지구 한 바퀴 도전Family Trip,4,8 tahun lalu,"Meskipun lokasinya agak jauh dari pusat kota Batam, terminal ini tenang dan fasilitasnya bersih serta terawat dengan baik. Diterjemahkan oleh Google ・ Lihat versi asli (Korea)",True,True,2026-10-08 20:49:46
Sekupang,Sekupang Ferry Terminal,Abdul Razak,5,3 bulan lalu,Lebih banyak pilihan makanan dan minuman baru bagi penumpang yang akan berangkat untuk bersantai sebelum jadwal feri mereka. Diterjemahkan oleh Google ・ Lihat versi asli (Inggris),False,True,2026-10-08 20:49:46
Sekupang,Sekupang Ferry Terminal,Jennifer teh,3,2 tahun lalu,"Terminalnya sangat panas... AC-nya tidak berfungsi. Ini kedua kalinya kami di sini, AC-nya sama sekali tidak berfungsi. Tidak ada udara sama sekali. 🙄🙄🙄🙄 Diterjemahkan oleh Google ・ Lihat versi asli (Inggris)",True,True,2026-10-08 20:49:46
Sekupang,Sekupang Ferry Terminal,Uriah A G,3,11 bulan lalu,"Tidak sesibuk Terminal Feri Batam, tetapi proses pengurusan paspor kami lambat, dan ini disebabkan oleh warga Singapura yang harus mengisi aplikasi elektronik. Prosesnya kurang jelas. Jika tidak, ini mungkin bisa menjadi pilihan untuk menuju Batam. Diterjemahkan oleh Google ・ Lihat versi asli (Inggris)",False,True,2026-10-08 20:49:46
Sekupang,Sekupang Ferry Terminal,Ismail Md Wahid,4,sebulan lalu,Lebih sepi dibandingkan terminal feri Batam Centre. Diterjemahkan oleh Google ・ Lihat versi asli (Inggris),False,False,2026-10-08 20:49:46
Sekupang,Sekupang Ferry Terminal,Bën Chöng,4,4 bulan lalu,"Terminal Feri Batam, Indonesia. Melayani rute antara Singapura dan Indonesia. Diterjemahkan oleh Google ・ Lihat versi asli (Tionghoa)",False,True,2026-10-08 20:49:46
Sekupang,Sekupang Ferry Terminal,Lim Lam Sin (Keston),3,Diedit 2 tahun lalu,"Transaksi pemeriksaan bea cukai berjalan lancar dipandu oleh penyedia layanan agen wisata 06 ~ 09 Jun 24’ Kami kembali ke terminal feri Batam Sekupang setelah 4 tahun, 30 menit ke daerah kota. Diterjemahkan oleh Google ・ Lihat versi asli (Inggris)",True,True,2026-10-08 20:49:46
Sekupang,Sekupang Ferry Terminal,Toto Gonzales,4,7 tahun lalu,Cara mudah untuk pergi ke Singapura. Lebih sepi daripada terminal feri Batam Center. Diterjemahkan oleh Google ・ Lihat versi asli (Inggris),True,True,2026-10-08 20:49:46
Sekupang,Sekupang Ferry Terminal,Angel Zhang,5,11 bulan lalu,Semua petugasnya sangat ramah. Kami datang pada hari kerja jadi tidak terlalu ramai. Tersedia titik penjemputan Grab. Diterjemahkan oleh Google ・ Lihat versi asli (Inggris),False,True,2026-10-08 20:49:46
Sekupang,Sekupang Ferry Terminal,Bethanne Cane,3,Diedit 3 tahun lalu,"Imigrasi Indonesia di sini berjalan lambat karena banyaknya turis yang datang, hanya sedikit petugas yang bertugas saat kunjungan kami. Diterjemahkan oleh Google ・ Lihat versi asli (Inggris)",True,True,2026-10-08 20:49:46
Sekupang,Sekupang Ferry Terminal,Norna Dena,2,setahun lalu,"Aku tidak suka pria berkacamata yang menjaga gerbang pertama... Jadi ceritanya begini, aku ingin membawa ibuku pulang SENDIRIAN dengan 2 tas dan 1 saku. Biasanya, setiap kali aku membawa ibuku dan barang-barangku, aku diizinkan turun. Tadi, pria berkacamata itu awalnya tidak diizinkan, dia meminta tiketku, aku bilang aku ingin membawa ibuku, dia bilang aku tidak bisa membawanya, apakah ibuku membawa barang-barangnya sendiri?? Ibuku sudah tua, dia bertanya berapa umurnya, apa maksudmu??? Aku bilang begini, biasanya aku diizinkan turun, lalu dia bilang aku tidak bisa sekarang, apa? Kemudian wanita di sebelahku mengizinkanku, meskipun aku agak ragu melihat wajahnya. Aku bergumam,, semoga berhasil puasanya. Nah, ketika aku sampai di bawah, aku bertanya lagi kepada wanita di bawah apakah aku bisa membawa ibuku ke pelabuhan, dia bilang ya, minta izin di sana saja. Aku memberinya izin lagi, dia bilang mereka juga yang memindai tiket... jadi halo? Dulu aku sering lewat pelabuhan untuk pergi dan pulang, mengantar ibuku, membawa barang-barangku, bisa juga mengantar ke bawah, bisa juga mengantar ayahku ke sana? Kenapa sekarang tidak lagi?????? Kenapa? Apakah karena kita memakai pakaian sederhana, sehingga kita terlihat seperti orang yang tidak mampu? Atau kita terlihat seperti penipu? Aku tidak akan pernah melupakan pria berkacamata itu☝️ Diterjemahkan oleh Google ・ Lihat versi asli (Melayu)",False,False,2026-10-08 20:49:46
Sekupang,Sekupang Ferry Terminal,Jk. Wong,5,6 tahun lalu,"Saya pernah ke sini 3 tahun lalu, dan sudah banyak peningkatan dalam hal tata letak bangunan dan tempat parkir. Diterjemahkan oleh Google ・ Lihat versi asli (Inggris)",True,True,2026-10-08 20:49:46
Sekupang,Sekupang Ferry Terminal,Ryan Tan,1,setahun lalu,"Para porter yang menjijikkan menerima barang bawaan kami dari pihak otoritas pelabuhan tanpa sepengetahuan kami dan meminta bayaran untuk ""menyimpan"" barang-barang tersebut di gerbang kedatangan. Kami bahkan tidak melihat area pengambilan bagasi yang layak dan itu sangat membingungkan. Sopir taksi kami kemudian memberi tahu kami bahwa hanya pengemudi Grab yang diizinkan masuk ke terminal untuk area penjemputan atau pengantaran. Itu berarti harus berjalan kaki cukup jauh jika saya salah menggunakan Gojek. Diterjemahkan oleh Google ・ Lihat versi asli (Inggris)",False,True,2026-10-08 20:49:46
Sekupang,Sekupang Ferry Terminal,Saharrudin Aziz,5,setahun lalu,"Selain mengikuti prosedur standar (SOP) yang berlaku, tempat ini cocok untuk orang-orang yang hanya ingin menikmati lingkungan yang tenang dan semilir angin laut. Makanan dan suvenir juga tersedia dan berkualitas baik. Diterjemahkan oleh Google ・ Lihat versi asli (Inggris)",False,False,2026-10-08 20:49:46
Sekupang,Sekupang Ferry Terminal,Spencer Paw,1,2 tahun lalu,"Kami secara keliru mengantre di antrean visa, bukan di antrean biasa. Bukannya kami sengaja melakukannya, karena akhirnya antrean visa memakan waktu JAUH lebih lama daripada antrean biasa meskipun sebenarnya lebih pendek. Petugas bea cukai tetap saja memarahi kami karena kesalahan ini, yang jujur saja sangat mengejutkan dan merupakan perlakuan terburuk yang pernah saya terima dari petugas bea cukai di terminal feri dan bandara mana pun di seluruh dunia. Kejadian ini terjadi di antrean visa pada tanggal 15 Juni 2024, antara pukul 13.00 hingga 15.00. Kejadian ini benar-benar merusak seluruh perjalanan dan kesan kami terhadap kota tersebut. Diterjemahkan oleh Google ・ Lihat versi asli (Inggris)",False,True,2026-10-08 20:49:46
Sekupang,Sekupang Ferry Terminal,Roy SADO,5,3 tahun lalu,"Pelabuhan dan terminal yang bagus, untuk pergi ke pulau lain.... Diterjemahkan oleh Google ・ Lihat versi asli (Inggris)",True,True,2026-10-08 20:49:46
Sekupang,Sekupang Ferry Terminal,Lucky One,3,6 tahun lalu,"Jauh Lebih Baik dari Terminal Feri Lama, Hal yang paling mengganggu adalah para sopir taksi, terus berkerumun bolak-balik. Hal kedua adalah biaya parkir, seharusnya gratis dalam 15 menit, tetapi kami diminta untuk membayar saat masuk. SESEORANG HARUS MENGATAKAN SESUATU. Diterjemahkan oleh Google ・ Lihat versi asli (Inggris)",False,True,2026-10-08 20:49:46
Sekupang,Sekupang Ferry Terminal,LEO Z,1,7 tahun lalu,"Departemen imigrasi di sini sangat korup dan seluruh petugas imigrasi bertindak seperti gangster, menargetkan pengunjung yang 100% memenuhi syarat untuk masuk Indonesia tanpa visa (terutama mereka yang berasal dari negara dunia ketiga) dengan meminta uang kepada mereka dan mengancam akan memulangkan mereka ke Singapura jika mereka menolak. Berikut pengalaman saya yang terjadi pada pagi hari tanggal 23 Juli. Setelah kami menuju loket imigrasi setelah feri kami tiba, petugas tersebut mengajukan beberapa pertanyaan konyol sebagai alasan untuk menipu saya, seperti apakah Anda memiliki izin kerja di Singapura? (apa? Saya seorang turis dan bahkan tidak tahu apa itu, juga ini ditangani oleh Pemerintah Singapura bukan Indonesia, jadi meskipun saya memilikinya, saya tetap tidak perlu menunjukkannya). Setelah ditanya, kami diantar ke ruangan di sisi kiri loket, saya juga diinterogasi dengan sejumlah pertanyaan konyol, bodoh, dan tidak relevan oleh beberapa petugas lain termasuk Mengapa Singapura mengizinkan Anda masuk? Ke mana Anda berkunjung sebelum Singapura? Di mana Anda menginap di Singapura? Akhirnya, pemandu wisata saya masuk dan berbicara dengan beberapa petugas, lalu diam-diam memberi tahu saya bahwa karena paspor kami bermasalah (apa-apaan ini?), saya sebaiknya memberi mereka $50/orang dan memasukkan uang itu ke dalam paspor saat mereka mencapnya, dan mereka akan mengizinkan saya masuk, jika tidak, mereka akan mengirim kami kembali ke Singapura. Karena kami sedang berlibur dan tidak ingin hal-hal konyol seperti ini merusak perjalanan kami, jadi kami membayar uang tersebut. Setelah mencari di situs web, kami menemukan banyak cerita serupa yang terjadi di berbagai pos pemeriksaan, bukan hanya di sini. Saya juga akan membagikan pengalaman saya kepada teman-teman dan sesama pelancong di media sosial untuk memberi tahu mereka agar tidak datang ke sini untuk berlibur karena tidak aman dan tidak menyenangkan. Ini juga sangat menjijikkan dan pasti akan merusak reputasi Batam dan Indonesia. Jika pemerintah di sini atau seluruh negara ingin meningkatkan ekonomi dan pariwisata untuk bersaing dengan negara lain, mereka pasti harus lebih berupaya untuk menyelidiki dan mencegah hal-hal konyol seperti ini terjadi. Pada akhirnya, saya ingin mengatakan bahwa saya tidak akan mengunjungi negara ini lagi, begitu pula teman-teman saya, sampai mereka bisa memastikan untuk bersikap transparan, meskipun negara ini memiliki pemandangan yang indah dan orang-orang yang ramah yang sangat saya sukai. Saya tahu ini akan memakan waktu lama, tetapi kenyataan sekarang cukup menyedihkan dan mengecewakan bagi orang-orang dari seluruh dunia. Diterjemahkan oleh Google ・ Lihat versi asli (Inggris)",False,True,2026-10-08 20:49:46
Sekupang,Sekupang Ferry Terminal,Troy,4,2 tahun lalu,Terminal feri biasa saja. Bersih. Akses masuk mudah. Terdapat dua minimarket di lantai dasar. Lantai dua menjual makanan dan kue lapis. Diterjemahkan oleh Google ・ Lihat versi asli (Inggris),False,True,2026-10-08 20:49:46
Sekupang,Sekupang Ferry Terminal,Mariana Mariana,4,setahun lalu,"Harap tiba di sini 15 menit sebelum naik. Dan ada banyak toko di sini: Di luar ada minimarket Indomaret. Di dalam ada Roti O, kios makanan, dan toko camilan. Diterjemahkan oleh Google ・ Lihat versi asli (Inggris)",False,True,2026-10-08 20:49:46
Sekupang,Sekupang Ferry Terminal,Freddy How,4,6 tahun lalu,Ini pilihan yang lebih baik daripada Batam Center dan lebih cepat sampai. Lebih sepi juga. Diterjemahkan oleh Google ・ Lihat versi asli (Inggris),True,True,2026-10-08 20:49:46
Sekupang,Sekupang Ferry Terminal,BIG J,3,4 tahun lalu,"Bersih, terawat dengan baik, ruang tunggu ber-AC, dan area merokok. Cukup nyaman. Satu hal yang perlu diingat, jika Anda membawa barang bawaan, jangan pernah biarkan siapa pun yang mencoba membantu Anda naik lift, mereka adalah porter dan akan menjemput Anda di akhir. Bawa semua barang bawaan Anda sendiri demi keamanan, jangan pernah percaya siapa pun yang berpura-pura baik hati membantu Anda. Jaga keselamatan dan keamanan Anda....tanyakan informasi apa pun kepada mereka yang berseragam resmi atau petugas. Diterjemahkan oleh Google ・ Lihat versi asli (Inggris)",False,True,2026-10-08 20:49:46
Sekupang,Sekupang Ferry Terminal,leondy rionaldo,5,3 tahun lalu,Terdapat 2 terminal feri di Sekupang. Yang pertama untuk feri domestik. Harga parkirnya 2.000 rupiah/mobil. Rute feri menuju beberapa pulau di Provinsi Kepulauan Riau dan juga Provinsi Riau. Yang kedua untuk feri internasional. Rute feri menuju Singapura dengan harga sekitar 700.000 rupiah atau 70 SGD pada Mei 2023. Diterjemahkan oleh Google ・ Lihat versi asli (Inggris),False,True,2026-10-08 20:49:46
Sekupang,Sekupang Ferry Terminal,Edy Candra,3,7 tahun lalu,"Menurutku itu cukup bagus. Hanya saja, pekerja yang bertugas mengambil bagasi itu Bukankah mereka dibayar oleh perusahaan? Mereka akan meminta $1 dari semua turis untuk bagasi mereka. Jika kita harus membayar, kita juga harus membayar di Singapura, tetapi menurutku tidak demikian karena ini paket dari feri. Maksudku, memang tidak banyak, tapi hei~~ Itu hanya cara mendapatkan uang tambahan, semoga ada yang memperhatikannya. Diterjemahkan oleh Google ・ Lihat versi asli (Inggris)",False,False,2026-10-08 20:49:46
Sekupang,Sekupang Ferry Terminal,Herman Chua,1,Diedit setahun lalu,"Terminal ferinya cukup bagus, tetapi hati-hati dengan kafe di lantai pertama, karena mereka menyajikan ikan dan kentang goreng yang belum matang sempurna kepada saya. Saya pergi untuk mengeluh dan jawabannya adalah ""memang seperti itu"". Sayang sekali. Diterjemahkan oleh Google ・ Lihat versi asli (Inggris)",False,False,2026-10-08 20:49:46
Sekupang,Sekupang Ferry Terminal,riyan samutra,5,8 tahun lalu,Tempat yang bagus untuk memasuki Batam dari sini. Diterjemahkan oleh Google ・ Lihat versi asli (Inggris),True,True,2026-10-08 20:49:46
Sekupang,Sekupang Ferry Terminal,Umay Haza,5,7 tahun lalu,Tempat yang bagus... perahu cepatnya sangat kencang... Diterjemahkan oleh Google ・ Lihat versi asli (Inggris),True,True,2026-10-08 20:49:46
Sekupang,Sekupang Ferry Terminal,Eka Apriliani,5,8 tahun lalu,Sangat bersih dan tidak terlalu ramai. Diterjemahkan oleh Google ・ Lihat versi asli (Inggris),True,True,2026-10-08 20:49:46
Sekupang,Sekupang Ferry Terminal,Petar Bajic,4,5 tahun lalu,"Terminal feri lokal yang bagus. Karena pandemi Covid-19, perjalanan hanya diperbolehkan di dalam negeri. Terminal Sekupang memiliki toko dan penawaran makanan dasar yang sangat terbatas. Diterjemahkan oleh Google ・ Lihat versi asli (Inggris)",False,True,2026-10-08 20:49:46
Sekupang,Sekupang Ferry Terminal,DBX DBX,5,7 tahun lalu,"Ini adalah terminal feri internasional terbaik di Batam. Sangat luas dan bersih. Dan yang terpenting, tidak seramai terminal feri . Diterjemahkan oleh Google ・ Lihat versi asli (Inggris)",False,True,2026-10-08 20:49:46
Sekupang,Sekupang Ferry Terminal,Guru Bhat,2,2 tahun lalu,"Sangat kecewa! Cuacanya sangat panas dan feri ke Singapura terus tertunda, tertunda, dan tertunda, dan AC di area keberangkatan tidak berfungsi, sungguh membuat frustrasi. Diterjemahkan oleh Google ・ Lihat versi asli (Inggris)",False,True,2026-10-08 20:49:46
Sekupang,Sekupang Ferry Terminal,Hosea “Ivashov”,4,7 tahun lalu,"Saya hanya ingin tahu apakah terminal feri seperti ini berbeda dari Batam Centre, terlihat desain modern dengan desain sederhana namun menarik, langit-langitnya bagus, tidak ramai, lebih nyaman... Diterjemahkan oleh Google ・ Lihat versi asli (Inggris)",False,True,2026-10-08 20:49:46
Sekupang,Sekupang Ferry Terminal,Yoel Chua,5,4 tahun lalu,Tidak terlalu ramai Bagus Bersih Indah Kelemahan: jauh dari kota. Diterjemahkan oleh Google ・ Lihat versi asli (Inggris),False,True,2026-10-08 20:49:46
Sekupang,Sekupang Ferry Terminal,Chris Kokki,5,setahun lalu,Bisakah kami mengurus visa saat kedatangan di pelabuhan ketika kami datang dari Singapura? Bisakah kami pergi ke Rempang dari pelabuhan? Diterjemahkan oleh Google ・ Lihat versi asli (Inggris),False,False,2026-10-08 20:49:46
Sekupang,Sekupang Ferry Terminal,Erwin Bolwidt,4,setahun lalu,"Terorganisir, bersih, tersedia makanan & minuman. Diterjemahkan oleh Google ・ Lihat versi asli (Inggris)",False,True,2026-10-08 20:49:46
Sekupang,Sekupang Ferry Terminal,Mo Hearts,1,setahun lalu,"Toiletnya kotor dan bau, AC-nya tidak berfungsi, ini terminal terburuk yang pernah ada. Diterjemahkan oleh Google ・ Lihat versi asli (Inggris)",False,False,2026-10-08 20:49:46
Sekupang,Sekupang Ferry Terminal,Zack Zz,5,2 tahun lalu,Hotel kami dekat dengan Sekupang jadi bagus. Diterjemahkan oleh Google ・ Lihat versi asli (Inggris),False,False,2026-10-08 20:49:46
Sekupang,Sekupang Ferry Terminal,Yogi Kwok,4,7 tahun lalu,"Terminal baru ini bersih dan luas, tetapi sistem check-in dan antriannya bisa lebih baik. Diterjemahkan oleh Google ・ Lihat versi asli (Inggris)",False,True,2026-10-08 20:49:46
Sekupang,Sekupang Ferry Terminal,Mustafa Zainudin,5,7 tahun lalu,"Terminal feri internasional yang modern dan nyaman. Terdapat tempat makan yang bagus di lantai 2, luas dan banyak tempat duduk. Diterjemahkan oleh Google ・ Lihat versi asli (Inggris)",False,True,2026-10-08 20:49:46
Sekupang,Sekupang Ferry Terminal,Kim Raymond,4,7 tahun lalu,Diperlukan waktu sekitar 40 menit untuk mencapai terminal penumpang tempat Anda dapat melakukan perjalanan dengan nyaman antara Singapura dan Pulau Batam. Diterjemahkan oleh Google ・ Lihat versi asli (Korea),False,True,2026-10-08 20:49:46
Sekupang,Sekupang Ferry Terminal,Hemantha kumar Bodapati,4,8 tahun lalu,"Tersedia makanan dan camilan yang sangat enak, di dalamnya terdapat pusat perbelanjaan kecil. Diterjemahkan oleh Google ・ Lihat versi asli (Inggris)",False,True,2026-10-08 20:49:46
Sekupang,Sekupang Ferry Terminal,Iskandar Ismail,5,setahun lalu,Sangat bagus Diterjemahkan oleh Google ・ Lihat versi asli (Inggris),False,False,2026-10-08 20:49:46
Sekupang,Sekupang Ferry Terminal,Mas Taat M A,4,5 tahun lalu,Banyak yang halus Diterjemahkan oleh Google ・ Lihat versi asli (Melayu),True,True,2026-10-08 20:49:46
Sekupang,Sekupang Ferry Terminal,Dariush Malekirad,5,setahun lalu,Pelabuhan yang sangat nyaman dan staf yang ramah. Diterjemahkan oleh Google ・ Lihat versi asli (Inggris),False,True,2026-10-08 20:49:46
Sekupang,Sekupang Ferry Terminal,R L,5,6 tahun lalu,Bersih dan tidak terlalu ramai. Terminal feri ini adalah pilihan terbaik. Diterjemahkan oleh Google ・ Lihat versi asli (Inggris),False,True,2026-10-08 20:49:46
Sekupang,Sekupang Ferry Terminal,ggwp 1892,4,7 tahun lalu,"Tidak apa-apa, tapi mereka tidak mengizinkan Grab untuk mengangkut penumpang di sini. Diterjemahkan oleh Google ・ Lihat versi asli (Inggris)",False,True,2026-10-08 20:49:46
Sekupang,Sekupang Ferry Terminal,Mardi Xia,5,4 tahun lalu,Terlihat cukup modern setelah renovasi. Diterjemahkan oleh Google ・ Lihat versi asli (Inggris),False,True,2026-10-08 20:49:46
Sekupang,Sekupang Ferry Terminal,Benjamin G,3,2 tahun lalu,Terminalnya terlihat cukup tua jika dibandingkan dengan Harbour Bay. Diterjemahkan oleh Google ・ Lihat versi asli (Inggris),False,True,2026-10-08 20:49:46
Sekupang,Sekupang Ferry Terminal,"Adythia Nusantara, SH",4,4 tahun lalu,Terminal Feri Besar untuk perjalanan domestik atau internasional di Kepulauan Riau Diterjemahkan oleh Google ・ Lihat versi asli (Inggris),False,True,2026-10-08 20:49:46
Sekupang,Sekupang Ferry Terminal,Mohamed Samir,5,2 tahun lalu,Pelayanan dan ketepatan waktu yang sangat baik. Diterjemahkan oleh Google ・ Lihat versi asli (Arab),False,True,2026-10-08 20:49:46
Sekupang,Sekupang Ferry Terminal,Suriyanto,5,4 tahun lalu,,True,True,2026-10-08 20:49:46
Sekupang,Sekupang Ferry Terminal,Febi Masfar,4,8 tahun lalu,Bagus Diterjemahkan oleh Google ・ Lihat versi asli (Inggris),True,True,2026-10-08 20:49:46
Sekupang,Sekupang Ferry Terminal,Siti Wulandari,5,7 tahun lalu,,True,True,2026-10-08 20:49:46
Sekupang,Sekupang Ferry Terminal,Daniel Day,4,4 tahun lalu,Membersihkan... Diterjemahkan oleh Google ・ Lihat versi asli (Inggris),False,True,2026-10-08 20:49:46
Sekupang,Sekupang Ferry Terminal,Zainal,5,2 tahun lalu,Terminal Feri Domestik Batam & Ke SGD Diterjemahkan oleh Google ・ Lihat versi asli (Inggris),False,False,2026-10-08 20:49:46
Sekupang,Sekupang Ferry Terminal,Minh Nguyen,5,8 tahun lalu,Tempat yang bagus untuk naik feri ⛴ untuk bepergian Diterjemahkan oleh Google ・ Lihat versi asli (Inggris),False,True,2026-10-08 20:49:46
Sekupang,Sekupang Ferry Terminal,Widi Susanta,5,setahun lalu,,True,True,2026-10-08 20:49:46
Sekupang,Sekupang Ferry Terminal,Junaidi “Junyusuf” Yusuf,4,4 tahun lalu,Lebih baik dari sebelumnya Diterjemahkan oleh Google ・ Lihat versi asli (Inggris),False,True,2026-10-08 20:49:46
Sekupang,Sekupang Ferry Terminal,Afrizal Setiawan,4,8 tahun lalu,Saya menyukai tempat itu. Diterjemahkan oleh Google ・ Lihat versi asli (Inggris),True,True,2026-10-08 20:49:46
Sekupang,Sekupang Ferry Terminal,Jaket Batam,5,6 tahun lalu,Tempat yang bersih dan bagus. Diterjemahkan oleh Google ・ Lihat versi asli (Inggris),False,True,2026-10-08 20:49:46
Sekupang,Sekupang Ferry Terminal,أبو آية احمد بن محمد أبو طحال,5,4 tahun lalu,Cantik Diterjemahkan oleh Google ・ Lihat versi asli (Arab),False,True,2026-10-08 20:49:46
Sekupang,Sekupang Ferry Terminal,Amanda Manda,4,3 tahun lalu,Jooss,False,False,2026-10-08 20:49:46
Sekupang,Sekupang Ferry Terminal,Soecipto Stories,5,4 tahun lalu,Kwkwkwkwkw Diterjemahkan oleh Google ・ Lihat versi asli (Jawa),False,False,2026-10-08 20:49:46
Sekupang,Sekupang Ferry Terminal,dotnetid,5,4 tahun lalu,Pelabuhan Diterjemahkan oleh Google ・ Lihat versi asli (Inggris),False,True,2026-10-08 20:49:46
Sekupang,Sekupang Ferry Terminal,Lutfi Thok,4,5 tahun lalu,Bagus dan bersih Diterjemahkan oleh Google ・ Lihat versi asli (Inggris),False,True,2026-10-08 20:49:46
Sekupang,Sekupang Ferry Terminal,Predator Anti Bullying,4,4 tahun lalu,Bagus Diterjemahkan oleh Google ・ Lihat versi asli (Inggris),False,True,2026-10-08 20:49:46
Sekupang,Sekupang Ferry Terminal,indah s,5,Diedit 7 tahun lalu,Ini bagus Diterjemahkan oleh Google ・ Lihat versi asli (Inggris),False,False,2026-10-08 20:49:46
Sekupang,Sekupang Ferry Terminal,tan boonseng,4,3 tahun lalu,Pengalaman yang tak terlupakan. Diterjemahkan oleh Google ・ Lihat versi asli (Inggris),False,True,2026-10-08 20:49:46
Sekupang,Sekupang Ferry Terminal,Ambar Zulfantho,5,2 tahun lalu,,True,True,2026-10-08 20:49:46
Sekupang,Sekupang Ferry Terminal,Indra Yurei,5,Diedit 6 tahun lalu,Tempat yang bagus Diterjemahkan oleh Google ・ Lihat versi asli (Inggris),False,True,2026-10-08 20:49:46
Sekupang,Sekupang Ferry Terminal,Julia O',5,5 tahun lalu,Tempat yang nyaman Diterjemahkan oleh Google ・ Lihat versi asli (Inggris),False,True,2026-10-08 20:49:46
Sekupang,Sekupang Ferry Terminal,Noval Ario Nugroho,5,2 tahun lalu,Mantaap,False,True,2026-10-08 20:49:46
Sekupang,Sekupang Ferry Terminal,aripando eliazar,4,3 tahun lalu,,True,True,2026-10-08 20:49:46
Sekupang,Sekupang Ferry Terminal,Khaidir Rahman (Abah Nuna),5,Diedit 4 tahun lalu,Pelabuhan bersih,False,True,2026-10-08 20:49:46
Sekupang,Sekupang Ferry Terminal,Maulana Iskak,5,3 tahun lalu,Trans Diterjemahkan oleh Google ・ Lihat versi asli (Portugis),False,False,2026-10-08 20:49:46
Sekupang,Sekupang Ferry Terminal,V K Varathan,5,2 tahun lalu,Bagus Diterjemahkan oleh Google ・ Lihat versi asli (Inggris),False,True,2026-10-08 20:49:46
Sekupang,Sekupang Ferry Terminal,Chris Alves,5,7 tahun lalu,Proses Imigrasi yang Lancar Diterjemahkan oleh Google ・ Lihat versi asli (Inggris),False,True,2026-10-08 20:49:46
Sekupang,Sekupang Ferry Terminal,Andira Creator,5,6 tahun lalu,,True,True,2026-10-08 20:49:46
Sekupang,Sekupang Ferry Terminal,Arul Raja,5,2 tahun lalu,Yasmin muhamed6793,False,False,2026-10-08 20:49:46
Sekupang,Sekupang Ferry Terminal,Bang Yusak,4,7 tahun lalu,,True,True,2026-10-08 20:49:46
Sekupang,Sekupang Ferry Terminal,Govind Arajan,5,2 tahun lalu,Bagus Diterjemahkan oleh Google ・ Lihat versi asli (Inggris),False,True,2026-10-08 20:49:46
Sekupang,Sekupang Ferry Terminal,Endial Fil Ardh,5,6 tahun lalu,,True,True,2026-10-08 20:49:46
Sekupang,Sekupang Ferry Terminal,Al Gio,5,8 tahun lalu,Sekarang sangat bagus Diterjemahkan oleh Google ・ Lihat versi asli (Inggris),False,True,2026-10-08 20:49:46
Sekupang,Sekupang Ferry Terminal,Peter Lim,1,8 tahun lalu,Tidak ada yang istimewa Hanya sebuah pelabuhan Diterjemahkan oleh Google ・ Lihat versi asli (Inggris),False,True,2026-10-08 20:49:46
Sekupang,Sekupang Ferry Terminal,Sugiarto Sugiarto,5,9 tahun lalu,Bagus... untuk liburan Diterjemahkan oleh Google ・ Lihat versi asli (Inggris),False,True,2026-10-08 20:49:46
Sekupang,Sekupang Ferry Terminal,Joko Santoso,5,3 tahun lalu,Jooos,False,False,2026-10-08 20:49:46
Sekupang,Sekupang Ferry Terminal,Ridha Sjartina,4,8 tahun lalu,,True,True,2026-10-08 20:49:46
Sekupang,Sekupang Ferry Terminal,Deni Haryandi,4,3 tahun lalu,Joss,False,True,2026-10-08 20:49:46
Sekupang,Sekupang Ferry Terminal,Seok Ling,1,7 tahun lalu,,True,True,2026-10-08 20:49:46
Sekupang,Sekupang Ferry Terminal,Ernawati Journey R2,5,8 tahun lalu,Sangat bagus Diterjemahkan oleh Google ・ Lihat versi asli (Inggris),False,True,2026-10-08 20:49:46
Sekupang,Sekupang Ferry Terminal,dedy santika,5,7 tahun lalu,Oke Diterjemahkan oleh Google ・ Lihat versi asli (Inggris),False,False,2026-10-08 20:49:46
Sekupang,Sekupang Ferry Terminal,Aby,5,8 tahun lalu,Bagus Diterjemahkan oleh Google ・ Lihat versi asli (Inggris),False,True,2026-10-08 20:49:46
Sekupang,Sekupang Ferry Terminal,Johan Batam,5,6 tahun lalu,Area bersih Diterjemahkan oleh Google ・ Lihat versi asli (Inggris),False,True,2026-10-08 20:49:46
Sekupang,Sekupang Ferry Terminal,Visi Komala Sari,5,setahun lalu,,True,True,2026-10-08 20:49:46
Sekupang,Sekupang Ferry Terminal,Berly Arlandy,4,8 tahun lalu,Pelabuhan besar Diterjemahkan oleh Google ・ Lihat versi asli (Inggris),False,True,2026-10-08 20:49:46
Sekupang,Sekupang Ferry Terminal,afdal munarse,5,3 tahun lalu,Bagus Diterjemahkan oleh Google ・ Lihat versi asli (Inggris),False,True,2026-10-08 20:49:46
Sekupang,Sekupang Ferry Terminal,Dicky Hardi,5,6 tahun lalu,OKE Diterjemahkan oleh Google ・ Lihat versi asli (Inggris),False,True,2026-10-08 20:49:46
Sekupang,Sekupang Ferry Terminal,Yulia Marza,5,6 tahun lalu,Bagus Diterjemahkan oleh Google ・ Lihat versi asli (Inggris),False,True,2026-10-08 20:49:46
Sekupang,Sekupang Ferry Terminal,Dian Etika P,5,4 hari lalu,BARU,False,True,2026-10-08 20:49:46
Sekupang,Sekupang Ferry Terminal,Erik Syahin,5,seminggu lalu,BARU,False,False,2026-10-08 20:49:46
Sekupang,Sekupang Ferry Terminal,Mar Sina,5,2 minggu lalu,BARU,False,False,2026-10-08 20:49:46
Sekupang,Sekupang Ferry Terminal,Arifien Sutrisno,3,sebulan lalu,,False,True,2026-10-08 20:49:46
Sekupang,Sekupang Ferry Terminal,Jungmin Son,5,sebulan lalu,Tempat-tempat di Batam dengan proses imigrasi yang cepat. Diterjemahkan oleh Google ・ Lihat versi asli (Korea),False,True,2026-10-08 20:49:46
Sekupang,Sekupang Ferry Terminal,Saiful Iful,5,sebulan lalu,,False,False,2026-10-08 20:49:46
Sekupang,Sekupang Ferry Terminal,Dimpos Hutasoit,5,2 bulan lalu,,False,True,2026-10-08 20:49:46
Sekupang,Sekupang Ferry Terminal,fery ilyas,5,2 bulan lalu,,False,True,2026-10-08 20:49:46
Sekupang,Sekupang Ferry Terminal,Andrew Lim,5,2 bulan lalu,"Saya pergi saat jam-jam sepi di akhir pekan dan tempat itu benar-benar sepi! Sangat menyenangkan tidak ada keramaian dan antrean. Layanan VIP yang telah saya pesan juga membuat proses imigrasi dan check-in sangat mudah. Makanan dan minuman terbatas, jadi saya sarankan untuk makan di tempat lain jika Anda menginginkan makanan lengkap. Diterjemahkan oleh Google ・ Lihat versi asli (Inggris)",False,True,2026-10-08 20:49:46
Sekupang,Sekupang Ferry Terminal,Safriani Kiah,1,2 bulan lalu,,False,False,2026-10-08 20:49:46
Sekupang,Sekupang Ferry Terminal,Razaheddi Robert Lious Lim,5,3 bulan lalu,,False,False,2026-10-08 20:49:46
Sekupang,Sekupang Ferry Terminal,Maju Pesat,5,4 bulan lalu,,False,False,2026-10-08 20:49:46
Sekupang,Sekupang Ferry Terminal,Rudy Samosir,5,5 bulan lalu,,False,False,2026-10-08 20:49:46
Sekupang,Sekupang Ferry Terminal,Andi Nuruloct,5,5 bulan lalu,,False,False,2026-10-08 20:49:46
Sekupang,Sekupang Ferry Terminal,Zaydha Heriyana,5,6 bulan lalu,,False,True,2026-10-08 20:49:46
Sekupang,Sekupang Ferry Terminal,Ferry Mononutu,4,7 bulan lalu,,False,True,2026-10-08 20:49:46
Sekupang,Sekupang Ferry Terminal,Sinuurat _007,5,7 bulan lalu,,False,True,2026-10-08 20:49:46
Sekupang,Sekupang Ferry Terminal,Keith Tan,5,8 bulan lalu,,False,True,2026-10-08 20:49:46
Sekupang,Sekupang Ferry Terminal,muhammad munib,5,8 bulan lalu,,False,True,2026-10-08 20:49:46
Sekupang,Sekupang Ferry Terminal,Muhammad Arif,5,9 bulan lalu,,False,False,2026-10-08 20:49:46
Sekupang,Sekupang Ferry Terminal,Arkan 01,5,9 bulan lalu,,False,True,2026-10-08 20:49:46
Sekupang,Sekupang Ferry Terminal,Ibnu Faathir al fath,5,9 bulan lalu,,False,False,2026-10-08 20:49:46
Sekupang,Sekupang Ferry Terminal,Hαғιz Mαυlαηα,5,10 bulan lalu,,False,False,2026-10-08 20:49:46
Sekupang,Sekupang Ferry Terminal,iSur Rakhmat,5,11 bulan lalu,,False,True,2026-10-08 20:49:46
Sekupang,Sekupang Ferry Terminal,Yang chen Zhang,5,11 bulan lalu,,False,False,2026-10-08 20:49:46
Sekupang,Sekupang Ferry Terminal,Chiranjeev Malviya,5,11 bulan lalu,,False,True,2026-10-08 20:49:46
Sekupang,Sekupang Ferry Terminal,iSur 117,5,setahun lalu,,False,True,2026-10-08 20:49:46
Sekupang,Sekupang Ferry Terminal,Luca Savi,4,setahun lalu,,False,True,2026-10-08 20:49:46
Sekupang,Sekupang Ferry Terminal,Faezah Jonit,5,setahun lalu,,False,True,2026-10-08 20:49:46
Sekupang,Sekupang Ferry Terminal,Rezaardy,5,setahun lalu,,False,False,2026-10-08 20:49:46
Sekupang,Sekupang Ferry Terminal,Syahril Dahlani,5,setahun lalu,,False,True,2026-10-08 20:49:46
Sekupang,Sekupang Ferry Terminal,Pulau Sopantiang,4,setahun lalu,,False,True,2026-10-08 20:49:46
Sekupang,Sekupang Ferry Terminal,Suka Lee,5,setahun lalu,,False,False,2026-10-08 20:49:46
Sekupang,Sekupang Ferry Terminal,K. Al Rasyid,4,setahun lalu,,False,False,2026-10-08 20:49:46
Sekupang,Sekupang Ferry Terminal,RON US2,3,setahun lalu,,False,False,2026-10-08 20:49:46
Sekupang,Sekupang Ferry Terminal,Soepri anto,5,setahun lalu,,False,True,2026-10-08 20:49:46
Sekupang,Sekupang Ferry Terminal,SSE 566 SOGATA,5,setahun lalu,,False,False,2026-10-08 20:49:46
Sekupang,Sekupang Ferry Terminal,Putri Imeldasari,5,setahun lalu,,False,True,2026-10-08 20:49:46
Sekupang,Sekupang Ferry Terminal,dees.interna anas,5,setahun lalu,,False,True,2026-10-08 20:49:46
Sekupang,Sekupang Ferry Terminal,Nisrina R,5,setahun lalu,,False,False,2026-10-08 20:49:46
Sekupang,Sekupang Ferry Terminal,Daniel roma,5,setahun lalu,,False,True,2026-10-08 20:49:46
Sekupang,Sekupang Ferry Terminal,Mr. Onion,4,setahun lalu,,False,False,2026-10-08 20:49:46
Sekupang,Sekupang Ferry Terminal,Enrico Carlin,4,setahun lalu,,False,True,2026-10-08 20:49:46
Sekupang,Sekupang Ferry Terminal,Benny Wijaya,5,setahun lalu,,False,True,2026-10-08 20:49:46
Sekupang,Sekupang Ferry Terminal,KAKKAN DINESHKUMAR,5,setahun lalu,,False,False,2026-10-08 20:49:46
Sekupang,Sekupang Ferry Terminal,M Adib,5,setahun lalu,,False,False,2026-10-08 20:49:46
Sekupang,Sekupang Ferry Terminal,Wahyu Oktavian,5,setahun lalu,,False,True,2026-10-08 20:49:46
Sekupang,Sekupang Ferry Terminal,Zaki,4,Diedit setahun lalu,,False,True,2026-10-08 20:49:46
Sekupang,Sekupang Ferry Terminal,anang putuwarto,5,setahun lalu,,False,False,2026-10-08 20:49:46
Sekupang,Sekupang Ferry Terminal,annie annie,5,setahun lalu,,False,True,2026-10-08 20:49:46
Sekupang,Sekupang Ferry Terminal,Abdurrahman Al Rasyid Hasibuan,5,setahun lalu,,False,True,2026-10-08 20:49:46
Sekupang,Sekupang Ferry Terminal,ar pandi,4,setahun lalu,,False,True,2026-10-08 20:49:46
Sekupang,Sekupang Ferry Terminal,iskandar zulkarnaen,5,setahun lalu,,False,True,2026-10-08 20:49:46
Sekupang,Sekupang Ferry Terminal,Yusman Xiao,4,setahun lalu,,False,True,2026-10-08 20:49:46
Sekupang,Sekupang Ferry Terminal,azen Lee,3,setahun lalu,,False,True,2026-10-08 20:49:46
Sekupang,Sekupang Ferry Terminal,Hengky Irawan Leo,5,setahun lalu,,False,True,2026-10-08 20:49:46
Sekupang,Sekupang Ferry Terminal,Rainy Sunset,4,setahun lalu,,False,False,2026-10-08 20:49:46
Sekupang,Sekupang Ferry Terminal,MAJESTY ENTERTAINMENT,5,setahun lalu,,False,True,2026-10-08 20:49:46
Sekupang,Sekupang Ferry Terminal,Frans jhon sukses,5,setahun lalu,,False,True,2026-10-08 20:49:46
Sekupang,Sekupang Ferry Terminal,KURNIA,5,2 tahun lalu,,False,True,2026-10-08 20:49:46
Sekupang,Sekupang Ferry Terminal,Trigan Inc.,3,2 tahun lalu,,False,True,2026-10-08 20:49:46
Sekupang,Sekupang Ferry Terminal,Haslina Lina,5,2 tahun lalu,,False,False,2026-10-08 20:49:46
Sekupang,Sekupang Ferry Terminal,Nurhanda Anggereni,5,2 tahun lalu,,False,False,2026-10-08 20:49:46
Sekupang,Sekupang Ferry Terminal,Fitri Indah Yunita,4,2 tahun lalu,,False,False,2026-10-08 20:49:46
Sekupang,Sekupang Ferry Terminal,zulkarnain sikumbang,5,2 tahun lalu,,False,False,2026-10-08 20:49:46
Sekupang,Sekupang Ferry Terminal,Reonaldo sinaga,5,2 tahun lalu,,True,True,2026-10-08 20:49:46
Sekupang,Sekupang Ferry Terminal,sultan channel,3,2 tahun lalu,,False,True,2026-10-08 20:49:46
Sekupang,Sekupang Ferry Terminal,Gina Fadhillah,4,2 tahun lalu,,False,True,2026-10-08 20:49:46
Sekupang,Sekupang Ferry Terminal,"Ratih Mayank Sari, ST.",5,2 tahun lalu,,False,False,2026-10-08 20:49:46
Sekupang,Sekupang Ferry Terminal,DynaSalawatyMaulidyaaa,5,2 tahun lalu,,False,True,2026-10-08 20:49:46
Sekupang,Sekupang Ferry Terminal,Kumaran Sethu,4,2 tahun lalu,,False,True,2026-10-08 20:49:46
Sekupang,Sekupang Ferry Terminal,Hendra Lagi,5,2 tahun lalu,,False,True,2026-10-08 20:49:46
Sekupang,Sekupang Ferry Terminal,saya sayabinjaka,4,2 tahun lalu,,False,False,2026-10-08 20:49:46
Sekupang,Sekupang Ferry Terminal,suhardianti,5,2 tahun lalu,,False,False,2026-10-08 20:49:46
Sekupang,Sekupang Ferry Terminal,Farhana,4,2 tahun lalu,,False,False,2026-10-08 20:49:46
Sekupang,Sekupang Ferry Terminal,Ankur Sinha,3,2 tahun lalu,,False,True,2026-10-08 20:49:46
Sekupang,Sekupang Ferry Terminal,Nur Budi Marastuti,5,2 tahun lalu,,False,False,2026-10-08 20:49:46
Sekupang,Sekupang Ferry Terminal,Lars de Mok,5,2 tahun lalu,,False,True,2026-10-08 20:49:46
Sekupang,Sekupang Ferry Terminal,Indrawan SK,4,3 tahun lalu,,False,True,2026-10-08 20:49:46
Sekupang,Sekupang Ferry Terminal,Irwan Sopyan,5,3 tahun lalu,,False,True,2026-10-08 20:49:46
Sekupang,Sekupang Ferry Terminal,Said Sulaiman,3,3 tahun lalu,,False,False,2026-10-08 20:49:46
Sekupang,Sekupang Ferry Terminal,Yusup Arifin (Ari),5,3 tahun lalu,,False,True,2026-10-08 20:49:46
Sekupang,Sekupang Ferry Terminal,Karthikeyan Sankaran,3,3 tahun lalu,,False,True,2026-10-08 20:49:46
Sekupang,Sekupang Ferry Terminal,Muhammad Yusrin,5,3 tahun lalu,,False,True,2026-10-08 20:49:46
Sekupang,Sekupang Ferry Terminal,Shinie,4,3 tahun lalu,,False,True,2026-10-08 20:49:46
Sekupang,Sekupang Ferry Terminal,ka2man Ismail (Man),5,3 tahun lalu,,False,True,2026-10-08 20:49:46
Sekupang,Sekupang Ferry Terminal,Dhani hutabarat,5,3 tahun lalu,,False,True,2026-10-08 20:49:46
Sekupang,Sekupang Ferry Terminal,Zara Azahraa Channel,4,3 tahun lalu,,False,True,2026-10-08 20:49:46
Sekupang,Sekupang Ferry Terminal,Hartati Tati,5,3 tahun lalu,,False,True,2026-10-08 20:49:46
Sekupang,Sekupang Ferry Terminal,Nova Kharlinda,5,3 tahun lalu,,False,True,2026-10-08 20:49:46
Sekupang,Sekupang Ferry Terminal,Siva kumar,5,3 tahun lalu,,False,True,2026-10-08 20:49:46
Sekupang,Sekupang Ferry Terminal,Donny Firmansyah,5,3 tahun lalu,,False,True,2026-10-08 20:49:46
Sekupang,Sekupang Ferry Terminal,deswantri deswantri,5,3 tahun lalu,,False,True,2026-10-08 20:49:46
Sekupang,Sekupang Ferry Terminal,Zhu_ Wulan,5,3 tahun lalu,,False,False,2026-10-08 20:49:46
Sekupang,Sekupang Ferry Terminal,Warneri,5,3 tahun lalu,,False,True,2026-10-08 20:49:46
Sekupang,Sekupang Ferry Terminal,Muhammad Fahmi Aulia,5,3 tahun lalu,,False,True,2026-10-08 20:49:46
Sekupang,Sekupang Ferry Terminal,Riki Pahrian,4,3 tahun lalu,,False,True,2026-10-08 20:49:46
Sekupang,Sekupang Ferry Terminal,Ade Halim,5,3 tahun lalu,,False,True,2026-10-08 20:49:46
Sekupang,Sekupang Ferry Terminal,Euvemia Septiani Dominika,5,3 tahun lalu,,False,False,2026-10-08 20:49:46
Sekupang,Sekupang Ferry Terminal,Gudelia Kolatlena,5,3 tahun lalu,,False,True,2026-10-08 20:49:46
Sekupang,Sekupang Ferry Terminal,A03 Chandra renol sirait,5,3 tahun lalu,,False,False,2026-10-08 20:49:46
Sekupang,Sekupang Ferry Terminal,Mi'roj as syarfie (olenk),5,3 tahun lalu,,False,True,2026-10-08 20:49:46
Sekupang,Sekupang Ferry Terminal,Sudi Pawiro,2,3 tahun lalu,,False,False,2026-10-08 20:49:46
Sekupang,Sekupang Ferry Terminal,Bisri Mustofa,5,3 tahun lalu,,False,True,2026-10-08 20:49:46
Sekupang,Sekupang Ferry Terminal,Mirwan Tandyo,4,3 tahun lalu,,False,True,2026-10-08 20:49:46
Sekupang,Sekupang Ferry Terminal,Eva Farahdina,4,3 tahun lalu,,False,True,2026-10-08 20:49:46
Sekupang,Sekupang Ferry Terminal,Julius Pratama,5,3 tahun lalu,,False,True,2026-10-08 20:49:46
Sekupang,Sekupang Ferry Terminal,Fran Mangolo,5,3 tahun lalu,,False,True,2026-10-08 20:49:46
Sekupang,Sekupang Ferry Terminal,eddy darkzz,5,3 tahun lalu,,False,True,2026-10-08 20:49:46
Sekupang,Sekupang Ferry Terminal,Maswar Sjamsuli,4,3 tahun lalu,,False,True,2026-10-08 20:49:46
Sekupang,Sekupang Ferry Terminal,Mito,4,3 tahun lalu,,False,True,2026-10-08 20:49:46
Sekupang,Sekupang Ferry Terminal,Kang Gorengan,5,3 tahun lalu,,False,False,2026-10-08 20:49:46
Sekupang,Sekupang Ferry Terminal,Kim Christensen,5,3 tahun lalu,,False,True,2026-10-08 20:49:46
Sekupang,Sekupang Ferry Terminal,Aaron Choi,3,3 tahun lalu,,False,True,2026-10-08 20:49:46
Sekupang,Sekupang Ferry Terminal,Abedneju Gabriel,5,3 tahun lalu,,False,False,2026-10-08 20:49:46
Sekupang,Sekupang Ferry Terminal,Diana Kwan,5,3 tahun lalu,,False,False,2026-10-08 20:49:46
Sekupang,Sekupang Ferry Terminal,Leni Maretha,5,3 tahun lalu,,False,False,2026-10-08 20:49:46
Sekupang,Sekupang Ferry Terminal,Dino Marte,5,3 tahun lalu,,False,True,2026-10-08 20:49:46
Sekupang,Sekupang Ferry Terminal,Krismantio Tio,5,3 tahun lalu,,False,False,2026-10-08 20:49:46
Sekupang,Sekupang Ferry Terminal,edo iriyanto,5,3 tahun lalu,,False,True,2026-10-08 20:49:46
Sekupang,Sekupang Ferry Terminal,Beta Priatmaja Putra,4,3 tahun lalu,,False,True,2026-10-08 20:49:46
Sekupang,Sekupang Ferry Terminal,Ilham Ansari,5,3 tahun lalu,,False,False,2026-10-08 20:49:46
Sekupang,Sekupang Ferry Terminal,Asf. Acountent AsRal,5,4 tahun lalu,,False,True,2026-10-08 20:49:46
Sekupang,Sekupang Ferry Terminal,Budi Santoso Djaja,5,4 tahun lalu,,False,True,2026-10-08 20:49:46
Sekupang,Sekupang Ferry Terminal,Mohd Rofik Qomari,5,4 tahun lalu,,False,False,2026-10-08 20:49:46
Sekupang,Sekupang Ferry Terminal,Denny Wong,4,4 tahun lalu,,False,True,2026-10-08 20:49:46
Sekupang,Sekupang Ferry Terminal,Cheliya Shaquilla Diktian,4,4 tahun lalu,,False,True,2026-10-08 20:49:46
Sekupang,Sekupang Ferry Terminal,Mahsun Ancun,5,4 tahun lalu,,False,False,2026-10-08 20:49:46
Sekupang,Sekupang Ferry Terminal,Yeo Po Huat,4,4 tahun lalu,,False,True,2026-10-08 20:49:46
Sekupang,Sekupang Ferry Terminal,Mheyna Yeo,5,4 tahun lalu,,False,False,2026-10-08 20:49:46
Sekupang,Sekupang Ferry Terminal,Capt Supriyanto,4,4 tahun lalu,,False,True,2026-10-08 20:49:46
Sekupang,Sekupang Ferry Terminal,P Tra,4,4 tahun lalu,,False,True,2026-10-08 20:49:46
Sekupang,Sekupang Ferry Terminal,Dedi chanel,5,4 tahun lalu,,False,False,2026-10-08 20:49:46
Sekupang,Sekupang Ferry Terminal,Charisma Nurjanah,5,4 tahun lalu,,False,True,2026-10-08 20:49:46
Sekupang,Sekupang Ferry Terminal,Ilvan Halim (林宜賢),5,4 tahun lalu,,False,True,2026-10-08 20:49:46
Sekupang,Sekupang Ferry Terminal,ali hutapea,5,4 tahun lalu,,False,False,2026-10-08 20:49:46
Sekupang,Sekupang Ferry Terminal,herman lim,5,4 tahun lalu,,False,False,2026-10-08 20:49:46
Sekupang,Sekupang Ferry Terminal,ESJ NG,5,4 tahun lalu,,False,True,2026-10-08 20:49:46
Sekupang,Sekupang Ferry Terminal,Aldo Rinaldo,4,4 tahun lalu,,False,True,2026-10-08 20:49:46
Sekupang,Sekupang Ferry Terminal,Syahrizal Karizma,4,4 tahun lalu,,False,False,2026-10-08 20:49:46
Sekupang,Sekupang Ferry Terminal,Albertus KP,5,4 tahun lalu,,False,True,2026-10-08 20:49:46
Sekupang,Sekupang Ferry Terminal,Waden Deden,2,4 tahun lalu,,False,False,2026-10-08 20:49:46
Sekupang,Sekupang Ferry Terminal,Mahadi Capah,4,4 tahun lalu,,False,True,2026-10-08 20:49:46
Sekupang,Sekupang Ferry Terminal,Ridho Utama,5,4 tahun lalu,,False,False,2026-10-08 20:49:46
Sekupang,Sekupang Ferry Terminal,risal bagenda,4,4 tahun lalu,,False,True,2026-10-08 20:49:46
Sekupang,Sekupang Ferry Terminal,alem m.salem,5,4 tahun lalu,,False,False,2026-10-08 20:49:46
Sekupang,Sekupang Ferry Terminal,clarentia jql,5,4 tahun lalu,,False,False,2026-10-08 20:49:46
Sekupang,Sekupang Ferry Terminal,Bagus Gilar Aviyogi,5,4 tahun lalu,,False,True,2026-10-08 20:49:46
Sekupang,Sekupang Ferry Terminal,Indra Hutagalung,5,4 tahun lalu,,False,False,2026-10-08 20:49:46
Sekupang,Sekupang Ferry Terminal,Bangun Susilo,5,4 tahun lalu,,False,True,2026-10-08 20:49:46
Sekupang,Sekupang Ferry Terminal,Asngari Asngari,5,4 tahun lalu,,False,True,2026-10-08 20:49:46
Sekupang,Sekupang Ferry Terminal,sonny laurenty,4,4 tahun lalu,,False,True,2026-10-08 20:49:46
Sekupang,Sekupang Ferry Terminal,Suseno Qurnia,5,5 tahun lalu,,False,True,2026-10-08 20:49:46
Sekupang,Sekupang Ferry Terminal,Kelik Wap,4,5 tahun lalu,,False,True,2026-10-08 20:49:46
Sekupang,Sekupang Ferry Terminal,Sapar Manz,4,5 tahun lalu,,False,False,2026-10-08 20:49:46
Sekupang,Sekupang Ferry Terminal,Salim 153,5,5 tahun lalu,,False,True,2026-10-08 20:49:46
Sekupang,Sekupang Ferry Terminal,arulkhan irul,5,5 tahun lalu,,False,True,2026-10-08 20:49:46
Sekupang,Sekupang Ferry Terminal,L e o,5,5 tahun lalu,,False,True,2026-10-08 20:49:46
Sekupang,Sekupang Ferry Terminal,abdul rahman,5,5 tahun lalu,,False,True,2026-10-08 20:49:46
Sekupang,Sekupang Ferry Terminal,Maidin Saputra,5,5 tahun lalu,,False,True,2026-10-08 20:49:46
Sekupang,Sekupang Ferry Terminal,Mika Miyanti,5,5 tahun lalu,,False,True,2026-10-08 20:49:46
Sekupang,Sekupang Ferry Terminal,Muhammad Nur Salim,5,5 tahun lalu,,False,True,2026-10-08 20:49:46
Sekupang,Sekupang Ferry Terminal,Yanto Kuok,5,5 tahun lalu,,False,True,2026-10-08 20:49:46
Sekupang,Sekupang Ferry Terminal,Herry Suryadi,5,5 tahun lalu,,False,True,2026-10-08 20:49:46
Sekupang,Sekupang Ferry Terminal,Domu Marbun,4,5 tahun lalu,,False,True,2026-10-08 20:49:46
Sekupang,Sekupang Ferry Terminal,Eka Agustian,4,5 tahun lalu,,False,True,2026-10-08 20:49:46
Sekupang,Sekupang Ferry Terminal,ardy aliman,5,5 tahun lalu,,False,True,2026-10-08 20:49:46
Sekupang,Sekupang Ferry Terminal,Linggar Eko,4,5 tahun lalu,,True,False,2026-10-08 20:49:46
Sekupang,Sekupang Ferry Terminal,Abdul Ghoni Ghoni,4,5 tahun lalu,,False,False,2026-10-08 20:49:46
Sekupang,Sekupang Ferry Terminal,Julie D,3,5 tahun lalu,,False,True,2026-10-08 20:49:46
Sekupang,Sekupang Ferry Terminal,Hello I'm Mada,5,5 tahun lalu,,False,False,2026-10-08 20:49:46
Sekupang,Sekupang Ferry Terminal,jonny servis,2,5 tahun lalu,,False,True,2026-10-08 20:49:46
Sekupang,Sekupang Ferry Terminal,Puji Mansur.,3,5 tahun lalu,,False,False,2026-10-08 20:49:46
Sekupang,Sekupang Ferry Terminal,Dodi Almasih,5,5 tahun lalu,,False,True,2026-10-08 20:49:46
Sekupang,Sekupang Ferry Terminal,Jason Tan,5,5 tahun lalu,,False,False,2026-10-08 20:49:46
Sekupang,Sekupang Ferry Terminal,Ariyo Putranto,4,5 tahun lalu,,False,True,2026-10-08 20:49:46
Sekupang,Sekupang Ferry Terminal,Salmita Salman,5,5 tahun lalu,,False,False,2026-10-08 20:49:46
Sekupang,Sekupang Ferry Terminal,Aaron Aziz,5,5 tahun lalu,,False,False,2026-10-08 20:49:46
Sekupang,Sekupang Ferry Terminal,Donny Akhmadi,5,5 tahun lalu,,False,True,2026-10-08 20:49:46
Sekupang,Sekupang Ferry Terminal,Jeffry,5,5 tahun lalu,,False,False,2026-10-08 20:49:46
Sekupang,Sekupang Ferry Terminal,Pizay TV,4,5 tahun lalu,,False,True,2026-10-08 20:49:46
Sekupang,Sekupang Ferry Terminal,Nurul Afifah,4,5 tahun lalu,,False,True,2026-10-08 20:49:46
Sekupang,Sekupang Ferry Terminal,norman tubagus,5,5 tahun lalu,,False,True,2026-10-08 20:49:46
Sekupang,Sekupang Ferry Terminal,Sand_,4,6 tahun lalu,,False,True,2026-10-08 20:49:46
Sekupang,Sekupang Ferry Terminal,heri waluyo,3,6 tahun lalu,,False,True,2026-10-08 20:49:46
Sekupang,Sekupang Ferry Terminal,Maruli Siregar,4,6 tahun lalu,,False,True,2026-10-08 20:49:46
Sekupang,Sekupang Ferry Terminal,amirah shaqilla,5,6 tahun lalu,,False,False,2026-10-08 20:49:46
Sekupang,Sekupang Ferry Terminal,Garry Ng,3,6 tahun lalu,,False,True,2026-10-08 20:49:46
Sekupang,Sekupang Ferry Terminal,Teh noniq76,1,6 tahun lalu,,False,False,2026-10-08 20:49:46
Sekupang,Sekupang Ferry Terminal,Analyn fernandez,5,6 tahun lalu,,False,True,2026-10-08 20:49:46
Sekupang,Sekupang Ferry Terminal,Pandu Pratama,4,6 tahun lalu,,False,True,2026-10-08 20:49:46
Sekupang,Sekupang Ferry Terminal,saya 1921,4,6 tahun lalu,,False,True,2026-10-08 20:49:46
Sekupang,Sekupang Ferry Terminal,Aks,5,6 tahun lalu,,False,True,2026-10-08 20:49:46
Sekupang,Sekupang Ferry Terminal,Melinda Sitohang,5,6 tahun lalu,,False,True,2026-10-08 20:49:46
Sekupang,Sekupang Ferry Terminal,Wasif Ahmad,3,6 tahun lalu,,False,True,2026-10-08 20:49:46
Sekupang,Sekupang Ferry Terminal,Juwin Ho ERA,5,6 tahun lalu,,False,True,2026-10-08 20:49:46
Sekupang,Sekupang Ferry Terminal,Nana Riana,4,6 tahun lalu,,False,True,2026-10-08 20:49:46
Sekupang,Sekupang Ferry Terminal,Jhon Walker,5,6 tahun lalu,,False,True,2026-10-08 20:49:46
Sekupang,Sekupang Ferry Terminal,Iga Nugroho,5,6 tahun lalu,,False,True,2026-10-08 20:49:46
Sekupang,Sekupang Ferry Terminal,LZupyy,4,6 tahun lalu,,False,False,2026-10-08 20:49:46
Sekupang,Sekupang Ferry Terminal,Dedi Ngoro,4,6 tahun lalu,,False,True,2026-10-08 20:49:46
Sekupang,Sekupang Ferry Terminal,Herman De Vries,5,6 tahun lalu,,False,True,2026-10-08 20:49:46
Sekupang,Sekupang Ferry Terminal,Yetriza,5,6 tahun lalu,,False,True,2026-10-08 20:49:46
Sekupang,Sekupang Ferry Terminal,Amy Tan,4,6 tahun lalu,,False,True,2026-10-08 20:49:46
Sekupang,Sekupang Ferry Terminal,Deyar Ghorbat,4,6 tahun lalu,,False,True,2026-10-08 20:49:46
Sekupang,Sekupang Ferry Terminal,J_Refania Anezka,5,6 tahun lalu,,False,True,2026-10-08 20:49:46
Sekupang,Sekupang Ferry Terminal,Atilla Patanrai,5,6 tahun lalu,,False,True,2026-10-08 20:49:46
Sekupang,Sekupang Ferry Terminal,dian group,5,6 tahun lalu,,False,True,2026-10-08 20:49:46
Sekupang,Sekupang Ferry Terminal,Prakhar Singhal,4,6 tahun lalu,,False,True,2026-10-08 20:49:46
Sekupang,Sekupang Ferry Terminal,lian lian,3,6 tahun lalu,,False,False,2026-10-08 20:49:46
Sekupang,Sekupang Ferry Terminal,Fadil,4,6 tahun lalu,,False,True,2026-10-08 20:49:46
Sekupang,Sekupang Ferry Terminal,Ha-ha Dtm,5,6 tahun lalu,,False,True,2026-10-08 20:49:46
Sekupang,Sekupang Ferry Terminal,Sufian Eddy,4,7 tahun lalu,,False,True,2026-10-08 20:49:46
Sekupang,Sekupang Ferry Terminal,RP K,1,7 tahun lalu,,False,True,2026-10-08 20:49:46
Sekupang,Sekupang Ferry Terminal,riyan aprizal,5,7 tahun lalu,,False,True,2026-10-08 20:49:46
Sekupang,Sekupang Ferry Terminal,JinWen Wong,5,7 tahun lalu,,False,True,2026-10-08 20:49:46
Sekupang,Sekupang Ferry Terminal,Indriani Gondowijoyo,5,7 tahun lalu,,False,True,2026-10-08 20:49:46
Sekupang,Sekupang Ferry Terminal,Mahameru,4,7 tahun lalu,,False,True,2026-10-08 20:49:46
Sekupang,Sekupang Ferry Terminal,Mohammed Rizal Bin Rahmat,5,7 tahun lalu,,False,True,2026-10-08 20:49:46
Sekupang,Sekupang Ferry Terminal,Gilang Tri Wijaya,5,7 tahun lalu,,False,True,2026-10-08 20:49:46
Sekupang,Sekupang Ferry Terminal,Lenny Romauli,4,7 tahun lalu,,False,True,2026-10-08 20:49:46
Sekupang,Sekupang Ferry Terminal,Atthafaridz,5,7 tahun lalu,,False,True,2026-10-08 20:49:46
Sekupang,Sekupang Ferry Terminal,Hartanto Sapto Priyono,5,7 tahun lalu,,False,True,2026-10-08 20:49:46
Sekupang,Sekupang Ferry Terminal,Jia Zhuo,1,7 tahun lalu,,False,False,2026-10-08 20:49:46
Sekupang,Sekupang Ferry Terminal,Khairulanwar Kamarudin,3,7 tahun lalu,,False,True,2026-10-08 20:49:46
Sekupang,Sekupang Ferry Terminal,Royen Situmorang,5,7 tahun lalu,,False,False,2026-10-08 20:49:46
Sekupang,Sekupang Ferry Terminal,Malindo M.S20,5,7 tahun lalu,,False,False,2026-10-08 20:49:46
Sekupang,Sekupang Ferry Terminal,BTH Daπi,5,7 tahun lalu,,False,False,2026-10-08 20:49:46
Sekupang,Sekupang Ferry Terminal,Pran Puri,4,7 tahun lalu,,False,True,2026-10-08 20:49:46
Sekupang,Sekupang Ferry Terminal,Jupri Laduny,5,7 tahun lalu,,False,True,2026-10-08 20:49:46
Sekupang,Sekupang Ferry Terminal,Pondok Kamera Kundur,5,7 tahun lalu,,False,False,2026-10-08 20:49:46
Sekupang,Sekupang Ferry Terminal,Unt Tee Ung,5,7 tahun lalu,,False,True,2026-10-08 20:49:46
Sekupang,Sekupang Ferry Terminal,Sudirman B,4,7 tahun lalu,,False,True,2026-10-08 20:49:46
Sekupang,Sekupang Ferry Terminal,Sanjay Choudhary,3,7 tahun lalu,,False,True,2026-10-08 20:49:46
Sekupang,Sekupang Ferry Terminal,ABAH H5H,5,7 tahun lalu,,False,True,2026-10-08 20:49:46
Sekupang,Sekupang Ferry Terminal,Lily Yen,5,7 tahun lalu,,False,False,2026-10-08 20:49:46
Sekupang,Sekupang Ferry Terminal,Benny SUHUD,4,7 tahun lalu,,False,True,2026-10-08 20:49:46
Sekupang,Sekupang Ferry Terminal,S Y,5,7 tahun lalu,,False,True,2026-10-08 20:49:46
Sekupang,Sekupang Ferry Terminal,David Salim,4,7 tahun lalu,,False,True,2026-10-08 20:49:46
Sekupang,Sekupang Ferry Terminal,cio sectio,5,7 tahun lalu,,False,False,2026-10-08 20:49:46
Sekupang,Sekupang Ferry Terminal,M. Thonas,5,7 tahun lalu,,False,True,2026-10-08 20:49:46
Sekupang,Sekupang Ferry Terminal,Derus Paulus,3,7 tahun lalu,,False,False,2026-10-08 20:49:46
Sekupang,Sekupang Ferry Terminal,Alex Xia,2,7 tahun lalu,,False,False,2026-10-08 20:49:46
Sekupang,Sekupang Ferry Terminal,J Niel,5,7 tahun lalu,,False,False,2026-10-08 20:49:46
Sekupang,Sekupang Ferry Terminal,Steven Yeo,5,7 tahun lalu,,False,True,2026-10-08 20:49:46
Sekupang,Sekupang Ferry Terminal,Uswatun Hasanah,4,7 tahun lalu,,False,True,2026-10-08 20:49:46
Sekupang,Sekupang Ferry Terminal,semiani shemy,4,7 tahun lalu,,False,True,2026-10-08 20:49:46
Sekupang,Sekupang Ferry Terminal,FI lemo Halawa,5,7 tahun lalu,,False,True,2026-10-08 20:49:46
Sekupang,Sekupang Ferry Terminal,Lusia Lali,5,7 tahun lalu,,False,False,2026-10-08 20:49:46
Sekupang,Sekupang Ferry Terminal,Petz Chen,2,7 tahun lalu,,False,True,2026-10-08 20:49:46
Sekupang,Sekupang Ferry Terminal,Erik erika ananda Kibo,5,7 tahun lalu,,False,True,2026-10-08 20:49:46
Sekupang,Sekupang Ferry Terminal,Mega Bm,4,7 tahun lalu,,False,True,2026-10-08 20:49:46
Sekupang,Sekupang Ferry Terminal,Arie Prasetya,5,7 tahun lalu,,False,False,2026-10-08 20:49:46
Sekupang,Sekupang Ferry Terminal,Su Adi,5,8 tahun lalu,,False,True,2026-10-08 20:49:46
Sekupang,Sekupang Ferry Terminal,Dwi Kuncoro Wibowo,5,8 tahun lalu,,False,True,2026-10-08 20:49:46
Sekupang,Sekupang Ferry Terminal,Edwien,4,8 tahun lalu,,False,True,2026-10-08 20:49:46
Sekupang,Sekupang Ferry Terminal,Ronald SB,5,8 tahun lalu,,False,True,2026-10-08 20:49:46
Sekupang,Sekupang Ferry Terminal,zul adam,3,8 tahun lalu,,False,True,2026-10-08 20:49:46
Sekupang,Sekupang Ferry Terminal,Fajri,5,8 tahun lalu,,False,True,2026-10-08 20:49:46
Sekupang,Sekupang Ferry Terminal,Adi Putra,5,8 tahun lalu,,False,False,2026-10-08 20:49:46
Sekupang,Sekupang Ferry Terminal,Kasman Chenn,5,8 tahun lalu,,False,True,2026-10-08 20:49:46
Sekupang,Sekupang Ferry Terminal,Libra12 _,5,8 tahun lalu,,False,False,2026-10-08 20:49:46
Sekupang,Sekupang Ferry Terminal,sonny waseda,3,8 tahun lalu,,False,True,2026-10-08 20:49:46
Sekupang,Sekupang Ferry Terminal,Mohd Agung,5,8 tahun lalu,,False,True,2026-10-08 20:49:46
Sekupang,Sekupang Ferry Terminal,D'Niel Marbun,5,8 tahun lalu,,False,True,2026-10-08 20:49:46
Sekupang,Sekupang Ferry Terminal,Azmil Rusli,4,8 tahun lalu,,False,True,2026-10-08 20:49:46
Sekupang,Sekupang Ferry Terminal,abdul rohim,5,8 tahun lalu,,False,False,2026-10-08 20:49:46
Sekupang,Sekupang Ferry Terminal,Hasnain Khan,3,8 tahun lalu,,False,True,2026-10-08 20:49:46
Sekupang,Sekupang Ferry Terminal,adib shohib wijayanto,4,8 tahun lalu,,False,True,2026-10-08 20:49:46
Sekupang,Sekupang Ferry Terminal,Mara Alwi,4,8 tahun lalu,,False,True,2026-10-08 20:49:46
Sekupang,Sekupang Ferry Terminal,Aria M. Putra,4,8 tahun lalu,,False,True,2026-10-08 20:49:46
Sekupang,Sekupang Ferry Terminal,Julius Harefa,5,8 tahun lalu,,False,False,2026-10-08 20:49:46
Sekupang,Sekupang Ferry Terminal,Muhammad Reza Wahyudi,4,8 tahun lalu,,False,False,2026-10-08 20:49:46
Sekupang,Sekupang Ferry Terminal,Hamka,5,8 tahun lalu,,False,True,2026-10-08 20:49:46
Sekupang,Sekupang Ferry Terminal,J W,5,8 tahun lalu,Bagus Diterjemahkan oleh Google ・ Lihat versi asli (Inggris),False,True,2026-10-08 20:49:46
Sekupang,Sekupang Ferry Terminal,maria magdalena,5,8 tahun lalu,,False,False,2026-10-08 20:49:46
Sekupang,Sekupang Ferry Terminal,Ari Satria Putra,3,8 tahun lalu,,False,True,2026-10-08 20:49:46
Sekupang,Sekupang Ferry Terminal,Khirul Irul,1,9 tahun lalu,,False,False,2026-10-08 20:49:46
Sekupang,Sekupang Ferry Terminal,Abdul Manaf,1,9 tahun lalu,,False,True,2026-10-08 20:49:46
Sekupang,Sekupang Ferry Terminal,Neza 2016,1,9 tahun lalu,,False,False,2026-10-08 20:49:46
Sekupang,Sekupang Ferry Terminal,Joshua Igho,4,9 tahun lalu,,False,True,2026-10-08 20:49:46
Sekupang,Pelabuhan Domestik Sekupang,Ayi KW,5,Diedit setahun lalu,"Pelabuhan laut domestik Sekupang adalah pelabuhan lama di Batam. Setelah sekian kali direnovasi sekarang terlihat sangat cantik dan modern. Ruangan dilengkapi dengan escalator, lift dan juga tangga manual. Untuk para lansia maupun yg sakit menggunakan kursi roda dapat mengakses dengan mudah dan baik. Tersedia juga kursi roda dari dinkes pelabuhan. Ruangan full ac, bersih, lapangan parkir luas. Terdapat jalan pintas menuju pelabuhan laut internasional sekupang, sehingga bagi siapa pun yg ingin langsung berangkat ke Singapura bisa langsung dg jalan kaki saja dalam hitungan menit.",True,True,2026-10-08 20:49:46
Sekupang,Pelabuhan Domestik Sekupang,Farida Ayuningtyas,3,4 tahun lalu,"Kami menggunakan dermaga yang kecil untuk penyeberangan ke pulau belakang padang. Melihat ramainya dan aktifnya masyarakat menggunakan dermaga ini, sudah waktunya fasilitas diperbaiki sehingga lebih nyaman dan lebih aman. Misalnya selasar didermaga banyak yang rusak, atap yang kurang besar sehingga jika hujan penumpang yg bediri terkena banyak air hujan. Mungkin bisa dipikirkan jenis kapal yang lebih besar ke p belakang padang sehingga kebih aman. Ada fasilitas kursi roda yg disediakan tapi malah terkesan horor... Semoga ke depannya lebih baik... Salut untuk para pengguna pompom yang gagah berani...",True,True,2026-10-08 20:49:46
Sekupang,Pelabuhan Domestik Sekupang,tinon padmi,5,setahun lalu,"sebagai warga jawa yang pernah merantau 10 tahun di indonesia timur, gegar budaya melihat pelabuhan sebagus ini, kok bisa di pelabuhan ada eskalatornya",True,True,2026-10-08 20:49:46
Sekupang,Pelabuhan Domestik Sekupang,Rang Bayua,1,setahun lalu,"Kayak pasar petugas memgumumkan boarding pakai suara manua berputar mengitari area tunggu penumpangl, tidak terdengar jelas, padahal punya layar monitor segede gaban di ruang tunggu untuk pengumuman cek in atau boarding melewati pemeriksaan. Pengumuman boarding kapal juga manual disorakkan petugas saja, padahal layar monitor terpampang dimana2. Tidak bisa booking online padahal dimana2 sekarang serba online. Jualan tiket kapal berasa pasar sayur jodoh. No tiket sering tidak sesuai dengan no tempat duduk yg didapat, siapa cepat dia dapat kursi. Kalau lagi rame bisa2 anda dapat tiket berdiri dikapal, kacau lah kalau di pelabuhan domestik nya. Masih teratur juga ternyata terminal bus. Gedung saja yang bagus tapi tidak dengan pelayanan, akses, informasi nya. Dikelola pemerintah tapi serasa oknum, tidak boleh jemput angkutan online ke dalam pelabuhan, pemaksaan, mahal, armada taksi tidak layak, sepertinya dari tahun 90an tidak ada pembaruan armada, saran saya naik trans batam murah cuma 5k , pembayaran bisa kartu/qris. Kalau musim lebaran benar2 rame seperti pasar, jangan berharap lah kalau pelabuhan domeastik ini. Bagusan juga terminal bus di kampungku walau jelek bangunannya tapi no duduk jelas tidak berasa diangkot.",True,True,2026-10-08 20:49:46
Sekupang,Pelabuhan Domestik Sekupang,andreas deny christanto,4,4 tahun lalu,"Pelabuhan penumpang domestik kota Batam, memberangkatkan kapal ke berbagai tujuan. Jika saat liburan pelabuhan ini sangat ramai dan penuh. Harus diatur lagi alur penumpang agar bisa lbh lancar dan tidak terjadi penumpukan saat ramai. Fasilitas sdh cukup bagus, tp lebih baik kursi tunggu di tambah agar bisa menampung lbh banyak orang",True,True,2026-10-08 20:49:46
Sekupang,Pelabuhan Domestik Sekupang,Unun Safitri,2,4 bulan lalu,Pelayanan pelabuhan sangat bagus.. Tapi sayang Porternya keterlaluan.. Narif barang sesuka dia aja. Tarif Porter ny pun gak jelas berapa.. Besar kecil barang maen pukul rata 40 ribu sampai 50 ribu per satu barang. Sayang rasanya pelabuhan dan pelayanan sudah sebagus dirusak sama Porter.,False,False,2026-10-08 20:49:46
Sekupang,Pelabuhan Domestik Sekupang,Den eddhy,5,setahun lalu,Semenjak covid melanda...pelabuhan penyeberangan sekupang ini semakin istimewa..semakin banyak fasilitasnya..membuat pengunjung atau traveler semakin nyaman di pelabuhan ini...maju terus batam. Saya salah satu mantan penduduk mu...,True,True,2026-10-08 20:49:46
Sekupang,Pelabuhan Domestik Sekupang,TENGOKLAH,4,2 tahun lalu,"Pelayanan baik, tempat dan toilet bersih, rapi dan tertata. Terminal Ferry Domestik Sekupang adalah salah satu pelabuhan Domestik di Batam. Terminal ini melayani pelayaran Ferry dengan rute Tanjung Balai Karimun, Beton, Selat Panjang, Dumai, Bengkalis, Tembilahan, Moro, dan Tanjung Batu. Pelabuhan ini memiliki dua dermaga yang lumayan lebar. Gedung Pelabuhan Domestik Sekupang mempunyai dua lantai, satu lantai atau lebih tepatnya lantai 1 digunakan untuk ruang tunggu keberangkatan, dan lantai kedua atau lantai dua adalah tempat pembelian tiket dan pass boarding.",True,True,2026-10-08 20:49:46
Sekupang,Pelabuhan Domestik Sekupang,Althur Renold Monang,4,4 tahun lalu,"Tempat nyebrang ke Belakang Padang (BLP) dan pulau-pulau sekitarnya. Batam - BLP 15 menitan, tiket 15 rb per orang. Model nyebrangnya kaya angkot: jalan kalau penuh penumpang. Karena banyak yang nyebrang, mestinya ga perlu nunggu lama.",True,True,2026-10-08 20:49:46
Sekupang,Pelabuhan Domestik Sekupang,times,5,2 tahun lalu,"pelabuhan domestic nya luas dan bersih, banyak pilihan counter penjual tiket untuk berbagai tujuan, lebih baik lihat jam berangkat tiap counter karena berbeda jam keberangkatan, banyak toko2 snack modern seperti circle K, indomart, roti O, toko oleh2, resto, dll, di seberang pelabuhan mudah untuk naik bus trans batam tetapi jika ingin naik taxi banyak sekali taxi pelabuhan akan banyak yg menawarkan.",True,True,2026-10-08 20:49:46
Sekupang,Pelabuhan Domestik Sekupang,Aseperik,5,sebulan lalu,Lai kali ke sini nyebrang...,True,True,2026-10-08 20:49:46
Sekupang,Pelabuhan Domestik Sekupang,Rizal Adityap,5,4 bulan lalu,"Aslii ini pelabuhan terbaik yg pernah saya datengin Gilaa bersih dan bagus banget, sangat terawat sekali pelabuhan ini Good job",True,True,2026-10-08 20:49:46
Sekupang,Pelabuhan Domestik Sekupang,Danny Sentosa,3,8 tahun lalu,"Tempat tampak baru, bersih dan nyaman. Tidak tampak tempat untuk ngecharge. TV ruang tunggu kecil dan terlalu diatas sehingga tidak nyaman utk dilihat. Tidak ada yang berjualan makanan dan minuman. Penjual makan dan minum sederhan ada setelah masuk dalam kapal",True,True,2026-10-08 20:49:46
Sekupang,Pelabuhan Domestik Sekupang,Andi Muh Rasyad Alfarizqi,5,10 bulan lalu,"Pelabuhan nya bersih, pelayanannya baik2 dan ramah, parkiran nya luas",True,True,2026-10-08 20:49:46
Sekupang,Pelabuhan Domestik Sekupang,Hendra Saputra,5,8 tahun lalu,"Kondisi pelabuhan yang baru sangat nyaman, toilet bersih, area penjualan tiket yang tidak ribut seperti sebelumnya, mushola yang luas dan area parkir yang luas",True,True,2026-10-08 20:49:46
Sekupang,Pelabuhan Domestik Sekupang,Amidya Tri Agusti,4,6 tahun lalu,"Pelabuhan internasional Sekupang berada di Jalan R.E. Martadinata, Sekupang, Batam. Melayani penyeberangan dari Batam - Harbour Front (Singapura) dan sebaliknya. Pelabuhannya bersih, rapi, dan fasilitas umum juga memadai. Pelayanan imigrasi juga baik.",True,True,2026-10-08 20:49:46
Sekupang,Pelabuhan Domestik Sekupang,SM MM 88,5,2 tahun lalu,Sudah lebih baik dan bersih...dan tingkatkan layanannya agar pelangan nyaman dan puas,True,True,2026-10-08 20:49:46
Sekupang,Pelabuhan Domestik Sekupang,zzraa,5,8 bulan lalu,pelabuhan nya bagus bersih dan nyaman,True,False,2026-10-08 20:49:46
Sekupang,Pelabuhan Domestik Sekupang,Ery Dwijayanti,4,6 tahun lalu,"Tempat luas, cukup bersih dan tertata rapi. Tersedia kursi yg cukup untuk penumpang di ruang tunggu. Ada roti O jg disini bila ingin cemilan sambil menunggu kapal. Lokasi di ujung Tanjung Pinggir, dekat dengan RSOB. Setelah pintu keluar, banyak taksi yg stand by menunggu penumpang. Dekat dengan pangkalan halte Busway jg, tinggal jalan kaki keluar ke arah kanan.",True,True,2026-10-08 20:49:46
Sekupang,Pelabuhan Domestik Sekupang,fatikha thurochmah,5,3 tahun lalu,Salah satu pelabuhan yang ada di batam Ke sini biasanya untuk main ke belakang Padang Kebersihan oke Pelayanan ramah,True,True,2026-10-08 20:49:46
Sekupang,Pelabuhan Domestik Sekupang,rio eka retandi (rio eka retandi),5,Diedit 3 tahun lalu,"Pelabuhannya bersih, tempat parkirnya juga luas. Lokasinya juga mudah pahami bagi orang baru. Mantap",True,True,2026-10-08 20:49:46
Sekupang,Pelabuhan Domestik Sekupang,Indra Taxi batam,5,sebulan lalu,Disukai banyak turis dari luarnegri,True,False,2026-10-08 20:49:46
Sekupang,Pelabuhan Domestik Sekupang,Fredy Eka putra,5,4 tahun lalu,Luas nyaman sih cuman pas turun dari kapal langsung bawa koper nya bukan kayak di bandara koper nya dikumpulin satu tempat baru ambil,True,True,2026-10-08 20:49:46
Sekupang,Pelabuhan Domestik Sekupang,madiansyah,5,6 bulan lalu,Mantap ada kantin sederhana. Suasana ruangan mewah seperti di mall.,False,True,2026-10-08 20:49:46
Sekupang,Pelabuhan Domestik Sekupang,sudirja dirboy,5,4 bulan lalu,Kalau mau menyebrang dari Batam ke Negara Singapura atau Malaysia bisa dari pelabuhan ini,False,True,2026-10-08 20:49:46
Sekupang,Pelabuhan Domestik Sekupang,Vegisa Anggira,1,9 bulan lalu,"itu yg di atas setelah pengecekan koper ada tukang plastik' itu, kalau dari orangnya mau di plastikin ya gapapa, ini langsung di ambil di paksa setelah itu bayar 25 apa si",False,False,2026-10-08 20:49:46
Sekupang,Pelabuhan Domestik Sekupang,Jaka Susanto,5,7 tahun lalu,Road to guntung (+) - terminal nya bersih - tidak sumpek - masih baru - nyaman (-) - fasilitas pendukung msih kurang sperti tmpat makan,True,True,2026-10-08 20:49:46
Sekupang,Pelabuhan Domestik Sekupang,Arifa Yughnahillah,5,3 bulan lalu,"Pelabuhan nya bersih & bagus, banyak jual jajan khas batam juga",False,True,2026-10-08 20:49:46
Sekupang,Pelabuhan Domestik Sekupang,Vitho van jaco,4,6 tahun lalu,Fasilitas udah oke banget nih tapi sayangnya keamanan belum terlalu ketat x-ray untuk pendatang tidak ada apalagi sekarang2 ini lagi musim covid-19 gada pemeriksaan suhu sama sekali hanya ngumpulin kertas kuning doang yang isinya semacam biodata diri lebih di perketat lagi please biar aman batam dari covid-19,True,True,2026-10-08 20:49:46
Sekupang,Pelabuhan Domestik Sekupang,Randi Septino,5,4 tahun lalu,"Pelabuhan yg bersih dan nyaman untuk tujuan domestik dan internasional juga ada pelabuhan untuk ke pulau sekitar seperti Pulau Penawar Rindu, Pulau Sambu dsb...",True,True,2026-10-08 20:49:46
Sekupang,Pelabuhan Domestik Sekupang,Abang Yong,5,4 bulan lalu,Alternatif penyeberangan ke daratan sumatra Very terminal sekupang,False,True,2026-10-08 20:49:46
Sekupang,Pelabuhan Domestik Sekupang,Alwi Gunawan,4,6 tahun lalu,"kalau bisa beli tiketnya online, jadi lebih mudah dan dan merekareka kpn brgkat",True,True,2026-10-08 20:49:46
Sekupang,Pelabuhan Domestik Sekupang,Tengku iwel 3105,1,7 bulan lalu,"Lari dari masalah,, ghanni saya tunggu itikad baiknya atau saya ambil jalur hukum",False,False,2026-10-08 20:49:46
Sekupang,Pelabuhan Domestik Sekupang,Oki Ibragunawan,4,sebulan lalu,Pelabuhan penghubung masyarakat pulau kepri hingga ke riau,False,True,2026-10-08 20:49:46
Sekupang,Pelabuhan Domestik Sekupang,Ruly Armando Rumahorbo,3,5 tahun lalu,Salah satu Pelabuhan domestik penghubung atar pulau di Batam. Saran dong buat fasilitas parkirnya untuk kendaraan masuk dibuatkan sistem seperti ditempat umum parkir diberi waktu gratis parkir untuk dropship/pickup (pengantaran/penjemputan).,True,True,2026-10-08 20:49:46
Sekupang,Pelabuhan Domestik Sekupang,Yudi KEPRI,5,2 tahun lalu,"Pelabuhan di kota Batam,provinsi kepulauan Riau ini bersih...terus pelayanan cepat",True,True,2026-10-08 20:49:46
Sekupang,Pelabuhan Domestik Sekupang,Teguh Kurnia Putra,5,3 tahun lalu,Pelabuhan yang bersih dan rapi. Mudah-mudahan kursi ruang tunggu nya bisa di tambah lagi.,True,True,2026-10-08 20:49:46
Sekupang,Pelabuhan Domestik Sekupang,ONKKEY DONKKEY ANGGOK-ANGGOK GELLENK-GELLENK,5,7 tahun lalu,pelabuhan skupang sekrng ini lebih bagus dan recomended bersih dan cukup terjaga.. ketimbang dulu mungkin lebih kurang terurus di kawasan tersebut.. i like this 👍👍,True,True,2026-10-08 20:49:46
Sekupang,Pelabuhan Domestik Sekupang,Antonius Budi,5,5 tahun lalu,Pelabuhan Domestik dan Internasional yang saling berdekatan. Rute domestik melayani perjalanan dari Batam ke pulau-pulau di kepri dan riau. Rute internasional melayani perjalanan ke singapore dan malaysia.,True,True,2026-10-08 20:49:46
Sekupang,Pelabuhan Domestik Sekupang,Iwan To,4,7 tahun lalu,"Pelabuhan yang bagus. Parkiran luas, ada lift, ada eskalator. Mushollanya besar.",True,True,2026-10-08 20:49:46
Sekupang,Pelabuhan Domestik Sekupang,BAYU Nugroho,5,3 bulan lalu,Pelabuhan nya bagus bersih dan terjaga,False,False,2026-10-08 20:49:46
Sekupang,Pelabuhan Domestik Sekupang,Agus Widjiantoro,4,8 tahun lalu,"bangunan baru, dan harusnya bekerja dng semangat baru, tolong di hilangkan punglinya...",True,True,2026-10-08 20:49:46
Sekupang,Pelabuhan Domestik Sekupang,S Amun,1,setahun lalu,"masuk bentar,.kluar kena parkir 1000. Jam 07.50 tgl 1 Febuari 2025. Awal bulan awal tahun. Biasa Maxim, taxi gojek masuk antar kluar gak byr di mall pelabuhan mana aja. Kalau sebentar..numpang lewat",False,False,2026-10-08 20:49:46
Sekupang,Pelabuhan Domestik Sekupang,Julie Y,2,2 tahun lalu,"Sangat Kecewa sekali pada service pelabuhan Sekupang atau seragam baju biru yang pria. pinjam kursi roda jaminan KTP (Ya,tidak salah) penumpang orang tua dengan anak nya yang mendorong masuk lewat pintu kaca bawah khusus Kursi Roda (Ya,Tidak Salah). di dorong masuk ke kapal, kursi roda harus dibalikkan kursi roda ke Counter depan saat sebelum escalator naik karena mau ambil KTP balik.(Ya, tidak salah) Tapi Kecewa nya, tidak boleh lagi lewat kaca bawah saat masuk tadi. harus muter keluar, sedangkan kapal sudah mau berangkat, kenapa pengembalian kursi roda harus muter? tidak boleh keluar lagi dari pintu kaca itu, untuk seragam biru yang di dalam, males sekali untuk membuka pintu saja. Di Gedor gedor pintu kaca Orang depan seragam biru tidak ada yang melihat, minta passeger yang muter gedung untuk membalikan kursi itu. dan lari lari untuk masuk kapal lagi. Apakah Tidak Memikirkan Keamanan bagi passager lain nya? Management handycap harus di perbaiki. sangat super duper mengecewakan! sebenarnya seragam baju biru itu kerja nya apa ya? bukan bagian yang collect tiket, bukan bagian parkir, yang saya lihat, kebanyakan berdiri ngobrol. melihat penumpang agar antri saja. Bukankah semestinya kursi roda bagian dari pekerjaan mereka, Ini adalah hal penting bagi para lansia dan yang perlu bantuan. seragam biru di dalam, ngapain aja? kok jadi mempersulit penumpang. belajar donk dari negara tetangga. Semoga akan lebih baik kedepan. jangan malu malukan. Semangat!",False,True,2026-10-08 20:49:46
Sekupang,Pelabuhan Domestik Sekupang,Seneng Dolan,5,5 tahun lalu,"Pelabuhan domestik Sekupang, tujuan ke Pulau pulau di kota Batam dan di luar kota Batam.",True,True,2026-10-08 20:49:46
Sekupang,Pelabuhan Domestik Sekupang,Ferdian Saputra,5,4 bulan lalu,"pelabuhan domestik yg tenang, banyak pilihan camilan",False,True,2026-10-08 20:49:46
Sekupang,Pelabuhan Domestik Sekupang,Hi,1,setahun lalu,"Masa cm ngantar penumpang kena biaya masuk 2k padahal baru 5 menit. Bandara, mall, pelabuhan batam centre, harbourbay yg besar aja lebih dr 15menit baru kena charge biaya masuk sm biaya parkir. Bangke x pelabuhan ini",False,False,2026-10-08 20:49:46
Sekupang,Pelabuhan Domestik Sekupang,emji harahap,4,2 tahun lalu,"Salah satu Pelabuhan Internasional yang ada di Batam. Cukup baik, bersih, dan biasanya selalu Ramai.. 👍👍👍",True,True,2026-10-08 20:49:46
Sekupang,Pelabuhan Domestik Sekupang,Bluewin,1,Diedit setahun lalu,"Pelabuhan yang sebenarnya oke2 saja. Tapi selalu saja dihampiri pelayanan buruk dari staff2nya. - Penjual tiket yang teriak2 non stop - Porter nagih 100ribu buat 2 koper, 1 kardus dan 2 totebag?",False,False,2026-10-08 20:49:46
Sekupang,Pelabuhan Domestik Sekupang,Quree Wardhany,4,6 tahun lalu,sudah enggak sekumuh dulu. ruang tunggu luas dan bersih,True,True,2026-10-08 20:49:46
Sekupang,Pelabuhan Domestik Sekupang,Yusuf Syarif,2,setahun lalu,"Pelabuhan yang cukup bagus dan rapi dalam segi bangunan dan fasilitas. Tetapi, pelayanan dari beberapa staff agak kurang mengenakan, terutama pada bagian pengecekan passport.",False,True,2026-10-08 20:49:46
Sekupang,Pelabuhan Domestik Sekupang,YUFRIZAL,4,3 tahun lalu,pelabuhan yang bagus untuk keberangkatan dan kedaþangan Ke singapura . Syangnya scedule fery yang tidak lengkap setiap waktu,True,True,2026-10-08 20:49:46
Sekupang,Pelabuhan Domestik Sekupang,Orang Baik,3,Diedit setahun lalu,Antri masuk kapal kurang teratur,True,True,2026-10-08 20:49:46
Sekupang,Pelabuhan Domestik Sekupang,Indah Mandiri,5,7 bulan lalu,Boleh bawa anak kucing gak ya di kapal?,False,False,2026-10-08 20:49:46
Sekupang,Pelabuhan Domestik Sekupang,Sawel Hafitas,3,2 tahun lalu,"Saya mau tanya, maaf sblmnya bukan maksud gimna, itu koper di wrraping biar apa ya, sedangkan saya juga dpt kayak tiket kecil gtu untuk menandai tujuan koper tersebut, saat ditanya untuk apa jwbnya biar tau tujuan dan yg punya, lalu saya juga dpt kayak tiket kecil gtu, bukan Maslah gak sanggup bayar 25 RB, cuma kejelasan nya untuk apa? Toh yg lepas kopernya dibawa sendiri juga gak jdi masalah kulihat, padahal koper yg dibawa cuma satu kecil, mohon bos penjelasannya",False,False,2026-10-08 20:49:46
Sekupang,Pelabuhan Domestik Sekupang,Mr. TourGuide,5,4 tahun lalu,"Struktur lokasi bangat bagus, Lahan parkir luas. Cocok untuk tempat kapal penumpang menyandar.,, Dan tidak padat, taxi online selalu stanby 24 jam didepan gerbang. Sangat membantu untuk tarif kendaraan murah.",False,True,2026-10-08 20:49:46
Sekupang,Pelabuhan Domestik Sekupang,Yohan Kustyawan,4,4 bulan lalu,Fery dumai,True,True,2026-10-08 20:49:46
Sekupang,Pelabuhan Domestik Sekupang,Cahyana Wiyana,3,Diedit 9 tahun lalu,Gedung baru dlm tahap finishing ..,True,False,2026-10-08 20:49:46
Sekupang,Pelabuhan Domestik Sekupang,Sumapto Permono,5,3 tahun lalu,"Mendekati lebaran , penuh... Masuk kategori nyaman walaupun duduk d lantai",True,True,2026-10-08 20:49:46
Sekupang,Pelabuhan Domestik Sekupang,Rad (Daru),4,8 tahun lalu,Bangunan baru jauh lebih bagus,True,True,2026-10-08 20:49:46
Sekupang,Pelabuhan Domestik Sekupang,Roby Ikhsan,5,3 tahun lalu,Terdapat rute menuju Tg. Balai Karimun - Selat Panjang - Bengkalis - Dumai,True,True,2026-10-08 20:49:46
Sekupang,Pelabuhan Domestik Sekupang,Scott S,5,3 tahun lalu,"Pelabuhan Internasional Sekupang Kota Batan resmi beroperasi kembali setelah 2 tahun tutup karena pandemi covid -19. dibukanya kembali Pelabuhan Internasional Sekupang mendapat antusiasme yang sangat tinggi dari masyarakat Kota Batam yang hendak berangkat ke negara Singapura, ada yang berangkat karena ingin menemui keluarga, belanja dan karena ada urusan penting seperti menghadiri kegiatan di Singapura. sebanyak 382 orang melakukan perlintasan baik berangkat maupun datang pada hari pertama pengoperasional kembali pelabuhan tersebut. Pelabuhan Internasional Sekupang yang jarak tempuhnya paling dekat ke Singapura dibandingkan pelabuhan lain yang ada di Kota Batam. hanya dalam waktu +- 45 menit penumpang bisa sampai ke negara singapura ataupun sebaliknya. diharapkan dengan kembali dubukanya operasional Pelabuhan Internasional Sekupang ini dapat meningkatkan kesejahteraan masyarakat Kota Batam khususnya yang berdekatan dengan pelabuhan tersebut terutama sektor ekonomi kreatif, kuliner dan . Untuk saat ini, ada 2 operator kapal yang siap melayani penyebrangan yaitu Batamfast dan Sindo Ferrry. Pembukaan trip tahap awal kapal di Pelabuhan Internasional Sekupang dengan tujuan Pelabuhan Harbourfront Singapura pada hari ini melayani 8 trip pelayaran. Petugas imigrasi sudah melakukan persiapan sarana dan prasarana dalam menyambut para orang asing yang akan memasuki maupun keluar Indonesia melalui Pelabuhan Internasional sekupang ini. kemenkumham siap menjaga pintu gerbang negara.",False,True,2026-10-08 20:49:46
Sekupang,Pelabuhan Domestik Sekupang,Suri anto,1,4 tahun lalu,Terjadi pungli di kawasan parkir pelabuhan belakang Padang... Harga yang di tagih tidak sesuai karcis... Seolah karicis hanya sebagai kertas putih yang tidak ada maknanya... Mohon petugas parkirnya dicari yang profesional jgn asik pungli...,False,True,2026-10-08 20:49:46
Sekupang,Pelabuhan Domestik Sekupang,Indonusa Meranti,5,5 tahun lalu,"Aman, terkendali, Ketat dalam pemeriksaan",True,True,2026-10-08 20:49:46
Sekupang,Pelabuhan Domestik Sekupang,Farras Harits,4,7 tahun lalu,"Pelabuhan yang cukup baik. Sudah direnovasi dan semakin baik. Pelayanan lumayan. Melayani Rute Dumai, Tanjung Balai Karimun, Tanjung Batu, dll. Parkiran juga luas. + Bersih + Adem + Fasilitas lengkap + Mushola bagus & indah + Toilet bersih Tempat tunggu nya udah lumayan bagus karna udah di renov, pelayanannya juga lumayan bagus. Terminal yang oke lah",False,True,2026-10-08 20:49:46
Sekupang,Pelabuhan Domestik Sekupang,Syaiful Syaiful,5,5 tahun lalu,Lebih kondusif dari pelabuhan yang ...,True,True,2026-10-08 20:49:46
Sekupang,Pelabuhan Domestik Sekupang,Eka asmarianto,5,5 bulan lalu,Tempat nya lumayan bersih,False,True,2026-10-08 20:49:46
Sekupang,Pelabuhan Domestik Sekupang,Al Almunzir,4,3 tahun lalu,"Pelabuhan dg ruang tunggu yg nyaman, bersih.",True,True,2026-10-08 20:49:46
Sekupang,Pelabuhan Domestik Sekupang,intancennie,3,setahun lalu,Kesini pas lagi rame2nya full kapalnya. Kudu cepet2an kalau ga amtri lagi kudu tunggu jem berangkat berikutnya.,True,True,2026-10-08 20:49:46
Sekupang,Pelabuhan Domestik Sekupang,Raya Yuanita,1,2 tahun lalu,Barusan bersama ibu saya yang berusia 76 tahun diturunkan bersama barang-barang karena naik mobil carteran.. dan disuruh jalan kaki ke luar.. Menyedihkan sekali.. hahaha 😅,False,True,2026-10-08 20:49:46
Sekupang,Pelabuhan Domestik Sekupang,Isni,5,10 bulan lalu,Untuk pelabuhan lokal antar daerah ini termasuk pelabuhan bagus dan modern dan luas,False,False,2026-10-08 20:49:46
Sekupang,Pelabuhan Domestik Sekupang,Khiya Nisa,5,3 tahun lalu,Pelabuhan pancung batam belakang padang. Harga tiket 20 rb. Beli di loket. Dri jam 8 pagi smapai jam 5 sore. Lewat jam cukup menunggu orang sampai 13 orang bot pancung jalan.,False,True,2026-10-08 20:49:46
Sekupang,Pelabuhan Domestik Sekupang,keluarga kecil WR,5,8 tahun lalu,Ruangannya luas dan rapi. Toiletnya bersih. AC nya dingin. Berbagai tujuan dari sini. Agen penjualan tiket ada di lantai 2. Bisa memilih kapal dan tujuan yang akan dinaiki.,False,True,2026-10-08 20:49:46
Sekupang,Pelabuhan Domestik Sekupang,Ateno Ateno,5,8 tahun lalu,Pelabuhan fery sekupang sudah direnofasi sangat bagus,True,True,2026-10-08 20:49:46
Sekupang,Pelabuhan Domestik Sekupang,Putri Widya,5,7 tahun lalu,"Pelabuhannya dilengkapi eskalator dan lift. Sekarang pelabuhannya sudah direnovasi, jadi lebih bersih dan rapi. Petugas cleaning service ok. Begitupun dengan petugas pelabuhannya, helpful sekali. Stand jual oleh-olehnya pun ada.",False,True,2026-10-08 20:49:46
Sekupang,Pelabuhan Domestik Sekupang,Noval Ario Nugroho,5,Diedit 7 bulan lalu,Tempatnya Luas Dan Sangat Enyaman Sekalii,True,True,2026-10-08 20:49:46
Sekupang,Pelabuhan Domestik Sekupang,Frenky dwi arianto,1,2 tahun lalu,"Sudah di tolak untuk bawakan koper, masih saja narik, koper saya cuma 1 dan ringan 🤣 di paksa juga minta 20rb. Astaghfirullah...",False,True,2026-10-08 20:49:46
Sekupang,Pelabuhan Domestik Sekupang,Dimas Satrya,1,Diedit 3 tahun lalu,"PUNGLI PARKIR, DI KARCIS NOMINALNYA 1,000 TAPI DIMINTA SAMA JURU PARKIR 3,000. PAS DI TANYA KENAPA 3rb JAWABANNYA KATANYA SERIBU ITU UNTUK PELABUHAN 2rb nya UNTUK JURU PARKIR, INI BUKAN MASALAH NOMINAL 2rb nya TPI SEBAGAI PENGUNJUNG MERASA KESAL AJA NGELUARIN DUIT YG SEMESTI NYA GA HARUS DI KELUARIN. TOLONG UNTUK JURU PARKIRNYA DI TERTIBKAN. LEBIH BAGUS MANEJEMEN PELABUHAN DOMESTIK SEBELAHNYA, NGASIH HARGA PARKIR SESUAI DNGN YG TERCANTUM TIDAK DI LEBIH LEBIHKAN.",False,False,2026-10-08 20:49:46
Sekupang,Pelabuhan Domestik Sekupang,Ivan S,5,8 tahun lalu,Pelabuhan domestik dan internasional di sekupang batam,True,True,2026-10-08 20:49:46
Sekupang,Pelabuhan Domestik Sekupang,Gery Aji prayoga,4,setahun lalu,"mantap, nyaman, saya dan istri sudah 2x berangkat dri pelabuhan sekupang ke dumai❤️",False,False,2026-10-08 20:49:46
Sekupang,Pelabuhan Domestik Sekupang,DUTA CIPTA,5,9 tahun lalu,"Dermaga yg penuh kenangan.... Sering ku melewayi tempat ini ketika hendak pergi kpp,guntung,tembilahan,serta melewati dermaga pancung sekupang saat mau berkunjung ke sambu dan pulau belakangpadang.",False,True,2026-10-08 20:49:46
Sekupang,Pelabuhan Domestik Sekupang,Gracielle Aurelia Ng,1,9 tahun lalu,"Sedang renovasi, pelayanan sangat tidak memuaskan. Kantin tidak ada, ac tidak hidup, kursi tunggu yang terbatas. Tolong Pemprov riau khusus nya Batam berbenah lah.",False,True,2026-10-08 20:49:46
Sekupang,Pelabuhan Domestik Sekupang,Citra Larasati YaFi,5,6 tahun lalu,"ACnya dingin pooool, tempat duduk banyak, toilet bersih, Ada musholla. Lebih nyaman daripada Ferry Terminal yg di Batam Center.",False,True,2026-10-08 20:49:46
Sekupang,Pelabuhan Domestik Sekupang,Baba Kembar,5,8 tahun lalu,"Pelabuhan sedang dalam proses pembangunan renovasi, sdh progress 90%. Bangunan baru nya sangat nyaman untuk pelabuhan kelas domestik, lebih luas dan interior nya bagus",False,True,2026-10-08 20:49:46
Sekupang,Pelabuhan Domestik Sekupang,Hardi Dicky,5,5 tahun lalu,agar tambah rapi Dan bersih Serta tertata,True,True,2026-10-08 20:49:46
Sekupang,Pelabuhan Domestik Sekupang,Suaidil Aidil (Aidil),5,3 tahun lalu,Bersih dan rapi,True,True,2026-10-08 20:49:46
Sekupang,Pelabuhan Domestik Sekupang,RADIO TEMBORO,5,7 tahun lalu,Pelabuhan Sekupang pelabuhan yang sangat luar biasa sekali untuk pelayanan dan untuk fasilitasuntuk pemberangkatan kapal dari Batam ke tempat lain itu cukup tepat waktu tidak terlalu cepat dan tidak terlalu,False,True,2026-10-08 20:49:46
Sekupang,Pelabuhan Domestik Sekupang,M. Afdal,4,8 tahun lalu,"Salah satu Pelabuhan Laut kalau mau ke Batam. Pertama kali saya ke Batam tahun 2005 , Waktu itu dalam perjalanan dari Jambi menuju Vientiane Laos lewat daratan Singapura, malaysia dan Thailand selama 15 hari pergi dan balik.",False,True,2026-10-08 20:49:46
Sekupang,Pelabuhan Domestik Sekupang,Nila Trisna,2,2 tahun lalu,"Antri keluar parkir sangat sangat lama 20 menit, Hanya 1 pos bayar aja",False,False,2026-10-08 20:49:46
Sekupang,Pelabuhan Domestik Sekupang,Hasnul Hafiz Matondang,5,5 tahun lalu,Jika ingin menuju kemedan dari Batam pada tanggal 18 juli 2021 apakah harus melampirkan sertifikat Vaksinasi covid 19.mohon infonya,False,False,2026-10-08 20:49:46
Sekupang,Pelabuhan Domestik Sekupang,Jimmy Santo,5,2 tahun lalu,Pelabuhan sdh ok keamananan jauh membaik sukses buat team keamanan dan semua yg sdh menjadi pelabuhan sekupang baik,False,False,2026-10-08 20:49:46
Sekupang,Pelabuhan Domestik Sekupang,ROY Faldi,4,5 tahun lalu,"Pelabuhan sekupang Batam yang cukup bagus dan bersih, namun susah untuk mencari kendaraan umum , hanya ada Taxi dan harus pandai bernego harga taxi...",False,True,2026-10-08 20:49:46
Sekupang,Pelabuhan Domestik Sekupang,Fitria nurha,5,5 tahun lalu,"Pelabuhan lmyn bersih, toilet juga bersih. Bingung cari t4 makan, cuma nemu cfc. Atau mngkin saya jalannya kurang jauh",False,True,2026-10-08 20:49:46
Sekupang,Pelabuhan Domestik Sekupang,Ferri Aguswan,5,6 tahun lalu,Jadi lebih tertata semenjak direnovasi.,True,True,2026-10-08 20:49:46
Sekupang,Pelabuhan Domestik Sekupang,Syaf Roni410,5,3 tahun lalu,Tempat nya nyaman..,True,True,2026-10-08 20:49:46
Sekupang,Pelabuhan Domestik Sekupang,Fadhil Ramadhan,5,setahun lalu,"Mau Tanya, Untuk Pembelian Ticket Kapal Ke Tanjung Priuk Jakarta Itu Dimana Yaaa...?🙏🙏🙏",False,True,2026-10-08 20:49:46
Sekupang,Pelabuhan Domestik Sekupang,Bung Rian,5,3 tahun lalu,Tahun 2023 lebih bagus dan bersih dengan fasilitas yang lengkap. Hampir mirip pelabuhan Ferry internasional Sekupang ke Singapura,False,True,2026-10-08 20:49:46
Sekupang,Pelabuhan Domestik Sekupang,one D,4,5 tahun lalu,"mantap, tapi susah nak keliar masuk",True,True,2026-10-08 20:49:46
Sekupang,Pelabuhan Domestik Sekupang,GA MANADO,5,6 tahun lalu,"Lokasi bersih dan nyaman, yang mau ke Pulau Belakang Padang bisa juga lewat pompong yang di gedung sebelah kiri.",False,True,2026-10-08 20:49:46
Sekupang,Pelabuhan Domestik Sekupang,misyanto,4,4 tahun lalu,"Bagus, luas, bersih dan cepat nyaman",True,True,2026-10-08 20:49:46
Sekupang,Pelabuhan Domestik Sekupang,Alex Lim,5,setahun lalu,"Bagus , biasa pulang ke tbt selalu lewat pelabuhan Sekupang",False,True,2026-10-08 20:49:46
Sekupang,Pelabuhan Domestik Sekupang,Suwandi Zheng,1,9 bulan lalu,Bayar porter nya sangat mahal!!!!,False,False,2026-10-08 20:49:46
Sekupang,Pelabuhan Domestik Sekupang,Pakde john,5,9 bulan lalu,Bersih rapi,True,True,2026-10-08 20:49:46
Sekupang,Pelabuhan Domestik Sekupang,Stephen Wibawa,4,3 tahun lalu,"Pelabuhan domestiknya batam , cukup ramai trafficnya .. tapi pelabuhan masih kurang bersih.. , saran sebaiknya di modernisasi pelabuhannya",False,True,2026-10-08 20:49:46
Sekupang,Pelabuhan Domestik Sekupang,Librianto,1,2 tahun lalu,Parah... Gara² jadwal operasional banyak penumpang golput pemilu 2024,False,False,2026-10-08 20:49:46
Sekupang,Pelabuhan Domestik Sekupang,Titik Indayani,4,6 tahun lalu,"Salah satu pelabuhan yg bisa menghubungkan kita ke malaysia dan singapore. Tempatnya bersih, petugasnya jg ramah.",False,True,2026-10-08 20:49:46
Sekupang,Pelabuhan Domestik Sekupang,Malikanya lagi tidur,5,5 tahun lalu,"Tempat yang bagus,lumayan bersih. Berada pas disebelah pelabuhN sekupang",False,True,2026-10-08 20:49:46
Sekupang,Pelabuhan Domestik Sekupang,Lendy Kotambunan,5,6 bulan lalu,👍👍👍👍👍,False,True,2026-10-08 20:49:46
Sekupang,Pelabuhan Domestik Sekupang,richard adam Baker,4,4 tahun lalu,Kalo ada calo tanya lewatin aja langsung masuk trus beli tiketnya diatas.. Jawab aja udh beli tiket,False,True,2026-10-08 20:49:46
Sekupang,Pelabuhan Domestik Sekupang,AS bin,5,2 tahun lalu,Bagus tatanan simpel gak susah cari tiket cari jalan masuk dll,False,True,2026-10-08 20:49:46
Sekupang,Pelabuhan Domestik Sekupang,Rian Midori,5,8 tahun lalu,Pelabuhannya bagus dan lokasinya juga luas. Dari pelabuhan ini kita dapat mengambil ke pulau belakang Padang.,False,True,2026-10-08 20:49:46
Sekupang,Pelabuhan Domestik Sekupang,ugenx_ VR,4,6 tahun lalu,"Pelabuhan habis direnovasi sekarang sudah enak nyaman bersih,ruang tunggu seperti bandara..mantaaaaaaappppp.....👍",False,True,2026-10-08 20:49:46
Sekupang,Pelabuhan Domestik Sekupang,Dedy Aston,3,9 tahun lalu,msh dlm tahap renovasi untuk gedung yg baru untuk saat ini ok la meski blom maksmal 😊😊,False,False,2026-10-08 20:49:46
Sekupang,Pelabuhan Domestik Sekupang,Hendra Gunawan,4,8 tahun lalu,Salah satu pintu masuk ke Kota Batam,True,True,2026-10-08 20:49:46
Sekupang,Pelabuhan Domestik Sekupang,Bill Berry,3,4 tahun lalu,"Pelabuhannya bagus, tapi kelakuan supir taksi ngejar³ penumpang sangat tidak nyaman",False,True,2026-10-08 20:49:46
Sekupang,Pelabuhan Domestik Sekupang,Eka Haris,1,9 tahun lalu,Masih kurang bagus. Jorok. Mudah2an setelah renovasi akan jadi lebih baik.,False,True,2026-10-08 20:49:46
Sekupang,Pelabuhan Domestik Sekupang,Syafrianto,4,4 tahun lalu,"Pelabuhannya sudah mulai rapi dan bersih, namun parkirannya sangat sempit",False,True,2026-10-08 20:49:46
Sekupang,Pelabuhan Domestik Sekupang,Misuro Anwari,4,9 tahun lalu,Semoga stlh renovasi parkir lbh mudah dan pelayanan lbh baik lagi..,False,True,2026-10-08 20:49:46
Sekupang,Pelabuhan Domestik Sekupang,Gangsar Sulistyarto,3,9 tahun lalu,Perlu dilakukan penataan dan mekanisme keluar masuk R4 serta lokasi parkir...,False,True,2026-10-08 20:49:46
Sekupang,Pelabuhan Domestik Sekupang,acep ranal,4,8 tahun lalu,"Bangunan baru yang modern dan Bersih, banyak tujuan dan kapal ke pulau pulau di Kepulauan Riau sampai Riau",False,True,2026-10-08 20:49:46
Sekupang,Pelabuhan Domestik Sekupang,Zakaria M. Sungkusara,4,3 tahun lalu,Pelabuhannya bersih Tersedia mushallah di lantai 2 yang juga bersih Mantappp,False,True,2026-10-08 20:49:46
Sekupang,Pelabuhan Domestik Sekupang,Muhammad Sanie,1,6 tahun lalu,Kapan ya pelabuhan ini direnovasi biar penumpang nyaman?,False,True,2026-10-08 20:49:46
Sekupang,Pelabuhan Domestik Sekupang,Shalahuddin Umar,3,8 tahun lalu,Lebih besar ini dari pelabuhan Internasional,True,True,2026-10-08 20:49:46
Sekupang,Pelabuhan Domestik Sekupang,AGUS NANDAR,4,9 tahun lalu,Mempermudah akses kedaratan sumatra melalui laut Dan akses antar pulau di kepulauan riau,False,True,2026-10-08 20:49:46
Sekupang,Pelabuhan Domestik Sekupang,Bang Ojol,1,2 tahun lalu,Ga bisa order taxi online di dalem.,False,True,2026-10-08 20:49:46
Sekupang,Pelabuhan Domestik Sekupang,Yusrizal Rizal,5,2 tahun lalu,"Sudah cukup bagus, ruang tunggu yang nyaman dan luas",False,True,2026-10-08 20:49:46
Sekupang,Pelabuhan Domestik Sekupang,Resmi Malasari,5,3 tahun lalu,"Pelabuhan yang bersih dan nyaman, dengan tempat parkir mobil yang luas..",False,True,2026-10-08 20:49:46
Sekupang,Pelabuhan Domestik Sekupang,Junstar silalahi,5,9 tahun lalu,Lumayanlah..... Hanya penjual tiket masih belum profesional...,False,True,2026-10-08 20:49:46
Sekupang,Pelabuhan Domestik Sekupang,Fauzan Haqiqi,5,2 tahun lalu,Makin bagus,True,True,2026-10-08 20:49:46
Sekupang,Pelabuhan Domestik Sekupang,Rahmat cahyadi,4,4 tahun lalu,Pernah dulu naik kapal singgah sini.tapi belum seperti ini pelabuhan nya.,False,True,2026-10-08 20:49:46
Sekupang,Pelabuhan Domestik Sekupang,Ganda Muriwijaya,3,Diedit 9 tahun lalu,Masih dalam tahap perbaikan...fasilitas belum maksimal,True,True,2026-10-08 20:49:46
Sekupang,Pelabuhan Domestik Sekupang,ridwan syah,3,8 tahun lalu,Adem lah,True,True,2026-10-08 20:49:46
Sekupang,Pelabuhan Domestik Sekupang,Fardhan Aqib,5,2 tahun lalu,Cepat dan nyaman,True,True,2026-10-08 20:49:46
Sekupang,Pelabuhan Domestik Sekupang,arif adli,5,5 tahun lalu,"Pelabuhan domestik batam memiliki fasilitas lengkap, bersih, dan nyaman.",False,True,2026-10-08 20:49:46
Sekupang,Pelabuhan Domestik Sekupang,Sarif Usman,4,6 tahun lalu,"Sudah mulai nyaman, tinggal beberapa lagi yang perlu di tambahkan, pusat informasi..",False,True,2026-10-08 20:49:46
Sekupang,Pelabuhan Domestik Sekupang,Desman Simanjuntak,4,8 tahun lalu,Bersih dan pelayanan bagus,True,True,2026-10-08 20:49:46
Sekupang,Pelabuhan Domestik Sekupang,Romy Ardian,4,3 tahun lalu,Makin bersih dan nyaman.,True,True,2026-10-08 20:49:46
Sekupang,Pelabuhan Domestik Sekupang,Gre_T ongan,5,5 tahun lalu,Tempat di mana semua jalur masuk para penumpang dari luar batam maupun penduduk batam,False,True,2026-10-08 20:49:46
Sekupang,Pelabuhan Domestik Sekupang,Anas Saputra,5,2 tahun lalu,Nyaman dan tertib ...,True,True,2026-10-08 20:49:46
Sekupang,Pelabuhan Domestik Sekupang,Usman Shaleh,5,8 tahun lalu,Empat kali saya 😁 menyeberang kepulau di provinsi Riau dan provinsi Kepri melalui dermaga Sekupang.,False,True,2026-10-08 20:49:46
Sekupang,Pelabuhan Domestik Sekupang,Umardi Batam,5,9 tahun lalu,Repitalisasi bangunan membuat terminal ini nyaman dan aman,False,True,2026-10-08 20:49:46
Sekupang,Pelabuhan Domestik Sekupang,Govindo Tamba,2,4 tahun lalu,Rapid antigen ada dilokasi pelabuhan pak???? Minta tolong dijawab!!!!🙏🙏🙏🙏,False,False,2026-10-08 20:49:46
Sekupang,Pelabuhan Domestik Sekupang,agus sakarma,4,6 tahun lalu,Ramai kurang beraturan,True,True,2026-10-08 20:49:46
Sekupang,Pelabuhan Domestik Sekupang,Eman “Anz” Syukur,5,8 tahun lalu,Bagus.. fasilitas lumayan lengkap.. pelayanan memuaskan,False,True,2026-10-08 20:49:46
Sekupang,Pelabuhan Domestik Sekupang,David Waoma,1,3 tahun lalu,Macam anjing suasananya Seperti kayak kandang babi,False,True,2026-10-08 20:49:46
Sekupang,Pelabuhan Domestik Sekupang,Yudi KEPRI93,5,3 tahun lalu,Pelabuhan Sekupang Sangat Menyenangkan....,True,True,2026-10-08 20:49:46
Sekupang,Pelabuhan Domestik Sekupang,Syahruji IAI,4,setahun lalu,Pelabuhan Penyeberangan belakangpadang,True,True,2026-10-08 20:49:46
Sekupang,Pelabuhan Domestik Sekupang,Channel YouTube LAMBE MUNCIS,3,8 tahun lalu,Jarak dari lokasi parkir ke ruang tggu lumayan agak jauh,False,True,2026-10-08 20:49:46
Sekupang,Pelabuhan Domestik Sekupang,Ahmad Tarmizi,4,5 tahun lalu,"Ada 3 pelabuhan, pelabuhan internasional, pelabuhan domestik, dan pelabuhan lokal untuk pulau-pulau sekitar",False,False,2026-10-08 20:49:46
Sekupang,Pelabuhan Domestik Sekupang,Miko Wahyu,5,setahun lalu,rabo 30 juli 2025,True,True,2026-10-08 20:49:46
Sekupang,Pelabuhan Domestik Sekupang,Abel Simamora,5,9 bulan lalu,Tgl.03-01-2026,True,True,2026-10-08 20:49:46
Sekupang,Pelabuhan Domestik Sekupang,Onky Sandy prakoso,5,4 tahun lalu,Pelabuhan penumpang yang nyaman.bersih.rapi,True,True,2026-10-08 20:49:46
Sekupang,Pelabuhan Domestik Sekupang,Khoirul Sahrul,5,4 tahun lalu,Lumayan bagus,True,True,2026-10-08 20:49:46
Sekupang,Pelabuhan Domestik Sekupang,Miswanto,5,setahun lalu,Tempat nya bagus,False,False,2026-10-08 20:49:46
Sekupang,Pelabuhan Domestik Sekupang,sap tono,5,6 tahun lalu,Nyaman,True,True,2026-10-08 20:49:46
Sekupang,Pelabuhan Domestik Sekupang,DENY CAHYADI,5,9 tahun lalu,Mantap,True,True,2026-10-08 20:49:46
Sekupang,Pelabuhan Domestik Sekupang,Uba Doni,5,2 tahun lalu,Tempatnya ber AC dan bagus Nyaman,False,True,2026-10-08 20:49:46
Sekupang,Pelabuhan Domestik Sekupang,Daniel kok san,4,2 tahun lalu,Pelabuhan domestik antar pulau lumayan rapi.,False,True,2026-10-08 20:49:46
Sekupang,Pelabuhan Domestik Sekupang,Fang,5,setahun lalu,Cantik viewnya,False,True,2026-10-08 20:49:46
Sekupang,Pelabuhan Domestik Sekupang,Immanuella Zetra,5,6 tahun lalu,Tempat anak gue spoting kapal bersatu koko ganinduta,False,False,2026-10-08 20:49:46
Sekupang,Pelabuhan Domestik Sekupang,Yudhi Wiratama,4,3 tahun lalu,"tertib, bersih , dan cukup tertata",False,True,2026-10-08 20:49:46
Sekupang,Pelabuhan Domestik Sekupang,Agung Panji,5,5 tahun lalu,Bersih adem,True,True,2026-10-08 20:49:46
Sekupang,Pelabuhan Domestik Sekupang,arto art,1,Diedit 2 tahun lalu,pelabuhan internasional rasa tradisional.. puanasss gerahhh,False,False,2026-10-08 20:49:46
Sekupang,Pelabuhan Domestik Sekupang,Guciano rent car batam,4,9 tahun lalu,Setiap passenger tertib dan nyaman bila (i sini,False,True,2026-10-08 20:49:46
Sekupang,Pelabuhan Domestik Sekupang,Putra Bagus,5,6 tahun lalu,Cukup rapi n bagus pelabuhannya,False,True,2026-10-08 20:49:46
Sekupang,Pelabuhan Domestik Sekupang,Tino Martin,5,4 tahun lalu,Terminal nya sudah bagus dan bersih,False,True,2026-10-08 20:49:46
Sekupang,Pelabuhan Domestik Sekupang,Ronnie Sinaga (Rfss),1,setahun lalu,"Pelabuhan banyak calo, agen tak jelas",False,True,2026-10-08 20:49:46
Sekupang,Pelabuhan Domestik Sekupang,sinaloan siregar,5,4 tahun lalu,Saya jg pernah mencari jadwal tersebut,False,True,2026-10-08 20:49:46
Sekupang,Pelabuhan Domestik Sekupang,Rudi Adrian,4,4 tahun lalu,Pelabuhannya bagus dan tersusun rapi kendarannya,False,True,2026-10-08 20:49:46
Sekupang,Pelabuhan Domestik Sekupang,Rusdianto Perdana,4,9 tahun lalu,"Gedung baru, lebih luas, rapi dan nyaman.",False,True,2026-10-08 20:49:46
Sekupang,Pelabuhan Domestik Sekupang,Muhammad Izzuddin,4,5 tahun lalu,"perjalanan laut dari singapure, berlabuh disini",False,True,2026-10-08 20:49:46
Sekupang,Pelabuhan Domestik Sekupang,Auliyana Sustri Rain,5,4 tahun lalu,Sangat lebih baik dari tahun tahun sebelumnya..,False,False,2026-10-08 20:49:46
Sekupang,Pelabuhan Domestik Sekupang,Sutrisno,5,5 tahun lalu,Pelabuhan sudah sepi pend\tang,False,True,2026-10-08 20:49:46
Sekupang,Pelabuhan Domestik Sekupang,sandy andaru,5,8 tahun lalu,"Pelabuhan baru, lebih tertata dari pd sebelum direnovasu",False,True,2026-10-08 20:49:46
Sekupang,Pelabuhan Domestik Sekupang,Muhammad Syafarudin,3,8 tahun lalu,Padat ramai akses kendaraan mudah,False,True,2026-10-08 20:49:46
Sekupang,Pelabuhan Domestik Sekupang,Jaff Cahayabaru,5,2 tahun lalu,"Bersih, aman dan ternyaman",False,True,2026-10-08 20:49:46
Sekupang,Pelabuhan Domestik Sekupang,Bg-Bg_R. Reza,4,5 tahun lalu,Cantumkan nomor tekfon biar bisa di hubungin ..,False,False,2026-10-08 20:49:46
Sekupang,Pelabuhan Domestik Sekupang,Susanti Dewi,4,7 tahun lalu,pelabuhannya sudah bagus sekarang,False,True,2026-10-08 20:49:46
Sekupang,Pelabuhan Domestik Sekupang,hernison sinaga,2,3 tahun lalu,"Pelabuhannya tertata baik ,",False,False,2026-10-08 20:49:46
Sekupang,Pelabuhan Domestik Sekupang,Aks,3,9 tahun lalu,Masih dalam rehabilitasi bangunan utama,False,True,2026-10-08 20:49:46
Sekupang,Pelabuhan Domestik Sekupang,heru purnama sidiq (HPS),5,4 tahun lalu,Pelabuhannya bersih,False,True,2026-10-08 20:49:46
Sekupang,Pelabuhan Domestik Sekupang,FariedEL,5,9 tahun lalu,Gerbang laut keluar masuk Batam island,False,False,2026-10-08 20:49:46
Sekupang,Pelabuhan Domestik Sekupang,Maiyudi Hasan,5,5 tahun lalu,Sangat Bagus sekali,False,False,2026-10-08 20:49:46
Sekupang,Pelabuhan Domestik Sekupang,Abg Jeki,5,5 tahun lalu,Bagus pelayanan nya,False,True,2026-10-08 20:49:46
Sekupang,Pelabuhan Domestik Sekupang,Papa Zilli,4,9 tahun lalu,Pulang atau pergi ke tg balai ya lewat sini .,False,True,2026-10-08 20:49:46
Sekupang,Pelabuhan Domestik Sekupang,ebie .playing,5,9 tahun lalu,Sudah mulai tertata rapi,False,True,2026-10-08 20:49:46
Sekupang,Pelabuhan Domestik Sekupang,Rio Dominggo,5,3 tahun lalu,Bersih dan pelayanan O.k,False,False,2026-10-08 20:49:46
Sekupang,Pelabuhan Domestik Sekupang,Gombal Mukiyo,3,8 tahun lalu,"Tempat rokok, ventilasinya kurang",False,True,2026-10-08 20:49:46
Sekupang,Pelabuhan Domestik Sekupang,Hari Jadi,5,7 tahun lalu,Bersih rapi dan luas 🤗,False,False,2026-10-08 20:49:46
Sekupang,Pelabuhan Domestik Sekupang,ANDRIA OFFICIAL,3,6 tahun lalu,Tempat nya bagus,False,True,2026-10-08 20:49:46
Sekupang,Pelabuhan Domestik Sekupang,Joko Kristiono,5,9 tahun lalu,Sudah di diperbaharui dg bagus,False,True,2026-10-08 20:49:46
Sekupang,Pelabuhan Domestik Sekupang,mustafa kamal,5,2 tahun lalu,Bersih dan nyaman,False,True,2026-10-08 20:49:46
Sekupang,Pelabuhan Domestik Sekupang,candra Marpaung,4,7 tahun lalu,Tempat nya enak.orang nya ramah2,False,True,2026-10-08 20:49:46
Sekupang,Pelabuhan Domestik Sekupang,fenix_renascentia,5,setahun lalu,Pelabuhan ferry domestik,True,True,2026-10-08 20:49:46
Sekupang,Pelabuhan Domestik Sekupang,Bambang Resti Irawan,5,Diedit 8 tahun lalu,nyebrang2 lewat terminal sini dulu ya,False,True,2026-10-08 20:49:46
Sekupang,Pelabuhan Domestik Sekupang,Fariz Salman,5,8 tahun lalu,Pintu gerbang batam melalui laut..,False,True,2026-10-08 20:49:46
Sekupang,Pelabuhan Domestik Sekupang,Rusdianto Batam,1,5 tahun lalu,Sepi,True,False,2026-10-08 20:49:46
Sekupang,Pelabuhan Domestik Sekupang,MI KA,3,setahun lalu,Toilet kotor,False,True,2026-10-08 20:49:46
Sekupang,Pelabuhan Domestik Sekupang,Melvin Manullang,4,3 tahun lalu,Bersih dan aman,False,True,2026-10-08 20:49:46
Sekupang,Pelabuhan Domestik Sekupang,Wiliam,5,2 tahun lalu,Ruang tunggu nya rapi,False,True,2026-10-08 20:49:46
Sekupang,Pelabuhan Domestik Sekupang,Lukmanul Hakim,5,2 tahun lalu,Lumayan bersih,False,True,2026-10-08 20:49:46
Sekupang,Pelabuhan Domestik Sekupang,Iwan Romly (Iwan),5,Diedit setahun lalu,Dari batam ke guntung 385rb.,False,True,2026-10-08 20:49:46
Sekupang,Pelabuhan Domestik Sekupang,RIDEL. id,4,6 tahun lalu,Bersih tempatnya,False,False,2026-10-08 20:49:46
Sekupang,Pelabuhan Domestik Sekupang,Muhamad Zamri,4,5 tahun lalu,Biasa aja,False,True,2026-10-08 20:49:46
Sekupang,Pelabuhan Domestik Sekupang,Me Si,4,4 tahun lalu,"Lumayan ramai jika weekend,",False,True,2026-10-08 20:49:46
Sekupang,Pelabuhan Domestik Sekupang,syafri anto,5,setahun lalu,Batam 🥰🥰,False,False,2026-10-08 20:49:46
Sekupang,Pelabuhan Domestik Sekupang,Jasa pick up Batam,4,2 tahun lalu,Pelabuhan yang bagus dan berkualitas,False,True,2026-10-08 20:49:46
Sekupang,Pelabuhan Domestik Sekupang,Nur Ahmad,1,9 tahun lalu,Kurangnya perhatian pemerintah,False,True,2026-10-08 20:49:46
Sekupang,Pelabuhan Domestik Sekupang,Sugi _,5,8 tahun lalu,Bagus tempatnya,False,True,2026-10-08 20:49:46
Sekupang,Pelabuhan Domestik Sekupang,Bob Lingga,4,6 tahun lalu,Aman dan bersih,False,False,2026-10-08 20:49:46
Sekupang,Pelabuhan Domestik Sekupang,Nasihul Umam,1,9 tahun lalu,Ricuh kurang tertib,False,False,2026-10-08 20:49:46
Sekupang,Pelabuhan Domestik Sekupang,Andok Mash,5,7 tahun lalu,Semakin Nyaman,False,True,2026-10-08 20:49:46
Sekupang,Pelabuhan Domestik Sekupang,risbon siallagan,1,Diedit 8 tahun lalu,harga taxi mahal,False,True,2026-10-08 20:49:46
Sekupang,Pelabuhan Domestik Sekupang,rahmad deni,5,3 tahun lalu,"Bersih, nyaman",False,False,2026-10-08 20:49:46
Sekupang,Pelabuhan Domestik Sekupang,handri anto,5,9 tahun lalu,Harbour domistic to connect karimun and batam,False,True,2026-10-08 20:49:46
Sekupang,Pelabuhan Domestik Sekupang,Rasyidin Rasyidin,5,3 tahun lalu,Pelayanan baik,False,True,2026-10-08 20:49:46
Sekupang,Pelabuhan Domestik Sekupang,ahmad dofir,5,3 tahun lalu,Bagus...bersih..,False,True,2026-10-08 20:49:46
Sekupang,Pelabuhan Domestik Sekupang,En Dian,4,4 tahun lalu,Pelabuhan kapal cepat dan kapal roro.,False,True,2026-10-08 20:49:46
Sekupang,Pelabuhan Domestik Sekupang,Muhamad Hanafi,5,9 tahun lalu,Pelabuhan Bot Pancung juga ada,False,True,2026-10-08 20:49:46
Sekupang,Pelabuhan Domestik Sekupang,Farhan Syafiq,5,4 tahun lalu,Makin kece pelabuhannya...,False,False,2026-10-08 20:49:46
Sekupang,Pelabuhan Domestik Sekupang,Muhamad Izhar Safawi,4,9 tahun lalu,Pelabuhan yang semakin majuuu,False,False,2026-10-08 20:49:46
Sekupang,Pelabuhan Domestik Sekupang,muhammad munib,5,7 tahun lalu,Numpang lewat bos,False,True,2026-10-08 20:49:46
Sekupang,Pelabuhan Domestik Sekupang,Ahmad Irfan,4,3 tahun lalu,👍,False,False,2026-10-08 20:49:46
Sekupang,Pelabuhan Domestik Sekupang,Yudi Ferdian,1,9 tahun lalu,Banyak calo tiket...,False,True,2026-10-08 20:49:46
Sekupang,Pelabuhan Domestik Sekupang,Ridwan Ullah,5,setahun lalu,Mantap,False,False,2026-10-08 20:49:46
Sekupang,Pelabuhan Domestik Sekupang,Rocky,4,7 tahun lalu,Pelabuhan,False,True,2026-10-08 20:49:46
Sekupang,Pelabuhan Domestik Sekupang,Marupa Sianturi,5,3 tahun lalu,Rapi dan tertib,False,True,2026-10-08 20:49:46
Sekupang,Pelabuhan Domestik Sekupang,Robing Robroy,5,6 tahun lalu,Bersih Ramah,False,True,2026-10-08 20:49:46
Sekupang,Pelabuhan Domestik Sekupang,DSCI_0000,5,3 tahun lalu,Nyaman...,False,True,2026-10-08 20:49:46
Sekupang,Pelabuhan Domestik Sekupang,ZPR TV,5,2 tahun lalu,Pelayanan yang ramah,False,True,2026-10-08 20:49:46
Sekupang,Pelabuhan Domestik Sekupang,Eliaki Gulo,3,9 tahun lalu,Terminal penumpang baru,False,True,2026-10-08 20:49:46
Sekupang,Pelabuhan Domestik Sekupang,FIRMAN RECKY SAPUTRA,3,9 tahun lalu,Masih sangat semrawut,False,True,2026-10-08 20:49:46
Sekupang,Pelabuhan Domestik Sekupang,Siti Tati Salamah,5,4 tahun lalu,Bagus pelabuhan,False,False,2026-10-08 20:49:46
Sekupang,Pelabuhan Domestik Sekupang,Mas Wahono,4,9 tahun lalu,Terminal laut dekat Singapore,False,True,2026-10-08 20:49:46
Sekupang,Pelabuhan Domestik Sekupang,Jihan Dea,5,9 tahun lalu,Udah nyaman,False,True,2026-10-08 20:49:46
Sekupang,Pelabuhan Domestik Sekupang,加尤,5,3 tahun lalu,"Rapi, bagus",False,True,2026-10-08 20:49:46
Sekupang,Pelabuhan Domestik Sekupang,Destyan Anggriawan,5,9 tahun lalu,Pernah lewat,False,False,2026-10-08 20:49:46
Sekupang,Pelabuhan Domestik Sekupang,Hendri kurniawan Hendri,5,6 tahun lalu,Luar biasa,False,False,2026-10-08 20:49:46
Sekupang,Pelabuhan Domestik Sekupang,Muhammad Sadril,3,9 tahun lalu,Mantap lah,False,True,2026-10-08 20:49:46
Sekupang,Pelabuhan Domestik Sekupang,pak Anjang,5,5 tahun lalu,Terminal Ferry domestik Sekupang Batam,False,True,2026-10-08 20:49:46
Sekupang,Pelabuhan Domestik Sekupang,Rang Batam,5,6 tahun lalu,Pelabuhan internasional dan domestik,False,True,2026-10-08 20:49:46
Sekupang,Pelabuhan Domestik Sekupang,Hasbul Hadi,5,9 tahun lalu,"Bagus, megah",False,True,2026-10-08 20:49:46
Sekupang,Pelabuhan Domestik Sekupang,Riskon Nasution,1,3 tahun lalu,Berada di pelabuhan sikupang,False,False,2026-10-08 20:49:46
Sekupang,Pelabuhan Domestik Sekupang,Ruslan Boy,5,9 tahun lalu,Terminal ferry domestik,False,False,2026-10-08 20:49:46
Sekupang,Pelabuhan Domestik Sekupang,Herjun J. Purba,2,5 tahun lalu,Baik,False,True,2026-10-08 20:49:46
Sekupang,Pelabuhan Domestik Sekupang,Marta Sumarno,5,5 tahun lalu,Nyaman,False,True,2026-10-08 20:49:46
Sekupang,Pelabuhan Domestik Sekupang,arulkhan irul,5,4 tahun lalu,bagus,False,True,2026-10-08 20:49:46
Sekupang,Pelabuhan Domestik Sekupang,Mongk King,4,6 tahun lalu,Oke,False,True,2026-10-08 20:49:46
Sekupang,Pelabuhan Domestik Sekupang,Kusnanto,4,6 tahun lalu,Oke,False,True,2026-10-08 20:49:46
Sekupang,Pelabuhan Domestik Sekupang,febrianto eka putra,5,8 tahun lalu,Merapat di pelabuhan sekupang,False,True,2026-10-08 20:49:46
Sekupang,Pelabuhan Domestik Sekupang,Wlly Welly,1,9 tahun lalu,Heboh,False,True,2026-10-08 20:49:46
Sekupang,Pelabuhan Domestik Sekupang,M Reva Channel,4,9 tahun lalu,Aman,False,True,2026-10-08 20:49:46
Sekupang,Pelabuhan Domestik Sekupang,Sisilatiwi Sisi,5,5 tahun lalu,Alhamdulillah 🤲🏻,False,False,2026-10-08 20:49:46
Sekupang,Pelabuhan Domestik Sekupang,Suparman Arman,5,3 tahun lalu,Setanbay pelabuhan sekupang.,False,True,2026-10-08 20:49:46
Sekupang,Pelabuhan Domestik Sekupang,jaya milan,5,9 tahun lalu,"Ke singapore,malaysia",False,True,2026-10-08 20:49:46
Sekupang,Pelabuhan Domestik Sekupang,BARberMEN BudiMEN,5,5 tahun lalu,Terminal international,False,True,2026-10-08 20:49:46
Sekupang,Pelabuhan Domestik Sekupang,wong awam dexil,4,6 tahun lalu,Sepeti di bandara,False,True,2026-10-08 20:49:46
Sekupang,Pelabuhan Domestik Sekupang,Jacksunyoto,2,9 tahun lalu,Lumayaaan....,False,True,2026-10-08 20:49:46
Sekupang,Pelabuhan Domestik Sekupang,Randy,5,6 tahun lalu,Bagus,False,True,2026-10-08 20:49:46
Sekupang,Pelabuhan Domestik Sekupang,doni maulana,4,6 tahun lalu,nyaman,False,False,2026-10-08 20:49:46
Sekupang,Pelabuhan Domestik Sekupang,Selcom Selcom,1,8 tahun lalu,Bagus,False,False,2026-10-08 20:49:46
Sekupang,Pelabuhan Domestik Sekupang,Pria Idaman,5,3 minggu lalu,Bersih dan nyaman,False,True,2026-10-08 20:49:46
Sekupang,Pelabuhan Domestik Sekupang,Suhe Aja,2,sebulan lalu,"Tidak ada fasilitas pengisian air minum gratis,padahal seaport nya mahal",False,True,2026-10-08 20:49:46
Sekupang,Pelabuhan Domestik Sekupang,Wulan Anggraeny,1,Diedit sebulan lalu,"No nya penipuan, hati² gaes, no rek PT tapi nipu ga ada kantornya",False,True,2026-10-08 20:49:46
Sekupang,Pelabuhan Domestik Sekupang,tengku erni,4,2 bulan lalu,Hanya lewat sebentar saja 🥰,False,True,2026-10-08 20:49:46
Sekupang,Pelabuhan Domestik Sekupang,Suyanti Ramelan,5,3 bulan lalu,"Sarapan di Kantin Pojok, pelabuhan pancung sekupang jalur ke belakang Padang",True,True,2026-10-08 20:49:46
Sekupang,Pelabuhan Domestik Sekupang,rizka amalia,5,3 bulan lalu,pertama kemari kareba mau ke selat panjang,True,True,2026-10-08 20:49:46
Sekupang,Pelabuhan Domestik Sekupang,Teresia,4,3 bulan lalu,"Hnya sekali ke sini, bawa bpk berobat 🙁",False,True,2026-10-08 20:49:46
Sekupang,Pelabuhan Domestik Sekupang,Lina W. Sasmita,5,2 tahun lalu,"Pelabuhan ini rapi dan bersih. Bagi wisatawan Singapura yang berlibur di Batam, khususnya di daerah Sekupang, Sagulung, Barelang, dan Batu Aji, lebih baik memilih pelabuhan ini karena ada jadwal feri setiap jam dengan operator feri yang berbeda. Terdapat beberapa minimarket, kafe, kios, toko makanan suvenir, dan ruang sholat. Diterjemahkan oleh Google ・ Lihat versi asli (Inggris)",True,True,2026-10-08 20:49:46
Sekupang,Pelabuhan Domestik Sekupang,Olenka Salimova,5,setahun lalu,Tiket feri tersedia untuk dibeli di loket. Terminal bersih dan dilengkapi dengan toko-toko dan kafe yang dibutuhkan. Diterjemahkan oleh Google ・ Lihat versi asli (Inggris),True,True,2026-10-08 20:49:46
Sekupang,Pelabuhan Domestik Sekupang,Jerome Lim,1,7 bulan lalu,"Harap diperhatikan, jika Anda membawa bagasi yang sangat besar, harap bawa sendiri karena tidak ada informasi bahwa bagasi Anda yang terdaftar akan dibawa secara gratis. Layanan porter mereka tidak gratis, Anda perlu membayar, jika tidak mereka tidak akan melepaskan bagasi Anda. Porter akan membawakan bagasi Anda, tetapi mereka akan meminta Anda untuk membayar jasa pengangkutan bagasi tersebut. Bawalah sendiri dari feri ke imigrasi. Ini akan menghemat waktu dan tenaga Anda. Layanan porter untuk bagasi kurang dari 20 kg adalah 10.000 IDR dan lebih dari 20 kg adalah 20.000 IDR. Sekadar informasi, layanan ini tidak gratis. Diterjemahkan oleh Google ・ Lihat versi asli (Inggris)",False,False,2026-10-08 20:49:46
Sekupang,Pelabuhan Domestik Sekupang,Firdaus Herliansyah,5,2 bulan lalu,Selalu merindukan perjalanan menyeberangi laut di Selat Malaka. Diterjemahkan oleh Google ・ Lihat versi asli (Melayu),False,True,2026-10-08 20:49:46
Sekupang,Pelabuhan Domestik Sekupang,zorro ronanoa,1,4 bulan lalu,"Di mana aturan yang menyatakan bahwa jika Anda memarkir mobil Anda semalaman, Anda harus membayar menggunakan QRIS? Saya memberikan uang tunai saya, tetapi ditolak karena Anda meminta QRIS sebagai pembayaran, padahal tidak ada aturan yang mengatur hal itu! Memalukan Anda dan manajemen Anda yang gagal! Diterjemahkan oleh Google ・ Lihat versi asli (Inggris)",False,False,2026-10-08 20:49:46
Sekupang,Pelabuhan Domestik Sekupang,Rommel Langomez (Rommel),3,7 bulan lalu,Mereka membutuhkan lift/elevator untuk akses kursi roda dari pintu masuk utama ke area keberangkatan lantai 2. Petugas porter yang siaga akan sangat membantu. Diterjemahkan oleh Google ・ Lihat versi asli (Inggris),False,True,2026-10-08 20:49:46
Sekupang,Pelabuhan Domestik Sekupang,Benny (Bandiger),5,3 tahun lalu,"Pelabuhan Sekupang adalah sebuah pelabuhan di Batam. Tersedia kapal dari Riau dan ke Riau, serta kapal dari Dumai dan ke Dumai. Ruang tunggu ber-AC. Toiletnya juga bersih. Anda bisa naik taksi dari sini ke berbagai tempat di Batam. Biasanya pada akhir pekan tempat ini lebih ramai daripada hari-hari biasa. Diterjemahkan oleh Google ・ Lihat versi asli (Inggris)",True,True,2026-10-08 20:49:46
Sekupang,Pelabuhan Domestik Sekupang,Wisnu Hermawan,4,5 tahun lalu,"Bersih, tidak ramai, hanya 3 menit jalan kaki dari halte bus. Saya pergi ke sana hanya untuk jalan-jalan. Diterjemahkan oleh Google ・ Lihat versi asli (Inggris)",True,True,2026-10-08 20:49:46
Sekupang,Pelabuhan Domestik Sekupang,Ustadz Nurmantiaz,5,3 tahun lalu,Semoga Allah SWT memberkati semua usaha kita. Aamiin. Diterjemahkan oleh Google ・ Lihat versi asli (Melayu),True,True,2026-10-08 20:49:46
Sekupang,Pelabuhan Domestik Sekupang,herzberg liang,4,3 tahun lalu,"Bersih, ada makanan dan camilan dengan harga yang wajar. Tapi terlalu banyak sopir taksi penipu yang memangsa turis. Pastikan Anda menyepakati harga sebelum naik ke kendaraan mereka yang reyot. Diterjemahkan oleh Google ・ Lihat versi asli (Inggris)",False,False,2026-10-08 20:49:46
Sekupang,Pelabuhan Domestik Sekupang,Neng Laura,3,7 tahun lalu,"Sepertinya baru saja direnovasi. Ada 2 terminal, 1 untuk perjalanan domestik & 1 untuk perjalanan internasional. Saya memilih terminal domestik & ada beberapa layanan feri ke bagian lain Batam atau Riau. Tidak ada warung makan di dalam terminal, tetapi Anda bisa mencari makanan dan minuman di sayap terminal. Taksi tersedia. Cukup pergi ke loket. Diterjemahkan oleh Google ・ Lihat versi asli (Inggris)",False,True,2026-10-08 20:49:46
Sekupang,Pelabuhan Domestik Sekupang,m m,2,5 tahun lalu,"Hanya ada kursi-kursi sederhana dan satu-satunya toko adalah minimarket. Sulit untuk menghabiskan waktu. Tidak ada cara untuk memanggil taksi di dekat situ, jadi saya tidak punya pilihan selain bernegosiasi dengan sopir taksi setempat. Diterjemahkan oleh Google ・ Lihat versi asli (Jepang)",False,True,2026-10-08 20:49:46
Sekupang,Pelabuhan Domestik Sekupang,Shafee Ali,4,3 tahun lalu,Bersih dan terawat dengan baik. Diterjemahkan oleh Google ・ Lihat versi asli (Melayu),True,True,2026-10-08 20:49:46
Sekupang,Pelabuhan Domestik Sekupang,Xiang Dw,4,8 tahun lalu,Pelabuhan menjadi lebih besar & bersih tetapi area parkir masih belum memadai... Terlalu banyak taksi di sini sehingga bagi kami yang menginap semalaman tidak cukup tempat parkir. Diterjemahkan oleh Google ・ Lihat versi asli (Inggris),False,True,2026-10-08 20:49:46
Sekupang,Pelabuhan Domestik Sekupang,Rachmalia Dewi,4,8 tahun lalu,Bersih dan tidak seramai pelabuhan lain di Batam. Stafnya ramah dan membantu. Pemandangan lautnya juga indah. Diterjemahkan oleh Google ・ Lihat versi asli (Inggris),False,True,2026-10-08 20:49:46
Sekupang,Pelabuhan Domestik Sekupang,Iggy Budiman,5,Diedit 9 tahun lalu,Banyak peningkatan sejak tahun 2016. Diterjemahkan oleh Google ・ Lihat versi asli (Inggris),True,True,2026-10-08 20:49:46
Sekupang,Pelabuhan Domestik Sekupang,Ikbal (Saputra),5,4 tahun lalu,"Tempat ini sangat bagus dan jika Anda ingin pergi ke Tanjung Balai atau Pekanbaru, Anda bisa berangkat dari sini. Selain itu, ini juga merupakan pelabuhan besar di Batam. Diterjemahkan oleh Google ・ Lihat versi asli (Inggris)",False,True,2026-10-08 20:49:46
Sekupang,Pelabuhan Domestik Sekupang,SURYANTO BENGKALIS,5,6 bulan lalu,"Sangat ramai,",False,True,2026-10-08 20:49:46
Sekupang,Pelabuhan Domestik Sekupang,Augustinus Ong,4,setahun lalu,Pelabuhan Diterjemahkan oleh Google ・ Lihat versi asli (Inggris),True,True,2026-10-08 20:49:46
Sekupang,Pelabuhan Domestik Sekupang,Bar best,4,sebulan lalu,Oke Diterjemahkan oleh Google ・ Lihat versi asli (Inggris),False,False,2026-10-08 20:49:46
Sekupang,Pelabuhan Domestik Sekupang,Harpan Budi,1,9 tahun lalu,"Sangat ramai, tidak terkelola. Dan ini sudah terjadi sejak lama tanpa ada perbaikan. Diterjemahkan oleh Google ・ Lihat versi asli (Inggris)",False,True,2026-10-08 20:49:46
Sekupang,Pelabuhan Domestik Sekupang,Beautiful World,4,9 tahun lalu,"Terminal Feri yang Tenang dan Nyaman, lebih damai dibandingkan terminal feri . Diterjemahkan oleh Google ・ Lihat versi asli (Inggris)",False,True,2026-10-08 20:49:46
Sekupang,Pelabuhan Domestik Sekupang,Nartok Medan,5,6 tahun lalu,Pelabuhannya cukup bagus. Diterjemahkan oleh Google ・ Lihat versi asli (Jawa),True,True,2026-10-08 20:49:46
Sekupang,Pelabuhan Domestik Sekupang,Wahyu Nugraha,5,11 bulan lalu,,True,True,2026-10-08 20:49:46
Sekupang,Pelabuhan Domestik Sekupang,FIRDAUSI ZULKARNAIN,2,9 tahun lalu,Sangat ramai dan terhubung dengan mal. Diterjemahkan oleh Google ・ Lihat versi asli (Melayu),False,True,2026-10-08 20:49:46
Sekupang,Pelabuhan Domestik Sekupang,Telor Setengah Matang Notes,4,5 tahun lalu,Sekarang pelabuhan ini bersih dan tidak berisik seperti pelabuhan Batam . Diterjemahkan oleh Google ・ Lihat versi asli (Inggris),False,True,2026-10-08 20:49:46
Sekupang,Pelabuhan Domestik Sekupang,Nurul Sofiyanti,5,11 bulan lalu,,True,True,2026-10-08 20:49:46
Sekupang,Pelabuhan Domestik Sekupang,Bang Buan,5,9 tahun lalu,Terminalnya jauh lebih baik setelah renovasi. Diterjemahkan oleh Google ・ Lihat versi asli (Inggris),False,True,2026-10-08 20:49:46
Sekupang,Pelabuhan Domestik Sekupang,francisca journey,5,4 tahun lalu,,True,True,2026-10-08 20:49:46
Sekupang,Pelabuhan Domestik Sekupang,Mikail Aeden,3,Diedit 9 tahun lalu,Terminal feri baru ini terlihat lebih bagus dari sebelumnya. Diterjemahkan oleh Google ・ Lihat versi asli (Inggris),False,True,2026-10-08 20:49:46
Sekupang,Pelabuhan Domestik Sekupang,sahat manullang,1,8 tahun lalu,Tidak dapat menjemput penumpang di sekitar area tersebut melalui transportasi online. Diterjemahkan oleh Google ・ Lihat versi asli (Inggris),False,True,2026-10-08 20:49:46
Sekupang,Pelabuhan Domestik Sekupang,Fazlur Rahman Lubis,3,6 tahun lalu,,True,True,2026-10-08 20:49:46
Sekupang,Pelabuhan Domestik Sekupang,Roy FM,5,6 tahun lalu,,True,True,2026-10-08 20:49:46
Sekupang,Pelabuhan Domestik Sekupang,Amanat Turrohmah,5,7 tahun lalu,"Lebih bersih dan lebih singkat perjalanan ke Singapura, hanya 40 menit. Diterjemahkan oleh Google ・ Lihat versi asli (Inggris)",False,True,2026-10-08 20:49:46
Sekupang,Pelabuhan Domestik Sekupang,abgjebatt,5,7 tahun lalu,"Gedung terminal feri baru, area tunggu yang luas. Diterjemahkan oleh Google ・ Lihat versi asli (Inggris)",False,True,2026-10-08 20:49:46
Sekupang,Pelabuhan Domestik Sekupang,Sanysyah Sany,4,4 tahun lalu,Oke Diterjemahkan oleh Google ・ Lihat versi asli (Inggris),True,False,2026-10-08 20:49:46
Sekupang,Pelabuhan Domestik Sekupang,AGALIVIR Asotnes,5,9 tahun lalu,Terminal baru bersih dan ber-AC. Diterjemahkan oleh Google ・ Lihat versi asli (Inggris),False,True,2026-10-08 20:49:46
Sekupang,Pelabuhan Domestik Sekupang,Kitri Widaretna,3,8 tahun lalu,Gedung baru. Diterjemahkan oleh Google ・ Lihat versi asli (Inggris),True,True,2026-10-08 20:49:46
Sekupang,Pelabuhan Domestik Sekupang,Yusman Xiao,4,3 tahun lalu,"Pelabuhan yang bagus, baik pelabuhan domestik maupun internasional. Diterjemahkan oleh Google ・ Lihat versi asli (Inggris)",False,True,2026-10-08 20:49:46
Sekupang,Pelabuhan Domestik Sekupang,adrianz,5,9 tahun lalu,,True,True,2026-10-08 20:49:46
Sekupang,Pelabuhan Domestik Sekupang,Ikbal Mechanical,5,5 tahun lalu,Oke lh Diterjemahkan oleh Google ・ Lihat versi asli (Arab),False,True,2026-10-08 20:49:46
Sekupang,Pelabuhan Domestik Sekupang,Agung Tjahrir,5,2 tahun lalu,,True,True,2026-10-08 20:49:46
Sekupang,Pelabuhan Domestik Sekupang,有難demo,3,9 tahun lalu,Koneksi ke Harbour Front (Singapura) sekitar 30 menit Diterjemahkan oleh Google ・ Lihat versi asli (Inggris),False,True,2026-10-08 20:49:46
Sekupang,Pelabuhan Domestik Sekupang,jha-lee chow,5,9 tahun lalu,"Gedung pelabuhan baru, arsitektur yang hebat. Diterjemahkan oleh Google ・ Lihat versi asli (Inggris)",False,True,2026-10-08 20:49:46
Sekupang,Pelabuhan Domestik Sekupang,E A,5,6 tahun lalu,Tempat yang bagus Diterjemahkan oleh Google ・ Lihat versi asli (Inggris),True,True,2026-10-08 20:49:46
Sekupang,Pelabuhan Domestik Sekupang,SOPHEAK KIM,4,2 tahun lalu,Hanya terminal feri biasa. Diterjemahkan oleh Google ・ Lihat versi asli (Inggris),False,True,2026-10-08 20:49:46
Sekupang,Pelabuhan Domestik Sekupang,Maxcom Computer,4,3 tahun lalu,Tempat makannya terlalu sedikit dan membosankan. Diterjemahkan oleh Google ・ Lihat versi asli (Inggris),False,True,2026-10-08 20:49:46
Sekupang,Pelabuhan Domestik Sekupang,turisno 123,5,2 tahun lalu,,True,True,2026-10-08 20:49:46
Sekupang,Pelabuhan Domestik Sekupang,Melda Setria Dona,5,9 bulan lalu,,True,True,2026-10-08 20:49:46
Sekupang,Pelabuhan Domestik Sekupang,Sumidi harjosumantri,4,2 tahun lalu,,True,True,2026-10-08 20:49:46
Sekupang,Pelabuhan Domestik Sekupang,Met Derby,4,3 tahun lalu,Lebih baik daripada beberapa tahun lalu Diterjemahkan oleh Google ・ Lihat versi asli (Inggris),False,True,2026-10-08 20:49:46
Sekupang,Pelabuhan Domestik Sekupang,Kurik Saja,5,8 tahun lalu,,True,True,2026-10-08 20:49:46
Sekupang,Pelabuhan Domestik Sekupang,Aqua Iin,4,2 tahun lalu,,True,True,2026-10-08 20:49:46
Sekupang,Pelabuhan Domestik Sekupang,Vie,5,setahun lalu,,True,True,2026-10-08 20:49:46
Sekupang,Pelabuhan Domestik Sekupang,Hendy Sugiarto,5,9 tahun lalu,feri ke Kuala Tungkal Diterjemahkan oleh Google ・ Lihat versi asli (Melayu),False,True,2026-10-08 20:49:46
Sekupang,Pelabuhan Domestik Sekupang,Aye aye Captain,5,7 tahun lalu,Jangan membuang sampah di laut. Diterjemahkan oleh Google ・ Lihat versi asli (Inggris),False,True,2026-10-08 20:49:46
Sekupang,Pelabuhan Domestik Sekupang,Marfin Batubara,5,setahun lalu,Oke Diterjemahkan oleh Google ・ Lihat versi asli (Inggris),False,True,2026-10-08 20:49:46
Sekupang,Pelabuhan Domestik Sekupang,Ety Zulaini,5,setahun lalu,,True,True,2026-10-08 20:49:46
Sekupang,Pelabuhan Domestik Sekupang,Leonardo Lau,5,3 tahun lalu,Sempurna untukmu Diterjemahkan oleh Google ・ Lihat versi asli (Inggris),False,True,2026-10-08 20:49:46
Sekupang,Pelabuhan Domestik Sekupang,Hello Tan _,5,4 tahun lalu,,True,True,2026-10-08 20:49:46
Sekupang,Pelabuhan Domestik Sekupang,Bang Yusak,3,7 tahun lalu,,True,True,2026-10-08 20:49:46
Sekupang,Pelabuhan Domestik Sekupang,Ferry Harisanda,5,3 tahun lalu,,True,True,2026-10-08 20:49:46
Sekupang,Pelabuhan Domestik Sekupang,riyadiariyanto,5,9 tahun lalu,Pelabuhan Internasional Sekupang Diterjemahkan oleh Google ・ Lihat versi asli (Inggris),True,True,2026-10-08 20:49:46
Sekupang,Pelabuhan Domestik Sekupang,Bayu Nurfandhiyansyah,5,Diedit 5 tahun lalu,,True,True,2026-10-08 20:49:46
Sekupang,Pelabuhan Domestik Sekupang,Neni Zul,4,8 tahun lalu,Pelabuhan domestik Sekupang Diterjemahkan oleh Google ・ Lihat versi asli (Melayu),True,True,2026-10-08 20:49:46
Sekupang,Pelabuhan Domestik Sekupang,Man ndk,5,Diedit 5 tahun lalu,Terbaik.. Diterjemahkan oleh Google ・ Lihat versi asli (Inggris),False,False,2026-10-08 20:49:46
Sekupang,Pelabuhan Domestik Sekupang,F A,4,9 tahun lalu,Hanya pelabuhan feri kecil Diterjemahkan oleh Google ・ Lihat versi asli (Inggris),False,True,2026-10-08 20:49:46
Sekupang,Pelabuhan Domestik Sekupang,mustafa699,5,8 tahun lalu,,True,True,2026-10-08 20:49:46
Sekupang,Pelabuhan Domestik Sekupang,Heldi Saputra,5,8 tahun lalu,,True,False,2026-10-08 20:49:46
Sekupang,Pelabuhan Domestik Sekupang,Tobib Budin Ngarafat,5,6 tahun lalu,Mantaabbb,False,True,2026-10-08 20:49:46
Sekupang,Pelabuhan Domestik Sekupang,Boby Ariyadi,5,Diedit 8 tahun lalu,Monyet manta Diterjemahkan oleh Google ・ Lihat versi asli (Belanda),False,False,2026-10-08 20:49:46
Sekupang,Pelabuhan Domestik Sekupang,Ady Nana,5,9 tahun lalu,Sippp,False,False,2026-10-08 20:49:46
Sekupang,Pelabuhan Domestik Sekupang,bunda adskhan,5,2 tahun lalu,Bagus Diterjemahkan oleh Google ・ Lihat versi asli (Inggris),False,False,2026-10-08 20:49:46
Sekupang,Pelabuhan Domestik Sekupang,berkat sitorus,5,4 tahun lalu,Oke Diterjemahkan oleh Google ・ Lihat versi asli (Inggris),False,True,2026-10-08 20:49:46
Sekupang,Pelabuhan Domestik Sekupang,MUHAMAD RIDO,5,8 tahun lalu,Aku menyukainya Diterjemahkan oleh Google ・ Lihat versi asli (Inggris),False,True,2026-10-08 20:49:46
Sekupang,Pelabuhan Domestik Sekupang,taufieq uwaidha,4,7 tahun lalu,Luar biasa dan mewah Diterjemahkan oleh Google ・ Lihat versi asli (Inggris),False,True,2026-10-08 20:49:46
Sekupang,Pelabuhan Domestik Sekupang,GUNtur HRDI,5,5 tahun lalu,Bagus sekali Diterjemahkan oleh Google ・ Lihat versi asli (Inggris),False,True,2026-10-08 20:49:46
Sekupang,Pelabuhan Domestik Sekupang,Furqan Yunar,5,5 tahun lalu,Bagus Diterjemahkan oleh Google ・ Lihat versi asli (Inggris),False,False,2026-10-08 20:49:46
Sekupang,Pelabuhan Domestik Sekupang,Chika Mutiara,5,5 tahun lalu,Besar Diterjemahkan oleh Google ・ Lihat versi asli (Inggris),False,True,2026-10-08 20:49:46
Sekupang,Pelabuhan Domestik Sekupang,PAIJO PAIJ0,5,9 tahun lalu,Pelabuhan Sekupang Diterjemahkan oleh Google ・ Lihat versi asli (Melayu),True,True,2026-10-08 20:49:46
Sekupang,Pelabuhan Domestik Sekupang,Mery Angraini,4,9 tahun lalu,Tempat ramai Diterjemahkan oleh Google ・ Lihat versi asli (Inggris),False,True,2026-10-08 20:49:46
Sekupang,Pelabuhan Domestik Sekupang,Septi lii,5,6 tahun lalu,Keju mozzarella Geprek Diterjemahkan oleh Google ・ Lihat versi asli (Italia),True,False,2026-10-08 20:49:46
Sekupang,Pelabuhan Domestik Sekupang,Rindu Nadia Dewi,5,9 tahun lalu,Tempat yang bagus Diterjemahkan oleh Google ・ Lihat versi asli (Inggris),False,True,2026-10-08 20:49:46
Sekupang,Pelabuhan Domestik Sekupang,elma l plester,5,3 tahun lalu,Bagus Diterjemahkan oleh Google ・ Lihat versi asli (Inggris),False,True,2026-10-08 20:49:46
Sekupang,Pelabuhan Domestik Sekupang,Daniel Day,3,7 tahun lalu,Tempat ramai Diterjemahkan oleh Google ・ Lihat versi asli (Inggris),False,True,2026-10-08 20:49:46
Sekupang,Pelabuhan Domestik Sekupang,Meranti Beatbox,5,4 hari lalu,BARU,False,False,2026-10-08 20:49:46
Sekupang,Pelabuhan Domestik Sekupang,Elun,5,5 hari lalu,Cantik dan nyaman Diterjemahkan oleh Google ・ Lihat versi asli (Melayu),True,True,2026-10-08 20:49:46
Sekupang,Pelabuhan Domestik Sekupang,Agus Triadi,5,seminggu lalu,BARU,False,False,2026-10-08 20:49:46
Sekupang,Pelabuhan Domestik Sekupang,syofian iddian,5,2 minggu lalu,BARU,False,False,2026-10-08 20:49:46
Sekupang,Pelabuhan Domestik Sekupang,Limosin Anonim,4,2 minggu lalu,BARU,False,True,2026-10-08 20:49:46
Sekupang,Pelabuhan Domestik Sekupang,Eka Dewi,5,2 minggu lalu,BARU,False,False,2026-10-08 20:49:46
Sekupang,Pelabuhan Domestik Sekupang,parlindo panjaitan,5,3 minggu lalu,BARU,False,False,2026-10-08 20:49:46
Sekupang,Pelabuhan Domestik Sekupang,Zohriaty Ulfa,5,sebulan lalu,,False,True,2026-10-08 20:49:46
Sekupang,Pelabuhan Domestik Sekupang,Anjarwanto bin Sudjarno,5,sebulan lalu,,False,False,2026-10-08 20:49:46
Sekupang,Pelabuhan Domestik Sekupang,Ivan Bagus Saputra,5,sebulan lalu,,False,True,2026-10-08 20:49:46
Sekupang,Pelabuhan Domestik Sekupang,Sandi,5,sebulan lalu,,False,True,2026-10-08 20:49:46
Sekupang,Pelabuhan Domestik Sekupang,momunth 80,5,sebulan lalu,,False,True,2026-10-08 20:49:46
Sekupang,Pelabuhan Domestik Sekupang,Popo Junior,5,2 bulan lalu,,False,False,2026-10-08 20:49:46
Sekupang,Pelabuhan Domestik Sekupang,Dhedy Damhudi,5,2 bulan lalu,,False,True,2026-10-08 20:49:46
Sekupang,Pelabuhan Domestik Sekupang,MEGAWATI aja,4,2 bulan lalu,,False,False,2026-10-08 20:49:46
Sekupang,Pelabuhan Domestik Sekupang,yusuf arifin,5,2 bulan lalu,,False,False,2026-10-08 20:49:46
Sekupang,Pelabuhan Domestik Sekupang,Andry Rabat,5,2 bulan lalu,,False,True,2026-10-08 20:49:46
Sekupang,Pelabuhan Domestik Sekupang,ica adreen,5,2 bulan lalu,,False,True,2026-10-08 20:49:46
Sekupang,Pelabuhan Domestik Sekupang,Iskandar Caniago,5,3 bulan lalu,,False,False,2026-10-08 20:49:46
Sekupang,Pelabuhan Domestik Sekupang,Herman Syaputra,5,3 bulan lalu,,False,False,2026-10-08 20:49:46
Sekupang,Pelabuhan Domestik Sekupang,Αντωνης Δερδας,5,3 bulan lalu,,False,False,2026-10-08 20:49:46
Sekupang,Pelabuhan Domestik Sekupang,MASK yudhi,5,3 bulan lalu,,False,True,2026-10-08 20:49:46
Sekupang,Pelabuhan Domestik Sekupang,Andrew Doland Gultom,5,3 bulan lalu,,False,True,2026-10-08 20:49:46
Sekupang,Pelabuhan Domestik Sekupang,Imam freeman,5,3 bulan lalu,,False,True,2026-10-08 20:49:46
Sekupang,Pelabuhan Domestik Sekupang,Mustira Abuafra,4,3 bulan lalu,,False,True,2026-10-08 20:49:46
Sekupang,Pelabuhan Domestik Sekupang,Ekha Zulaekah,4,3 bulan lalu,,False,True,2026-10-08 20:49:46
Sekupang,Pelabuhan Domestik Sekupang,userrr genz,5,3 bulan lalu,,False,False,2026-10-08 20:49:46
Sekupang,Pelabuhan Domestik Sekupang,bangrafi bangrafi bangrafi bangrafi,5,3 bulan lalu,,False,False,2026-10-08 20:49:46
Sekupang,Pelabuhan Domestik Sekupang,Bayu Destra,5,3 bulan lalu,,False,True,2026-10-08 20:49:46
Sekupang,Pelabuhan Domestik Sekupang,rus ita,5,3 bulan lalu,,False,True,2026-10-08 20:49:46
Sekupang,Pelabuhan Domestik Sekupang,Eva dwi Surya,5,4 bulan lalu,,False,False,2026-10-08 20:49:46
Sekupang,Pelabuhan Domestik Sekupang,Budi budi,3,4 bulan lalu,,False,False,2026-10-08 20:49:46
Sekupang,Pelabuhan Domestik Sekupang,Aulia Rahma,5,4 bulan lalu,,False,False,2026-10-08 20:49:46
Sekupang,Pelabuhan Domestik Sekupang,Firdaus Punya,5,4 bulan lalu,,False,True,2026-10-08 20:49:46
Sekupang,Pelabuhan Domestik Sekupang,yann v,5,4 bulan lalu,,False,True,2026-10-08 20:49:46
Sekupang,Pelabuhan Domestik Sekupang,Secarik Kertas,5,5 bulan lalu,,False,True,2026-10-08 20:49:46
Sekupang,Pelabuhan Domestik Sekupang,Ayu Malawati,5,5 bulan lalu,,False,False,2026-10-08 20:49:46
Sekupang,Pelabuhan Domestik Sekupang,sultan channel,4,5 bulan lalu,,False,True,2026-10-08 20:49:46
Sekupang,Pelabuhan Domestik Sekupang,Yudhy Wawan,4,5 bulan lalu,,False,True,2026-10-08 20:49:46
Sekupang,Pelabuhan Domestik Sekupang,Tresna Umbara,5,5 bulan lalu,,False,True,2026-10-08 20:49:46
Sekupang,Pelabuhan Domestik Sekupang,Lia Sya,5,5 bulan lalu,,False,True,2026-10-08 20:49:46
Sekupang,Pelabuhan Domestik Sekupang,ReniWijaya96,5,5 bulan lalu,,False,False,2026-10-08 20:49:46
Sekupang,Pelabuhan Domestik Sekupang,Rudy Anto,5,5 bulan lalu,,False,False,2026-10-08 20:49:46
Sekupang,Pelabuhan Domestik Sekupang,Wendra Junaidi,5,5 bulan lalu,,False,True,2026-10-08 20:49:46
Sekupang,Pelabuhan Domestik Sekupang,Fakhrul Rozi Yamali,4,5 bulan lalu,,False,True,2026-10-08 20:49:46
Sekupang,Pelabuhan Domestik Sekupang,auly poernama,5,6 bulan lalu,,False,True,2026-10-08 20:49:46
Sekupang,Pelabuhan Domestik Sekupang,ilham tanjung,5,6 bulan lalu,,False,True,2026-10-08 20:49:46
Sekupang,Pelabuhan Domestik Sekupang,Ingat filianto Barutu,5,6 bulan lalu,,False,True,2026-10-08 20:49:46
Sekupang,Pelabuhan Domestik Sekupang,Batam Transport 82 Batam Transport 82,5,6 bulan lalu,,False,True,2026-10-08 20:49:46
Sekupang,Pelabuhan Domestik Sekupang,Fitria Kusuma Jaya,5,6 bulan lalu,,False,True,2026-10-08 20:49:46
Sekupang,Pelabuhan Domestik Sekupang,DewiSri Property,4,6 bulan lalu,,False,True,2026-10-08 20:49:46
Sekupang,Pelabuhan Domestik Sekupang,Ardiansyah Rinaldy,4,Diedit 6 bulan lalu,,False,True,2026-10-08 20:49:46
Sekupang,Pelabuhan Domestik Sekupang,Ryan Rudiansyah,4,6 bulan lalu,,False,True,2026-10-08 20:49:46
Sekupang,Pelabuhan Domestik Sekupang,ThomiRidho Alfarid,4,6 bulan lalu,,False,True,2026-10-08 20:49:46
Sekupang,Pelabuhan Domestik Sekupang,Baha Udin,5,6 bulan lalu,,False,True,2026-10-08 20:49:46
Sekupang,Pelabuhan Domestik Sekupang,haykal Abrar,4,6 bulan lalu,,False,False,2026-10-08 20:49:46
Sekupang,Pelabuhan Domestik Sekupang,Mervin Angelina,5,8 bulan lalu,,False,False,2026-10-08 20:49:46
Sekupang,Pelabuhan Domestik Sekupang,Rahmat Hidayat,5,9 bulan lalu,,False,False,2026-10-08 20:49:46
Sekupang,Pelabuhan Domestik Sekupang,Marini Sembiring,5,10 bulan lalu,,False,False,2026-10-08 20:49:46
Sekupang,Pelabuhan Domestik Sekupang,Rian,5,10 bulan lalu,,False,False,2026-10-08 20:49:46
Sekupang,Pelabuhan Domestik Sekupang,Kevinn Nuurat,5,11 bulan lalu,,False,True,2026-10-08 20:49:46
Sekupang,Pelabuhan Domestik Sekupang,Puteri Agreni,5,setahun lalu,,False,False,2026-10-08 20:49:46
Sekupang,Pelabuhan Domestik Sekupang,Sadam Sadam,5,setahun lalu,,False,False,2026-10-08 20:49:46
Sekupang,Pelabuhan Domestik Sekupang,Marhaban Batam,4,setahun lalu,,False,True,2026-10-08 20:49:46
Sekupang,Pelabuhan Domestik Sekupang,GEORGE VO,4,setahun lalu,,False,True,2026-10-08 20:49:46
Sekupang,Pelabuhan Domestik Sekupang,Apakekk Rawrr,5,setahun lalu,,False,False,2026-10-08 20:49:46
Sekupang,Pelabuhan Domestik Sekupang,Zaky Cahyo Hadi,5,setahun lalu,,False,True,2026-10-08 20:49:46
Sekupang,Pelabuhan Domestik Sekupang,Ira Sutanti,4,setahun lalu,,False,True,2026-10-08 20:49:46
Sekupang,Pelabuhan Domestik Sekupang,Ajeng Cyntia,5,setahun lalu,,False,False,2026-10-08 20:49:46
Sekupang,Pelabuhan Domestik Sekupang,EDY MUSTAFA 86,5,setahun lalu,,False,True,2026-10-08 20:49:46
Sekupang,Pelabuhan Domestik Sekupang,Febri Gocar,5,setahun lalu,,False,True,2026-10-08 20:49:46
Sekupang,Pelabuhan Domestik Sekupang,Agus triyadi,5,setahun lalu,,False,True,2026-10-08 20:49:46
Sekupang,Pelabuhan Domestik Sekupang,Teknologi Adaptif Indonesia,5,setahun lalu,,False,True,2026-10-08 20:49:46
Sekupang,Pelabuhan Domestik Sekupang,Tatar Kurnia,5,setahun lalu,,False,False,2026-10-08 20:49:46
Sekupang,Pelabuhan Domestik Sekupang,Nala Indrasena,5,setahun lalu,,False,True,2026-10-08 20:49:46
Sekupang,Pelabuhan Domestik Sekupang,Reformasi Laia,5,setahun lalu,,False,True,2026-10-08 20:49:46
Sekupang,Pelabuhan Domestik Sekupang,Firion Cen,5,setahun lalu,,False,True,2026-10-08 20:49:46
Sekupang,Pelabuhan Domestik Sekupang,Aldialma Firsanov,5,Diedit setahun lalu,,False,True,2026-10-08 20:49:46
Sekupang,Pelabuhan Domestik Sekupang,Septina Febe Asri Silaban,5,setahun lalu,,False,False,2026-10-08 20:49:46
Sekupang,Pelabuhan Domestik Sekupang,Sanjani Jai,4,setahun lalu,,False,False,2026-10-08 20:49:46
Sekupang,Pelabuhan Domestik Sekupang,Zul Fahmi,5,2 tahun lalu,,False,True,2026-10-08 20:49:46
Sekupang,Pelabuhan Domestik Sekupang,Felly Yelianti,5,2 tahun lalu,,False,False,2026-10-08 20:49:46
Sekupang,Pelabuhan Domestik Sekupang,Ezra Limbong,5,2 tahun lalu,,False,False,2026-10-08 20:49:46
Sekupang,Pelabuhan Domestik Sekupang,Rieza Nanda firmano,4,2 tahun lalu,,False,True,2026-10-08 20:49:46
Sekupang,Pelabuhan Domestik Sekupang,a L,4,2 tahun lalu,,False,True,2026-10-08 20:49:46
Sekupang,Pelabuhan Domestik Sekupang,可可爱爱,5,2 tahun lalu,,False,True,2026-10-08 20:49:46
Sekupang,Pelabuhan Domestik Sekupang,rizer zawa,5,2 tahun lalu,,False,True,2026-10-08 20:49:46
Sekupang,Pelabuhan Domestik Sekupang,Syntia Tia,5,2 tahun lalu,,False,False,2026-10-08 20:49:46
Sekupang,Pelabuhan Domestik Sekupang,sutarno sh mkn,5,2 tahun lalu,,False,False,2026-10-08 20:49:46
Sekupang,Pelabuhan Domestik Sekupang,dedy cord,5,2 tahun lalu,,False,True,2026-10-08 20:49:46
Sekupang,Pelabuhan Domestik Sekupang,lukman hakim,5,2 tahun lalu,,False,True,2026-10-08 20:49:46
Sekupang,Pelabuhan Domestik Sekupang,Asep Awaludin,4,2 tahun lalu,,False,True,2026-10-08 20:49:46
Sekupang,Pelabuhan Domestik Sekupang,Pujakesuma Pradhana,5,3 tahun lalu,,False,True,2026-10-08 20:49:46
Sekupang,Pelabuhan Domestik Sekupang,panji kurniawan,5,3 tahun lalu,,False,True,2026-10-08 20:49:46
Sekupang,Pelabuhan Domestik Sekupang,Polina K,5,3 tahun lalu,,False,False,2026-10-08 20:49:46
Sekupang,Pelabuhan Domestik Sekupang,nurman saputra,5,3 tahun lalu,,False,True,2026-10-08 20:49:46
Sekupang,Pelabuhan Domestik Sekupang,DENI ANDREAN,5,3 tahun lalu,,False,True,2026-10-08 20:49:46
Sekupang,Pelabuhan Domestik Sekupang,Samaria Silitonga,5,3 tahun lalu,,False,False,2026-10-08 20:49:46
Sekupang,Pelabuhan Domestik Sekupang,"Muhammad Alvin Fauzi, S.T.",4,3 tahun lalu,,False,False,2026-10-08 20:49:46
Sekupang,Pelabuhan Domestik Sekupang,Nadzi Tea,5,3 tahun lalu,,False,True,2026-10-08 20:49:46
Sekupang,Pelabuhan Domestik Sekupang,Edy Haryanto,5,3 tahun lalu,,False,True,2026-10-08 20:49:46
Sekupang,Pelabuhan Domestik Sekupang,Fachri Rezaee,5,3 tahun lalu,,False,True,2026-10-08 20:49:46
Sekupang,Pelabuhan Domestik Sekupang,mhd nofrizal,5,3 tahun lalu,,False,False,2026-10-08 20:49:46
Sekupang,Pelabuhan Domestik Sekupang,Pesantren Tahfidz Malikul Qur'an,5,3 tahun lalu,,False,False,2026-10-08 20:49:46
Sekupang,Pelabuhan Domestik Sekupang,Martha Isman,5,3 tahun lalu,,False,True,2026-10-08 20:49:46
Sekupang,Pelabuhan Domestik Sekupang,Hajidin Saputra,5,3 tahun lalu,,False,True,2026-10-08 20:49:46
Sekupang,Pelabuhan Domestik Sekupang,dan ker,5,3 tahun lalu,,False,True,2026-10-08 20:49:46
Sekupang,Pelabuhan Domestik Sekupang,ojek online maxsim,5,3 tahun lalu,,False,True,2026-10-08 20:49:46
Sekupang,Pelabuhan Domestik Sekupang,U Dee Batam,3,3 tahun lalu,,False,True,2026-10-08 20:49:46
Sekupang,Pelabuhan Domestik Sekupang,Aziz Mashuri,5,3 tahun lalu,,False,False,2026-10-08 20:49:46
Sekupang,Pelabuhan Domestik Sekupang,Yatie Safiee,5,3 tahun lalu,,False,True,2026-10-08 20:49:46
Sekupang,Pelabuhan Domestik Sekupang,Arief Rahman Hakim,3,3 tahun lalu,,False,True,2026-10-08 20:49:46
Sekupang,Pelabuhan Domestik Sekupang,Zaitun Pikar,5,4 tahun lalu,,False,False,2026-10-08 20:49:46
Sekupang,Pelabuhan Domestik Sekupang,Erwin Erikson,5,4 tahun lalu,OKE Diterjemahkan oleh Google ・ Lihat versi asli (Inggris),False,True,2026-10-08 20:49:46
Sekupang,Pelabuhan Domestik Sekupang,SONDA NETT,4,4 tahun lalu,,False,True,2026-10-08 20:49:46
Sekupang,Pelabuhan Domestik Sekupang,Setiawan Gilang,4,4 tahun lalu,,False,True,2026-10-08 20:49:46
Sekupang,Pelabuhan Domestik Sekupang,Doddy Kurniawan,5,4 tahun lalu,,False,True,2026-10-08 20:49:46
Sekupang,Pelabuhan Domestik Sekupang,Muhammad Haikal,5,4 tahun lalu,,False,False,2026-10-08 20:49:46
Sekupang,Pelabuhan Domestik Sekupang,Ari Suhanda Purba,4,4 tahun lalu,,False,True,2026-10-08 20:49:46
Sekupang,Pelabuhan Domestik Sekupang,Agung Prasetiyo,5,4 tahun lalu,,False,True,2026-10-08 20:49:46
Sekupang,Pelabuhan Domestik Sekupang,Rony 0607,3,4 tahun lalu,,False,False,2026-10-08 20:49:46
Sekupang,Pelabuhan Domestik Sekupang,Purnomo K.,4,4 tahun lalu,,False,True,2026-10-08 20:49:46
Sekupang,Pelabuhan Domestik Sekupang,Abu Dawud Nasution,3,4 tahun lalu,,False,False,2026-10-08 20:49:46
Sekupang,Pelabuhan Domestik Sekupang,Leni Efriani,4,4 tahun lalu,,False,False,2026-10-08 20:49:46
Sekupang,Pelabuhan Domestik Sekupang,stela ivan,3,4 tahun lalu,,False,False,2026-10-08 20:49:46
Sekupang,Pelabuhan Domestik Sekupang,SANTOSO SKJ TV,5,5 tahun lalu,,False,False,2026-10-08 20:49:46
Sekupang,Pelabuhan Domestik Sekupang,Sri Wahyu,5,5 tahun lalu,,False,False,2026-10-08 20:49:46
Sekupang,Pelabuhan Domestik Sekupang,Iko Batam,4,5 tahun lalu,,False,True,2026-10-08 20:49:46
Sekupang,Pelabuhan Domestik Sekupang,ananda guntur putra,5,5 tahun lalu,,False,False,2026-10-08 20:49:46
Sekupang,Pelabuhan Domestik Sekupang,Zulfikar Tarigan,5,5 tahun lalu,,False,True,2026-10-08 20:49:46
Sekupang,Pelabuhan Domestik Sekupang,intan eliyani,5,5 tahun lalu,,False,False,2026-10-08 20:49:46
Sekupang,Pelabuhan Domestik Sekupang,Melati Edriatos,3,5 tahun lalu,,False,True,2026-10-08 20:49:46
Sekupang,Pelabuhan Domestik Sekupang,sulkhan rosyadi,5,5 tahun lalu,,False,False,2026-10-08 20:49:46
Sekupang,Pelabuhan Domestik Sekupang,abby 88,5,5 tahun lalu,,False,True,2026-10-08 20:49:46
Sekupang,Pelabuhan Domestik Sekupang,Tesa Napitupulu,5,5 tahun lalu,,False,True,2026-10-08 20:49:46
Sekupang,Pelabuhan Domestik Sekupang,Bang farham30,5,5 tahun lalu,,False,False,2026-10-08 20:49:46
Sekupang,Pelabuhan Domestik Sekupang,iswandi 77,4,5 tahun lalu,,False,False,2026-10-08 20:49:46
Sekupang,Pelabuhan Domestik Sekupang,mas yono,4,5 tahun lalu,,False,True,2026-10-08 20:49:46
Sekupang,Pelabuhan Domestik Sekupang,Asep Hermawan,5,5 tahun lalu,,False,False,2026-10-08 20:49:46
Sekupang,Pelabuhan Domestik Sekupang,ALONG JR CHANNEL,5,5 tahun lalu,,False,True,2026-10-08 20:49:46
Sekupang,Pelabuhan Domestik Sekupang,"Lia Aryanto, S.P.",5,5 tahun lalu,,False,True,2026-10-08 20:49:46
Sekupang,Pelabuhan Domestik Sekupang,Syamsuharto Chan,4,5 tahun lalu,,False,True,2026-10-08 20:49:46
Sekupang,Pelabuhan Domestik Sekupang,Tengku Icha,5,5 tahun lalu,,False,False,2026-10-08 20:49:46
Sekupang,Pelabuhan Domestik Sekupang,Khairunnisa nisa,5,5 tahun lalu,,False,False,2026-10-08 20:49:46
Sekupang,Pelabuhan Domestik Sekupang,Asfirman,3,5 tahun lalu,,False,False,2026-10-08 20:49:46
Sekupang,Pelabuhan Domestik Sekupang,Pecky Brother,5,5 tahun lalu,,False,False,2026-10-08 20:49:46
Sekupang,Pelabuhan Domestik Sekupang,Yurnalis Yun,4,5 tahun lalu,,False,True,2026-10-08 20:49:46
Sekupang,Pelabuhan Domestik Sekupang,Wak Adjie,5,5 tahun lalu,,False,True,2026-10-08 20:49:46
Sekupang,Pelabuhan Domestik Sekupang,king vamp,5,5 tahun lalu,,False,False,2026-10-08 20:49:46
Sekupang,Pelabuhan Domestik Sekupang,Teddy Zhang yi Cheng,5,5 tahun lalu,,False,False,2026-10-08 20:49:46
Sekupang,Pelabuhan Domestik Sekupang,arian kenzo,5,5 tahun lalu,,False,False,2026-10-08 20:49:46
Sekupang,Pelabuhan Domestik Sekupang,Herru Satryawan,5,5 tahun lalu,,False,False,2026-10-08 20:49:46
Sekupang,Pelabuhan Domestik Sekupang,Matengah Ginting,5,5 tahun lalu,,False,False,2026-10-08 20:49:46
Sekupang,Pelabuhan Domestik Sekupang,kepo persada,5,6 tahun lalu,,False,False,2026-10-08 20:49:46
Sekupang,Pelabuhan Domestik Sekupang,Muhlisin Sugiono,5,6 tahun lalu,,False,False,2026-10-08 20:49:46
Sekupang,Pelabuhan Domestik Sekupang,Efendi Sugiarto,5,6 tahun lalu,,False,False,2026-10-08 20:49:46
Sekupang,Pelabuhan Domestik Sekupang,ss sikumbang,5,6 tahun lalu,,False,True,2026-10-08 20:49:46
Sekupang,Pelabuhan Domestik Sekupang,Nina Ramli,4,6 tahun lalu,,False,True,2026-10-08 20:49:46
Sekupang,Pelabuhan Domestik Sekupang,Aidul Idham,5,6 tahun lalu,,False,True,2026-10-08 20:49:46
Sekupang,Pelabuhan Domestik Sekupang,Andri HamonanganLgaol,5,6 tahun lalu,,False,True,2026-10-08 20:49:46
Sekupang,Pelabuhan Domestik Sekupang,Joko Sungkono,5,6 tahun lalu,,False,True,2026-10-08 20:49:46
Sekupang,Pelabuhan Domestik Sekupang,Rio Yunardi,4,6 tahun lalu,,False,False,2026-10-08 20:49:46
Sekupang,Pelabuhan Domestik Sekupang,Arie Permana Putra,5,6 tahun lalu,,False,True,2026-10-08 20:49:46
Sekupang,Pelabuhan Domestik Sekupang,Iman Simatupang,5,6 tahun lalu,,False,False,2026-10-08 20:49:46
Sekupang,Pelabuhan Domestik Sekupang,hidayatullah muhammad,4,6 tahun lalu,,False,True,2026-10-08 20:49:46
Sekupang,Pelabuhan Domestik Sekupang,Nur Aida,4,6 tahun lalu,,False,True,2026-10-08 20:49:46
Sekupang,Pelabuhan Domestik Sekupang,Sifaoma zamili Cyvam,5,6 tahun lalu,,False,True,2026-10-08 20:49:46
Sekupang,Pelabuhan Domestik Sekupang,Basari Abdullah,4,6 tahun lalu,,False,False,2026-10-08 20:49:46
Sekupang,Pelabuhan Domestik Sekupang,Yandie TheRev,5,6 tahun lalu,,False,False,2026-10-08 20:49:46
Sekupang,Pelabuhan Domestik Sekupang,Taufik Chandra,5,6 tahun lalu,,False,True,2026-10-08 20:49:46
Sekupang,Pelabuhan Domestik Sekupang,Anwar,4,7 tahun lalu,,False,True,2026-10-08 20:49:46
Sekupang,Pelabuhan Domestik Sekupang,Muhamad Chayat,5,7 tahun lalu,,False,False,2026-10-08 20:49:46
Sekupang,Pelabuhan Domestik Sekupang,danni aprinada,5,7 tahun lalu,,False,True,2026-10-08 20:49:46
Sekupang,Pelabuhan Domestik Sekupang,darmi wati,4,7 tahun lalu,,False,True,2026-10-08 20:49:46
Sekupang,Pelabuhan Domestik Sekupang,Ricky Andhika Gumilang,5,7 tahun lalu,,False,True,2026-10-08 20:49:46
Sekupang,Pelabuhan Domestik Sekupang,Hendarmono Kusuma,4,7 tahun lalu,,False,True,2026-10-08 20:49:46
Sekupang,Pelabuhan Domestik Sekupang,Jasmiati Basyir,4,8 tahun lalu,,False,False,2026-10-08 20:49:46
Sekupang,Pelabuhan Domestik Sekupang,iwan Manurung,1,8 tahun lalu,,False,False,2026-10-08 20:49:46
Sekupang,Pelabuhan Domestik Sekupang,Rizky Fernandez,1,Diedit 8 tahun lalu,,False,True,2026-10-08 20:49:46
Sekupang,Pelabuhan Domestik Sekupang,Agung Sty,3,8 tahun lalu,,False,True,2026-10-08 20:49:46
Sekupang,Pelabuhan Domestik Sekupang,Elvi Sugar,5,8 tahun lalu,,False,True,2026-10-08 20:49:46
Sekupang,Pelabuhan Domestik Sekupang,Nur Seha,5,8 tahun lalu,,False,False,2026-10-08 20:49:46
Sekupang,Pelabuhan Domestik Sekupang,Jahir Ganteng,5,8 tahun lalu,,False,False,2026-10-08 20:49:46
Sekupang,Pelabuhan Domestik Sekupang,Aldo Selamat,4,8 tahun lalu,Oke Diterjemahkan oleh Google ・ Lihat versi asli (Inggris),False,False,2026-10-08 20:49:46
Sekupang,Pelabuhan Domestik Sekupang,amirullah ali,3,8 tahun lalu,,False,False,2026-10-08 20:49:46
Sekupang,Pelabuhan Domestik Sekupang,Suratman Naisa,4,8 tahun lalu,,False,True,2026-10-08 20:49:46
Sekupang,Pelabuhan Domestik Sekupang,wali didi (‫والي ديدي‬),4,8 tahun lalu,,False,True,2026-10-08 20:49:46
Sekupang,Pelabuhan Domestik Sekupang,Fitri FBM,4,8 tahun lalu,,False,True,2026-10-08 20:49:46
Sekupang,Pelabuhan Domestik Sekupang,Muhammad Hafiz,5,8 tahun lalu,,False,True,2026-10-08 20:49:46
Sekupang,Pelabuhan Domestik Sekupang,Muhammad Hanif,5,8 tahun lalu,,False,False,2026-10-08 20:49:46
Sekupang,Pelabuhan Domestik Sekupang,Restu Restu,3,8 tahun lalu,,False,False,2026-10-08 20:49:46
Sekupang,Pelabuhan Domestik Sekupang,Yufrizal Yufri,5,8 tahun lalu,,False,True,2026-10-08 20:49:46
Sekupang,Pelabuhan Domestik Sekupang,Wiro Wijaya,4,8 tahun lalu,,False,True,2026-10-08 20:49:46
Sekupang,Pelabuhan Domestik Sekupang,m45key edU,5,8 tahun lalu,,False,True,2026-10-08 20:49:46
Sekupang,Pelabuhan Domestik Sekupang,Rian Bo,5,9 tahun lalu,,False,True,2026-10-08 20:49:46
Sekupang,Pelabuhan Domestik Sekupang,dongkies,4,9 tahun lalu,,False,True,2026-10-08 20:49:46
Sekupang,Pelabuhan Domestik Sekupang,adi juntax,5,9 tahun lalu,,False,False,2026-10-08 20:49:46
Sekupang,Pelabuhan Domestik Sekupang,Ahmad Naufal,3,9 tahun lalu,,False,False,2026-10-08 20:49:46
Sekupang,Pelabuhan Domestik Sekupang,Imam Wibawa,4,9 tahun lalu,,False,True,2026-10-08 20:49:46
Sekupang,Pelabuhan Domestik Sekupang,Elly Takarina,5,9 tahun lalu,,False,True,2026-10-08 20:49:46
Sekupang,Pelabuhan Domestik Sekupang,Roemah Elta,5,9 tahun lalu,,False,True,2026-10-08 20:49:46
Sekupang,Pelabuhan Domestik Sekupang,muhammad asyraf hazzamy,5,9 tahun lalu,,False,True,2026-10-08 20:49:46
Sekupang,Pelabuhan Domestik Sekupang,achmad,3,9 tahun lalu,,False,False,2026-10-08 20:49:46
Sekupang,Pelabuhan Domestik Sekupang,Cahyo Hartono,4,9 tahun lalu,,False,True,2026-10-08 20:49:46
Sekupang,Pelabuhan Domestik Sekupang,Safaruddin Safaruddin,2,9 tahun lalu,,False,False,2026-10-08 20:49:46
Sekupang,Pelabuhan Domestik Sekupang,Hafiizh Nur Fadillah Wakhid,2,9 tahun lalu,,False,True,2026-10-08 20:49:46
Sekupang,Pelabuhan Domestik Sekupang,Syukron El-amin,1,9 tahun lalu,,False,True,2026-10-08 20:49:46
Sekupang,Pelabuhan Domestik Sekupang,Andi Akhbar,5,9 tahun lalu,,False,True,2026-10-08 20:49:46
Sekupang,Pelabuhan Domestik Sekupang,Anaslametraharjo,4,9 tahun lalu,,False,True,2026-10-08 20:49:46
Sekupang,Pelabuhan Domestik Sekupang,SNS Channel,3,9 tahun lalu,,False,True,2026-10-08 20:49:46
Sekupang,Pelabuhan Domestik Sekupang,Riyanto Adriyan7,1,9 tahun lalu,,False,True,2026-10-08 20:49:46
Sekupang,Pelabuhan Domestik Sekupang,Sriwiyadi Diver,1,9 tahun lalu,,False,False,2026-10-08 20:49:46
Sekupang,Pelabuhan Domestik Sekupang,jacky chen,1,9 tahun lalu,,False,True,2026-10-08 20:49:46
Sekupang,Pelabuhan Domestik Sekupang,Muhammad Syahrawi,5,9 tahun lalu,,False,True,2026-10-08 20:49:46
Sekupang,Pelabuhan Domestik Sekupang,rizka putra,3,9 tahun lalu,,False,True,2026-10-08 20:49:46
Sekupang,Pelabuhan Domestik Sekupang,Ade Armadi,1,9 tahun lalu,,False,False,2026-10-08 20:49:46
Sekupang,Pelabuhan Domestik Sekupang,Asenglim Asenglim,4,9 tahun lalu,,False,False,2026-10-08 20:49:46
Sekupang,Pelabuhan Domestik Sekupang,Diaz Adhyatma,5,9 tahun lalu,,False,True,2026-10-08 20:49:46
Sekupang,Pelabuhan Domestik Sekupang,Mohammed Hossain,5,9 tahun lalu,,False,True,2026-10-08 20:49:46
Sekupang,Pelabuhan Domestik Sekupang,siti nurul qomariyah,5,9 tahun lalu,,False,True,2026-10-08 20:49:46
Sekupang,Pelabuhan Domestik Sekupang,Koko Dinar,5,9 tahun lalu,,False,False,2026-10-08 20:49:46
Sekupang,Pelabuhan Domestik Sekupang,ONE STUDIO,5,9 tahun lalu,,False,True,2026-10-08 20:49:46
Sekupang,Pelabuhan Domestik Sekupang,sandy chen,1,9 tahun lalu,,False,False,2026-10-08 20:49:46
Sekupang,Pelabuhan Domestik Sekupang,Asril fansyuri,5,9 tahun lalu,,False,False,2026-10-08 20:49:46
Sekupang,Pelabuhan Domestik Sekupang,Jaka Mahendra,4,9 tahun lalu,,False,False,2026-10-08 20:49:46
Sekupang,Pelabuhan Domestik Sekupang,Marzuki Sutirto,4,9 tahun lalu,,False,True,2026-10-08 20:49:46
Sekupang,Pelabuhan Domestik Sekupang,Oethis Balqiesh,1,9 tahun lalu,,False,False,2026-10-08 20:49:46
Sekupang,Pelabuhan Domestik Sekupang,heru suseno,3,9 tahun lalu,,False,False,2026-10-08 20:49:46
Sekupang,Pelabuhan Domestik Sekupang,Moeshare 27,5,9 tahun lalu,,False,True,2026-10-08 20:49:46
Sekupang,Pelabuhan Domestik Sekupang,Indah itu ada “Hamba ALLAH” di islam,1,9 tahun lalu,,False,True,2026-10-08 20:49:46
Sekupang,Pelabuhan Domestik Sekupang,PPI Pekanbaru,5,9 tahun lalu,,False,True,2026-10-08 20:49:46
Sekupang,Pelabuhan Domestik Sekupang,Sujito Jito,1,9 tahun lalu,,False,False,2026-10-08 20:49:46
Sekupang,Pelabuhan Domestik Sekupang,Yunus Ardi,5,9 tahun lalu,,False,True,2026-10-08 20:49:46
Sekupang,Pelabuhan Domestik Sekupang,Basri Tio,5,9 tahun lalu,,False,True,2026-10-08 20:49:46
Sekupang,Pelabuhan Domestik Sekupang,nama nya,5,9 tahun lalu,,False,False,2026-10-08 20:49:46
Sekupang,Pelabuhan Domestik Sekupang,Suriyadi Listrik,1,9 tahun lalu,,False,False,2026-10-08 20:49:46
Sekupang,Pelabuhan Domestik Sekupang,Eka Parlita,1,9 tahun lalu,,False,False,2026-10-08 20:49:46
Sekupang,Pelabuhan Domestik Sekupang,Darmawan Batara,2,9 tahun lalu,,False,True,2026-10-08 20:49:46
Sekupang,Pelabuhan Domestik Sekupang,Ismail D,5,9 tahun lalu,,False,True,2026-10-08 20:49:46
Sekupang,Pelabuhan Domestik Sekupang,iswadi tambelan,4,9 tahun lalu,,False,True,2026-10-08 20:49:46
Sekupang,Pelabuhan Domestik Sekupang,hardiansyah 03,5,10 tahun lalu,,False,False,2026-10-08 20:49:46
Sekupang,Pelabuhan Domestik Sekupang,Aams Aams,3,10 tahun lalu,,False,False,2026-10-08 20:49:46
Sekupang,SEKUPANG INTERNATIONAL FERRY TERMINAL,Tontu Seten,1,6 bulan lalu,Pelabuhan terburukdi tiket tertera jam otw sampe jam blm jga berangkat kta karyawan nya nunggu penuhpelanggan disuruh bersabar sementara pihak pelabuhan nya gak mikirin org udh nunggu lama lama gk berangkat jga..,False,False,2026-10-08 20:49:46
Sekupang,SEKUPANG INTERNATIONAL FERRY TERMINAL,Joke Virgins,1,7 bulan lalu,Pelabuhan tidak ramah anak dan lansia Orang-orang pada merokok sembarangan Dalam ruangannya pun tercium residu asap rokok Parah sih ini Sekelas internasional port,False,False,2026-10-08 20:49:46
Sekupang,SEKUPANG INTERNATIONAL FERRY TERMINAL,Noé Aviste,5,9 bulan lalu,"Pelayanannya bagus, ramah, mantap",False,False,2026-10-08 20:49:46
Sekupang,SEKUPANG INTERNATIONAL FERRY TERMINAL,muhamad syifa,1,6 bulan lalu,"Gak ada u-turn , ditutup semua u turnnya Jadi kalau parkir Mau pick up di depan pelabuhan Harus keluar pelabuhan dulu Baru masuk lagi",False,False,2026-10-08 20:49:46
Sekupang,SEKUPANG INTERNATIONAL FERRY TERMINAL,S Triple,1,6 bulan lalu,Ruangan kedatangan berbau rokok Seharusnya Pelabuhan itu wilayah KTR (Kawasan Tanpa Rokok) PELABUHAN ini harus berbenah,False,False,2026-10-08 20:49:46
Sekupang,SEKUPANG INTERNATIONAL FERRY TERMINAL,Mario Henrikus Marbun,5,9 bulan lalu,Pelayanan sangat baik dan tertata rapi. petugas ramah dan informatif. Fasilitas memadai dan area cukup bersih. Pengalaman yang nyaman,False,False,2026-10-08 20:49:46
Sekupang,SEKUPANG INTERNATIONAL FERRY TERMINAL,Lightning kijang,5,9 bulan lalu,"menurut saya nyaman dan cukup rapi. Proses masuknya tertib, petugasnya membantu, dan area tunggunya bersih. Aksesnya juga mudah, jadi tidak ribet kalau mau naik atau turun ferry. Cocok buat yang sering bepergian ke luar Batam karena suasananya tenang dan pelayanannya oke👍.",False,False,2026-10-08 20:49:46
Sekupang,SEKUPANG INTERNATIONAL FERRY TERMINAL,Putri Anggraini,5,9 bulan lalu,tempatnya nyaman dan banyak pilihan oleh oleh untuk buah tangan,False,False,2026-10-08 20:49:46
Sekupang,SEKUPANG INTERNATIONAL FERRY TERMINAL,Andi Elpandi,5,9 bulan lalu,Sangat bagus sekali,False,False,2026-10-08 20:49:46
Sekupang,SEKUPANG INTERNATIONAL FERRY TERMINAL,Muhammad Fadillah Rasha,5,9 bulan lalu,tempatnya bagus dan bersih banget,False,False,2026-10-08 20:49:46
Sekupang,SEKUPANG INTERNATIONAL FERRY TERMINAL,Macademia_P,5,9 bulan lalu,Tempatnya sangat nyaman sebelum pergi menyebrang,False,True,2026-10-08 20:49:46
Sekupang,SEKUPANG INTERNATIONAL FERRY TERMINAL,Indah Mandiri,5,7 bulan lalu,Bawa kucing boleh gak ya d kapal?,False,False,2026-10-08 20:49:46
Sekupang,SEKUPANG INTERNATIONAL FERRY TERMINAL,Rizqy Septiadi Rahmatullah,5,9 bulan lalu,"Tempat nya nyaman, bersih, Pelayanan nya Top banget",False,True,2026-10-08 20:49:46
Sekupang,SEKUPANG INTERNATIONAL FERRY TERMINAL,intan zulaikha,5,9 bulan lalu,bagus bgt pelayanan ny,False,False,2026-10-08 20:49:46
Sekupang,SEKUPANG INTERNATIONAL FERRY TERMINAL,Sipolin z,1,7 bulan lalu,Ruangan tmpt cap paspornya bau rokok Setahu saya harusnya pelabuhan itu tampa rokok,False,False,2026-10-08 20:49:46
Sekupang,SEKUPANG INTERNATIONAL FERRY TERMINAL,zurr,5,9 bulan lalu,tempat nya bagussss ✨ saya sukaa 👍,False,False,2026-10-08 20:49:46
Sekupang,SEKUPANG INTERNATIONAL FERRY TERMINAL,Muhammad Akbar,5,9 bulan lalu,"Tempat nya adem banget dan bagus, cocok buat foto foto",False,False,2026-10-08 20:49:46
Sekupang,SEKUPANG INTERNATIONAL FERRY TERMINAL,Dian Hary Kurniawan,5,9 bulan lalu,"Nyaman, asri. Dan ini adalah pelabuhan internasional pertama di kota batam",True,True,2026-10-08 20:49:46
Sekupang,SEKUPANG INTERNATIONAL FERRY TERMINAL,Dinda Purna Hamdany,5,9 bulan lalu,"pelayanan yang baik dan cepat, semoga tidak berubah selamanya",False,False,2026-10-08 20:49:46
Sekupang,SEKUPANG INTERNATIONAL FERRY TERMINAL,Ojann,5,9 bulan lalu,"Pelayanannya sangat bagus, memang cocok untuk dikasih bintang",False,False,2026-10-08 20:49:46
Sekupang,SEKUPANG INTERNATIONAL FERRY TERMINAL,Yan Haikhal,5,9 bulan lalu,Paling cocok klo mau ke SG dri batam,False,False,2026-10-08 20:49:46
Sekupang,SEKUPANG INTERNATIONAL FERRY TERMINAL,Wahyu Dwi Tama,5,9 bulan lalu,"Sekupang International Ferry Terimal , Terbaik",False,True,2026-10-08 20:49:46
Sekupang,SEKUPANG INTERNATIONAL FERRY TERMINAL,farda imyut,5,9 bulan lalu,tempat nya bagus juga nyaman,False,False,2026-10-08 20:49:46
Sekupang,SEKUPANG INTERNATIONAL FERRY TERMINAL,Khrisna Ajaa,5,9 bulan lalu,tempatnya sangat memukau,False,False,2026-10-08 20:49:46
Sekupang,SEKUPANG INTERNATIONAL FERRY TERMINAL,Uli Lias,5,9 bulan lalu,tempatnya indah luas dengan view laut yang indah,False,False,2026-10-08 20:49:46
Sekupang,SEKUPANG INTERNATIONAL FERRY TERMINAL,Syafka,5,9 bulan lalu,"PELAYANAN NYA MANTAPP, KAPAN KAPAN KESINI LAGI",False,False,2026-10-08 20:49:46
Sekupang,SEKUPANG INTERNATIONAL FERRY TERMINAL,annaa,5,9 bulan lalu,"bagus banget, suka deh",False,False,2026-10-08 20:49:46
Sekupang,SEKUPANG INTERNATIONAL FERRY TERMINAL,Itsuki Chan,5,9 bulan lalu,"Keren banget, kapan kapan kesini lagi hehe",False,False,2026-10-08 20:49:46
Sekupang,SEKUPANG INTERNATIONAL FERRY TERMINAL,BatPersonsAlter,5,9 bulan lalu,Baguss tempat ferrynya,False,False,2026-10-08 20:49:46
Sekupang,SEKUPANG INTERNATIONAL FERRY TERMINAL,sahroni,5,9 bulan lalu,tempat nya bagus,False,False,2026-10-08 20:49:46
Sekupang,SEKUPANG INTERNATIONAL FERRY TERMINAL,Filza Yulaini rahma 7D,5,9 bulan lalu,"sangat baik,dan juga nyaman",False,False,2026-10-08 20:49:46
Sekupang,SEKUPANG INTERNATIONAL FERRY TERMINAL,caisar dzaky,5,9 bulan lalu,tempatnya bersih,False,False,2026-10-08 20:49:46
Sekupang,SEKUPANG INTERNATIONAL FERRY TERMINAL,Sie nyun cian Antoni,5,9 bulan lalu,Bagus banget tempat nya,False,False,2026-10-08 20:49:46
Sekupang,SEKUPANG INTERNATIONAL FERRY TERMINAL,MASS KUNCORO,5,9 bulan lalu,Sekupang ferry terbaik,False,False,2026-10-08 20:49:46
Sekupang,SEKUPANG INTERNATIONAL FERRY TERMINAL,M Ridho,5,9 bulan lalu,Puas banget,False,False,2026-10-08 20:49:46
Sekupang,SEKUPANG INTERNATIONAL FERRY TERMINAL,Sarah Naillah,5,9 bulan lalu,Kerenn banget,False,False,2026-10-08 20:49:46
Sekupang,SEKUPANG INTERNATIONAL FERRY TERMINAL,Ebi Gael Hutahean,5,9 bulan lalu,Mudah dan Praktis,False,False,2026-10-08 20:49:46
Sekupang,SEKUPANG INTERNATIONAL FERRY TERMINAL,Dinda Maya,5,9 bulan lalu,👍🏻👍🏻👍🏻,False,False,2026-10-08 20:49:46
Sekupang,SEKUPANG INTERNATIONAL FERRY TERMINAL,Rifky Rafansyah,5,9 bulan lalu,Bagus,False,False,2026-10-08 20:49:46
Sekupang,SEKUPANG INTERNATIONAL FERRY TERMINAL,Shynja,5,9 bulan lalu,kereeenn,False,False,2026-10-08 20:49:46
Sekupang,SEKUPANG INTERNATIONAL FERRY TERMINAL,faizal toni,3,6 bulan lalu,"Panas banget!! Harus menunggu 3 jam untuk feri berikutnya, badanku berkeringat, keringat mengalir dari ketiakku... Diterjemahkan oleh Google ・ Lihat versi asli (Inggris)",False,True,2026-10-08 20:49:46
Sekupang,SEKUPANG INTERNATIONAL FERRY TERMINAL,Aditya Renger,5,9 bulan lalu,"Layanan pelabuhan yang bersih, aman, dan efisien. Pengalaman yang sangat memuaskan. Diterjemahkan oleh Google ・ Lihat versi asli (Inggris)",False,False,2026-10-08 20:49:46
Sekupang,SEKUPANG INTERNATIONAL FERRY TERMINAL,Jojo N.,2,5 bulan lalu,"Terminal feri internasional Sekupang telah berubah menjadi tempat yang suram. Hampir tidak ada layanan yang tersedia, pedagang telah tutup, karena kenaikan sewa sebesar 30%. Ini bukan cara untuk menarik penumpang yang membayar. Lebih baik berjalan kaki 3 menit ke terminal domestik untuk mendapatkan lebih banyak pilihan yang masuk akal. Langkah pertama adalah mengurangi harga tiket feri ke Singapura, 50 dolar AS per orang akan masuk akal. Pastikan Anda memiliki cukup pedagang yang menawarkan makanan atau barang menarik dengan harga yang wajar, bukan harga Singapura, ingat ini Batam. Manajemen terminal baru benar-benar perlu memiliki ide yang lebih baik daripada hanya menaikkan sewa dan mengusir pedagang. Diterjemahkan oleh Google ・ Lihat versi asli (Inggris)",False,True,2026-10-08 20:49:46
Sekupang,SEKUPANG INTERNATIONAL FERRY TERMINAL,[Adelio],5,9 bulan lalu,Tempat yang cukup bagus Diterjemahkan oleh Google ・ Lihat versi asli (Inggris),False,False,2026-10-08 20:49:46
Sekupang,SEKUPANG INTERNATIONAL FERRY TERMINAL,Safariani Safariani,5,9 bulan lalu,sangat bagus Diterjemahkan oleh Google ・ Lihat versi asli (Melayu),False,False,2026-10-08 20:49:46
Sekupang,SEKUPANG INTERNATIONAL FERRY TERMINAL,Dede bayu,5,9 bulan lalu,Indah dan matahari terbenam Diterjemahkan oleh Google ・ Lihat versi asli (Inggris),False,False,2026-10-08 20:49:46
Sekupang,SEKUPANG INTERNATIONAL FERRY TERMINAL,rei4 kecebgt,5,9 bulan lalu,Luar biasa!!! ❤️ Diterjemahkan oleh Google ・ Lihat versi asli (Inggris),False,False,2026-10-08 20:49:46
Sekupang,SEKUPANG INTERNATIONAL FERRY TERMINAL,Loooki,2,2 minggu lalu,Masih tua dan bobrok Diterjemahkan oleh Google ・ Lihat versi asli (Inggris),False,True,2026-10-08 20:49:46
Sekupang,SEKUPANG INTERNATIONAL FERRY TERMINAL,Zu Sebastian,5,sebulan lalu,,False,False,2026-10-08 20:49:46
Sekupang,SEKUPANG INTERNATIONAL FERRY TERMINAL,K fC,4,3 bulan lalu,,False,True,2026-10-08 20:49:46
Sekupang,SEKUPANG INTERNATIONAL FERRY TERMINAL,Salomo Marbun,5,4 bulan lalu,,False,True,2026-10-08 20:49:46
Sekupang,SEKUPANG INTERNATIONAL FERRY TERMINAL,Desta aja,5,5 bulan lalu,,False,False,2026-10-08 20:49:46
Sekupang,SEKUPANG INTERNATIONAL FERRY TERMINAL,Muthu Kumar,5,7 bulan lalu,,False,True,2026-10-08 20:49:46
Sekupang,SEKUPANG INTERNATIONAL FERRY TERMINAL,Rizki Kuncoro,5,9 bulan lalu,,False,False,2026-10-08 20:49:46
Sekupang,SEKUPANG INTERNATIONAL FERRY TERMINAL,Rosalia Anselta,5,9 bulan lalu,,False,False,2026-10-08 20:49:46
Sekupang,SEKUPANG INTERNATIONAL FERRY TERMINAL,Fitri_ Handayani,5,9 bulan lalu,,False,False,2026-10-08 20:49:46
Sekupang,SEKUPANG INTERNATIONAL FERRY TERMINAL,Zulkarnain Zul,5,9 bulan lalu,,False,False,2026-10-08 20:49:46
Sekupang,SEKUPANG INTERNATIONAL FERRY TERMINAL,ARIF,5,9 bulan lalu,,False,True,2026-10-08 20:49:46
Sekupang,SEKUPANG INTERNATIONAL FERRY TERMINAL,Resti,5,9 bulan lalu,,False,False,2026-10-08 20:49:46
Sekupang,SEKUPANG INTERNATIONAL FERRY TERMINAL,hanya untukmine,5,9 bulan lalu,,False,False,2026-10-08 20:49:46
Sekupang,SEKUPANG INTERNATIONAL FERRY TERMINAL,estiana ritonga,5,9 bulan lalu,,False,False,2026-10-08 20:49:46
Sekupang,SEKUPANG INTERNATIONAL FERRY TERMINAL,Gigaanandaputra,5,9 bulan lalu,,False,False,2026-10-08 20:49:46
Sekupang,SEKUPANG INTERNATIONAL FERRY TERMINAL,Zayyan Lughawi,5,9 bulan lalu,,False,False,2026-10-08 20:49:46
Sekupang,SEKUPANG INTERNATIONAL FERRY TERMINAL,Raisha Khumaira,5,9 bulan lalu,,False,False,2026-10-08 20:49:46
Sekupang,SEKUPANG INTERNATIONAL FERRY TERMINAL,Heaven Surga,5,9 bulan lalu,,False,False,2026-10-08 20:49:46
Sekupang,SEKUPANG INTERNATIONAL FERRY TERMINAL,RIZKY ALVIN,5,9 bulan lalu,,False,False,2026-10-08 20:49:46
Sekupang,SEKUPANG INTERNATIONAL FERRY TERMINAL,Rikky Setia Pratama,5,9 bulan lalu,,False,False,2026-10-08 20:49:46
Sekupang,SEKUPANG INTERNATIONAL FERRY TERMINAL,under cover,5,9 bulan lalu,,False,False,2026-10-08 20:49:46
Sekupang,SEKUPANG INTERNATIONAL FERRY TERMINAL,nnfal skiee,5,9 bulan lalu,,False,False,2026-10-08 20:49:46
Sekupang,SEKUPANG INTERNATIONAL FERRY TERMINAL,Velira Zky,5,9 bulan lalu,,False,False,2026-10-08 20:49:46
Sekupang,SEKUPANG INTERNATIONAL FERRY TERMINAL,Suci Rahmadhani,5,9 bulan lalu,,False,False,2026-10-08 20:49:46
Sekupang,SEKUPANG INTERNATIONAL FERRY TERMINAL,Rossa Indriana,5,9 bulan lalu,,False,False,2026-10-08 20:49:46
Sekupang,SEKUPANG INTERNATIONAL FERRY TERMINAL,Zevandra Raffaul,5,9 bulan lalu,,False,False,2026-10-08 20:49:46
Sekupang,SEKUPANG INTERNATIONAL FERRY TERMINAL,aurelia gizka prowny shalsabila,5,9 bulan lalu,,False,False,2026-10-08 20:49:46
Sekupang,SEKUPANG INTERNATIONAL FERRY TERMINAL,Nabillaayuu Ramadhanni,5,9 bulan lalu,,False,False,2026-10-08 20:49:46
Sekupang,SEKUPANG INTERNATIONAL FERRY TERMINAL,Hanabi Kazumi,5,9 bulan lalu,,False,False,2026-10-08 20:49:46
Sekupang,SEKUPANG INTERNATIONAL FERRY TERMINAL,HeroicPixel,5,9 bulan lalu,,False,False,2026-10-08 20:49:46
Sekupang,SEKUPANG INTERNATIONAL FERRY TERMINAL,Rini Salsabila,5,9 bulan lalu,,False,False,2026-10-08 20:49:46
Sekupang,Sekupang,Fredianto Nugroho,5,8 tahun lalu,"Pelabuhan sudah modern, benar benar seperti pelabuhan Internasional. Tidak ada kekurangan sama sekali kecuali jalan menuju ke Trans Batam yang agak jauh (bukan di dalam pelabuhan sekalian) dan jalan menuju ke Terminal Trans Batam banyak yang tawarin buat naik angkutan mahal lagi",True,True,2026-10-08 20:49:46
Sekupang,Sekupang,Satria Hutasoit,3,7 tahun lalu,Ada perubahan lah setelah sekian lama tapi hanya di gedung nya saja,True,True,2026-10-08 20:49:46
Sekupang,Sekupang,Vina Prastianty,3,setahun lalu,"Di pelabuhan sekupang batam-singapura tidak nyaman, ac mya tidak dingin, lokasinya tidak bersih",False,False,2026-10-08 20:49:46
Sekupang,Sekupang,Ita ani,3,10 tahun lalu,"Pelabuhan nya sangat bersih, tapi alangkah baiknya stuff imigrasi jangan telat kalau pagi, kasian orang yang harus kerja pagi ambil first ferry bila terlambat masuk kerja.",False,False,2026-10-08 20:49:46
Sekupang,Sekupang,Rocky Maru,4,9 tahun lalu,Pelabuhan ferry sekupang sekarang sudah bersih bagus tapi sepi..kalau mau ke singapore bagus dari pelabuhan ferry sekupang lrbih cepat karna sepi jadi tidak terlalu lama antri di imigrasi..recomended,True,True,2026-10-08 20:49:46
Sekupang,Sekupang,Maria Magdalena,3,9 tahun lalu,Bangunan barunya makin bagus dan nyaman dengan lebih banyak kursi dan ruang ber-AC. Semoga bebas rokok juga.,False,True,2026-10-08 20:49:46
Sekupang,Sekupang,sulistyono raharjo,4,10 tahun lalu,Untuk penduduk kuar daerah dulu suruh membayar jaminan. Tp setelah meninggalkan batam uang jaminannya dikembalikan,False,True,2026-10-08 20:49:46
Sekupang,Sekupang,Dwik P.S,5,8 tahun lalu,"Wow untuk terminal pelabuhan sekarang ya. Sudah lama tak berkunjung ke pelabuhan, sempat lupa sedang berada di airport atau pelabuhan. Masyarakat pengguna pelabuhan sudah lebih aman",False,True,2026-10-08 20:49:46
Sekupang,Sekupang,Laode Bakti,5,9 tahun lalu,Pelabuhannya bersih dan nyaman,True,True,2026-10-08 20:49:46
Sekupang,Sekupang,Vinsent Alexandro,4,10 tahun lalu,"Pelabuhan terbaik yang ada di Batam. Petugas imigrasi nya ramah, taxi mudah didapat",False,True,2026-10-08 20:49:46
Sekupang,Sekupang,Elvi Sugar,5,9 tahun lalu,Pelabuhan internasional ini sebentar lagi akan bagus.. Karena sekarang dalan tahap renovasi,False,True,2026-10-08 20:49:46
Sekupang,Sekupang,Manutur Siringoringo,5,8 tahun lalu,"Tempat nyaman lahan parkir luas, adem ,asri,ac sejuk,pelayanan memuaskan",False,True,2026-10-08 20:49:46
Sekupang,Sekupang,Kodrat Suandageni,4,9 tahun lalu,Renovasi hampir selesai . Pelabuhan yang cukup besar dan bagus..,False,True,2026-10-08 20:49:46
Sekupang,Sekupang,fenix_renascentia,4,setahun lalu,Pelabuhan ferry domestik.,True,True,2026-10-08 20:49:46
Sekupang,Sekupang,Oppo Smartphone,4,11 tahun lalu,"2003,14 Nov dimana saya pertama menginjakkan kaki di batam melalui pelabuhan ini,,,,",False,False,2026-10-08 20:49:46
Sekupang,Sekupang,BOWO WIBOWO,4,7 tahun lalu,Tempat yg tenang untuk bersantai dan refreshing di hari libur,False,True,2026-10-08 20:49:46
Sekupang,Sekupang,Shalahuddin Umar,3,9 tahun lalu,Pelabuhannya selain dekat fasilitasnya juga sudah oke,False,True,2026-10-08 20:49:46
Sekupang,Sekupang,Harith Activity,3,7 tahun lalu,Pelabuhan domestik tak senyaman pelabuhan intern.,False,True,2026-10-08 20:49:46
Sekupang,Sekupang,xie kauti,2,11 tahun lalu,Bulan yg lalu pulkam dari terminal skp.,False,True,2026-10-08 20:49:46
Sekupang,Sekupang,Aye aye Captain,4,7 tahun lalu,"Udah bagus, tertib dan ber AC",False,True,2026-10-08 20:49:46
Sekupang,Sekupang,iman amin,1,6 tahun lalu,Tak boleh pesan taxi online,False,True,2026-10-08 20:49:46
Sekupang,Sekupang,Ramadli,3,10 tahun lalu,Lumayan Keamanan nya terjaga,False,True,2026-10-08 20:49:46
Sekupang,Sekupang,fahri muhammad,5,Diedit 9 tahun lalu,"This photo taken when ""mudik lebaran""",False,True,2026-10-08 20:49:46
Sekupang,Sekupang,Atuak Lintau,5,3 tahun lalu,Bagus servise nya,False,True,2026-10-08 20:49:46
Sekupang,Sekupang,Syafrizal Virgo,5,7 tahun lalu,Ruang Tunggu,True,True,2026-10-08 20:49:46
Sekupang,Sekupang,Erwin Prayoga,5,9 tahun lalu,Nyaman parkiran luas,False,True,2026-10-08 20:49:46
Sekupang,Sekupang,ᄅ ᄐ ᄂ ᄆ,5,6 tahun lalu,Terminal domestik yg cakep,False,True,2026-10-08 20:49:46
Sekupang,Sekupang,Cahyana Wiyana,2,9 tahun lalu,Jaman Otorita pernah jaya,False,False,2026-10-08 20:49:46
Sekupang,Sekupang,GBI Taman Laguna Indah,5,10 tahun lalu,Tempat yang disiplin dan bersih,False,True,2026-10-08 20:49:46
Sekupang,Sekupang,Miralza Diza,5,10 tahun lalu,Nyaman...,False,True,2026-10-08 20:49:46
Sekupang,Sekupang,Rulifa Rulifa,4,10 tahun lalu,Sangat dekat dengan singapore,False,True,2026-10-08 20:49:46
Sekupang,Sekupang,Asmul Muhammad,3,11 tahun lalu,Keren..,False,False,2026-10-08 20:49:46
Sekupang,Sekupang,David Setiyadi,4,9 tahun lalu,Pelabuhan domestik dan international,False,True,2026-10-08 20:49:46
Sekupang,Sekupang,Abi Fakhri,3,11 tahun lalu,Mudik bulann..,False,True,2026-10-08 20:49:46
Sekupang,Sekupang,Rinnie Sutarto,5,10 tahun lalu,Bagus,False,True,2026-10-08 20:49:46
Sekupang,Sekupang,for yoys,1,4 bulan lalu,"Hati-hati dengan porter! Ini adalah kali kedua saya di terminal feri Sekupang dan biasanya setelah mendapatkan cap paspor dari Imigrasi Indonesia, saya berjalan untuk mendapatkan kartu kedatangan dengan kode QR untuk dipindai, langkah terakhir adalah memasukkan tas saya ke mesin sinar-X dan mengambilnya setelah melewati mesin. Biasanya bagasi akan berada di samping mesin sinar-X, tetapi entah kenapa saya tidak dapat menemukannya dan saya bertanya dan melihat bahwa bagasi berada di luar area penurunan bagasi. Ketika hendak mengambil bagasi saya, saya menyerahkan bukti penerimaan bagasi kepada porter, tetapi entah kenapa porter tersebut meminta uang! Saya mengatakan kepada mereka bahwa tidak ada yang meminta mereka untuk mengambil bagasi kami dan mengapa kami harus membayar untuk layanan yang tidak pernah kami minta bantuan siapa pun untuk memuat dan menurunkan bagasi kami, yang dapat kami lakukan sendiri. Jumlah yang mereka minta saya kira sekitar 40.000 hingga 100.000 rupiah. Saya tidak akan pernah mendukung layanan porter yang korup seperti itu dan saya langsung bersikap tegas dan mengatakan kepada mereka dalam bahasa Indonesia bahwa tidak ada yang namanya membayar kepada mereka. Memang benar, Batam memiliki salah satu terminal feri dengan korupsi terburuk. Saya tidak akan pernah mengunjungi Batam lagi karena pengalaman sekali itu akan menjadi yang terakhir, dan perlu diingat saya telah mengunjungi Batam setidaknya 6 kali dalam 10 tahun terakhir dan tidak ada yang berubah kecuali sistem yang korup. Ingat, jangan sampai tertipu dan membayar porter, cukup katakan tidak dengan tegas dan pergi. Diterjemahkan oleh Google ・ Lihat versi asli (Inggris)",False,False,2026-10-08 20:49:46
Sekupang,Sekupang,Cullen帝国,4,setahun lalu,"Tidak semua berbicara bahasa Inggris, tetapi orang-orang dan stafnya ramah. Hanya saja, mitra Grab Car akan mengantar Anda ke tempat lain jika Anda tidak memesan terlebih dahulu. Mereka akan mengatakan akan menunggu Anda setelah pemesanan Grab selesai... seperti kontrak. Pastikan Anda mengaktifkan eSIM atau roaming untuk data. Mereka menggunakan WhatsApp. Diterjemahkan oleh Google ・ Lihat versi asli (Inggris)",True,True,2026-10-08 20:49:46
Sekupang,Sekupang,Yogi Kwok,4,7 tahun lalu,"Sistem antrian bisa lebih baik, belum pernah melihat kekacauan seperti ini saat check-in, bahkan dengan gerbang otomatis. Terminal baru bersih. Diterjemahkan oleh Google ・ Lihat versi asli (Inggris)",True,True,2026-10-08 20:49:46
Sekupang,Sekupang,Ludwig Simek,3,3 tahun lalu,"Beberapa speedboat berangkat dari sini ke Sumatra dan pulau-pulau sekitarnya. Kami naik satu ke Kuala Lumpur dengan harga 612.000 rupee yang lumayan mahal. Sayangnya, penerbangan ke Jakarta hampir lebih murah. Pelabuhannya sendiri sangat baik. Petugas di meja informasi ramah dan membantu. Staf di loket tiket agak terlalu bersemangat, tetapi kami tetap mendapatkan tiket. Ada restoran yang bagus di seberang jalan. Kapalnya penuh petualangan, cepat, dan stabil. Modelnya sangat tua, ditenagai oleh lima motor tempel yang luar biasa berisik, tetapi tampaknya bertenaga. Kami berangkat tepat pukul 10.00 pagi dan tiba di tujuan tepat pukul 17.00, termasuk istirahat makan siang selama setengah jam. Suara mesin dan pemutaran video yang terus-menerus keras dari ponsel sangat mengganggu. Orang-orang di sini tidak sopan dan tidak punya sopan santun. Setidaknya banyak dari mereka yang begitu. Bahkan beberapa awak kapal. Perjalanan menyusuri garis pantai hampir sepanjang perjalanan. Perahu berhenti beberapa kali dan menyeberangi sungai besar di pedalaman Sumatra. Hanya setengah jam terakhir yang membawa kami menyeberangi lautan lepas. Di Kuala Lumpur, kami disambut dengan hangat dan diizinkan berfoto selfie dengan pemuda setempat. Daerah ini sangat Muslim, dan kami harus mencari cukup lama sebelum sebuah hotel mau memberi kami kamar ganda tanpa perlu bukti pernikahan (meskipun kami sudah menikah selama 12 tahun). Kami tidak mengalami hal seperti itu di tempat lain di Indonesia. Diterjemahkan oleh Google ・ Lihat versi asli (Jerman)",False,True,2026-10-08 20:49:46
Sekupang,Sekupang,Nandhini Devi,1,3 tahun lalu,"Saya bekerja di Singapura dan membawa anak-anak dan mertua saya (pemegang izin kunjungan) ke Batam karena libur panjang akhir pekan. Itu adalah pengalaman pahit di mana keluarga saya, termasuk 2 anak (2 dan 6 tahun), ditahan di dalam ruangan tanpa alasan yang jelas selama hampir 2 jam. Kami menunggu selama 15 menit tanpa tahu apa-apa dan menyadari bahwa petugas yang seharusnya bertugas malah makan siang, merokok, dan tertawa dengan pekerja lain tanpa menyadari bahwa ada orang tua dan anak-anak kecil di dalam ruangan kecil yang pengap itu. Saya merasa mereka seharusnya melayani kami terlebih dahulu atau setidaknya memberikan penjelasan. Lagipula, kami tidak berada di sana untuk mendapatkan layanan gratis. Saya keluar karena asap rokok dan mereka meminta kami untuk tetap di dalam. Kami diperlakukan tidak lebih dari penjahat dan benar-benar diperlakukan dengan buruk. Setelah satu jam, seorang pria masuk dan akhirnya saya mengerti bahwa mereka mengira kami berada di sana untuk perpanjangan visa. Saya ditanya mengapa kami tidak pergi ke Malaysia, padahal itu adalah pilihan saya untuk melakukan apa pun yang saya inginkan dan itu tidak pernah disebutkan di mana pun dalam pedoman imigrasi. Mereka meminta 100 dolar untuk membiarkan kami pergi setelah 1,5 jam. Saya meminta paspor kami dikembalikan agar kami bisa pulang, tetapi mereka tidak pernah mengembalikannya. Kemudian, kepala imigrasi datang, mencap paspor kami, mengembalikan uang kami, dan meminta maaf. Saya merasa mereka sangat rasis dan bersikap dingin terhadap orang-orang dari India. Saya tidak akan pernah kembali lagi. Saya benar-benar membencinya, lupakan soal menjadi petugas yang berpendidikan, orang-orang ini sangat gila sehingga mereka harus belajar bagaimana memperlakukan sesama manusia. Diterjemahkan oleh Google ・ Lihat versi asli (Inggris)",False,False,2026-10-08 20:49:46
Sekupang,Sekupang,Domagoj Pribanic,4,Diedit 10 tahun lalu,"Tempatnya tampak modern, tertata rapi, dan terawat dengan baik. Tempatnya kecil dan sangat sederhana. Proses melewati kontrol perbatasan, bea cukai, dan boarding berjalan cepat, meskipun saat kami berkunjung, tempat itu jelas tidak terlalu ramai. Wanita di konter cukup baik untuk mencetak ulang boarding pass kami yang tertinggal di resor secara gratis. Pilihan tempat makan terbatas. Pilihan bebas bea juga terbatas. Diterjemahkan oleh Google ・ Lihat versi asli (Inggris)",False,True,2026-10-08 20:49:46
Sekupang,Sekupang,楊維真,1,8 tahun lalu,"Pada perjalanan pertama saya ke Indonesia, saya disambut oleh petugas bea cukai yang bertindak seperti perampok begitu saya turun dari pesawat. Mereka meminta 100 dolar Singapura sebelum mengizinkan saya dan bayi saya masuk, dengan alasan saya telah tinggal di Singapura selama lebih dari 30 hari. Namun, kami telah mengajukan dan menerima persetujuan perpanjangan visa di Singapura, dengan membayar pemerintah Singapura 30 dolar per orang. Setelah menunjukkan bukti perpanjangan visa dan tiket pulang kami, mereka tidak dapat memberikan alasan lain dan langsung mulai menawar harga Ada turis lain di ruangan kecil itu, dan para petugas di dalamnya tampak santai, dengan televisi menyala keras (mungkin untuk menghindari perekaman). Ketidakadilan seperti ini terjadi di sini setiap hari. Diterjemahkan oleh Google ・ Lihat versi asli (Tionghoa)",False,False,2026-10-08 20:49:46
Sekupang,Sekupang,Emtiaj Sohag,5,9 tahun lalu,Tempat ini memiliki lingkungan yang bersih dan staf yang ramah. Mudah diakses dari Singapura. Diterjemahkan oleh Google ・ Lihat versi asli (Inggris),True,True,2026-10-08 20:49:46
Sekupang,Sekupang,Tengku Mhdiqbal,1,setahun lalu,"Wanita di tempat penitipan bagasi sangat tidak sopan. Wanita berkacamata itu, sama sekali tidak ramah. Selalu bermain dengan ponselnya. Bahkan ketika saya berdiri di depannya, dia tetap saja bermain ponsel dan mengabaikan saya. Diterjemahkan oleh Google ・ Lihat versi asli (Inggris)",False,False,2026-10-08 20:49:46
Sekupang,Sekupang,Gid Teo,4,9 tahun lalu,"Terminal Feri Sekupang - Saat melewati bea cukai, ingatlah untuk tidak makan, minum, dan berbicara seperti yang tertulis di papan pengumuman. Petugas bea cukai tidak terlalu ramah dan jika Anda tertangkap melanggar aturan di atas, Anda akan diminta untuk mengantre ulang. Terdapat toilet tepat di samping tiang antrean. Setelah melewati bea cukai, terdapat tempat penukaran uang tepat sebelum gerbang keluar. Para pelancong dapat menukar uang di menit-menit terakhir. Diterjemahkan oleh Google ・ Lihat versi asli (Inggris)",False,True,2026-10-08 20:49:46
Sekupang,Sekupang,Godfrey Beltran,1,9 tahun lalu,"Batam, Indonesia, adalah negara paling korup yang pernah kami kunjungi. Bahkan petugas imigrasi wanita pun akan meminta uang untuk kopi. Saya dan keluarga saya pergi ke sana untuk liburan singkat, tetapi kami tidak tahu bahwa mereka sangat korup. Saat kami berada di kantor imigrasi, mereka menahan keluarga saya, termasuk saudara ipar saya yang berusia 16 tahun dan keponakan istri saya yang berusia 11 tahun. Saya menggendong putri kami selama lebih dari 20 menit menunggu mereka keluar dari kantor. Istri saya pergi ke kantor untuk menanyakan apa masalahnya. Petugas senior langsung meminta 200 SGD dan bahkan tidak bisa menjelaskan untuk apa uang itu. Apakah ada biaya masuk yang harus kami bayar? Serius? Ini lebih korup daripada negara saya. Singkat cerita, kami menawar harga dan mereka membiarkan keluarga saya pergi dengan membayar 100 SGD. Satu-satunya alasan yang mereka berikan adalah karena Singapura akan memberi kami perpanjangan izin kunjungan selama 30 hari lagi. Jadi kami harus membayar harganya? Omong kosong. Saya akan mengerti jika kami sedang mencari pekerjaan dan ingin kembali ke Singapura tetapi tidak jadi. Dan menggendong anak berusia 11 tahun dan 16 tahun? 😤 Kerja bagus Batam! Saya tidak akan pernah kembali ke sana lagi! Tidak akan pernah. Jadi, para turis harap berhati-hati! Batam mengenakan biaya masuk! Sungguh memalukan. #BatamKorup Diterjemahkan oleh Google ・ Lihat versi asli (Inggris)",False,False,2026-10-08 20:49:46
Sekupang,Sekupang,Fatma vhey,4,7 tahun lalu,Tempat itu jauh. Pelabuhan yang menuju ke belakang lapangan harus diperbaiki lagi. Ada banyak sampah di jalan menuju pelabuhan di belakang lapangan. Diterjemahkan oleh Google ・ Lihat versi asli (Melayu),False,True,2026-10-08 20:49:46
Sekupang,Sekupang,Yusuf Syarif,4,3 tahun lalu,"Pelabuhan terawat dengan baik dan pelayanannya cepat sejak saya datang ke sini pada tahun 2017. Terdapat beberapa kios untuk toko serba ada, tempat makan, tempat membeli suvenir, dan lain-lain. Diterjemahkan oleh Google ・ Lihat versi asli (Inggris)",False,True,2026-10-08 20:49:46
Sekupang,Sekupang,Brian Loh,4,Diedit 6 tahun lalu,"bersih, rapi, terminal, tidak terlalu ramai Diterjemahkan oleh Google ・ Lihat versi asli (Inggris)",True,True,2026-10-08 20:49:46
Sekupang,Sekupang,Kt Tan,4,7 tahun lalu,Terminal Feri Lain jika Anda datang dari Singapura Diterjemahkan oleh Google ・ Lihat versi asli (Inggris),True,True,2026-10-08 20:49:46
Sekupang,Sekupang,Om Pathak,3,3 tahun lalu,Pelabuhan yang sangat tenang! Tidak ada antrian di imigrasi. Petugasnya tegas. Jangan lupa membawa mata uang Indonesia dalam bentuk tunai! Diterjemahkan oleh Google ・ Lihat versi asli (Inggris),False,True,2026-10-08 20:49:46
Sekupang,Sekupang,AGALIVIR Asotnes,4,9 tahun lalu,Ruang tunggu yang bersih dan nyaman untuk penumpang Majustic. Diterjemahkan oleh Google ・ Lihat versi asli (Inggris),True,True,2026-10-08 20:49:46
Sekupang,Sekupang,Ferri Aguswan,4,6 tahun lalu,Terminal feri domestik dan internasional Diterjemahkan oleh Google ・ Lihat versi asli (Inggris),True,True,2026-10-08 20:49:46
Sekupang,Sekupang,Erwin Leonardi,4,9 tahun lalu,Terminal kecil. Proses pengurusan dokumen cepat pada hari kerja. Area parkir luas. Diterjemahkan oleh Google ・ Lihat versi asli (Inggris),False,True,2026-10-08 20:49:46
Sekupang,Sekupang,Suranga Premakumara,3,6 tahun lalu,"Bagus, tetapi tidak bisa dibandingkan dengan terminal di Singapura. Diterjemahkan oleh Google ・ Lihat versi asli (Inggris)",False,False,2026-10-08 20:49:46
Sekupang,Sekupang,abdel alatas,4,8 tahun lalu,Bagus... Diterjemahkan oleh Google ・ Lihat versi asli (Inggris),True,True,2026-10-08 20:49:46
Sekupang,Sekupang,박성,5,6 tahun lalu,"Orang-orang di sini pandai menipu orang, jadi keluarlah sejauh 100 meter dan tangkap mereka! Diterjemahkan oleh Google ・ Lihat versi asli (Korea)",False,False,2026-10-08 20:49:46
Sekupang,Sekupang,Hendra Gunawan,4,8 tahun lalu,45 menit ke Singapura Diterjemahkan oleh Google ・ Lihat versi asli (Inggris),True,True,2026-10-08 20:49:46
Sekupang,Sekupang,Muhammad Syukron Syukron,3,10 tahun lalu,Tertip dan tratur demi kslamatan pnunpang,False,False,2026-10-08 20:49:46
Sekupang,Sekupang,Tin,4,8 tahun lalu,,True,True,2026-10-08 20:49:46
Sekupang,Sekupang,Elvis Kwok,5,8 tahun lalu,Sangat menyenangkan Diterjemahkan oleh Google ・ Lihat versi asli (Inggris),True,True,2026-10-08 20:49:46
Sekupang,Sekupang,Galileo Flores,5,11 tahun lalu,Saya memiliki pengalaman yang menyenangkan. Diterjemahkan oleh Google ・ Lihat versi asli (Inggris),False,False,2026-10-08 20:49:46
Sekupang,Sekupang,ambok Daeng,5,2 tahun lalu,Terminal feri yang nyaman dan santai. Diterjemahkan oleh Google ・ Lihat versi asli (Inggris),False,True,2026-10-08 20:49:46
Sekupang,Sekupang,James Chan,3,2 tahun lalu,Kekurangan petugas imigrasi Diterjemahkan oleh Google ・ Lihat versi asli (Inggris),False,True,2026-10-08 20:49:46
Sekupang,Sekupang,CT,5,10 tahun lalu,dan tidak ramai Diterjemahkan oleh Google ・ Lihat versi asli (Inggris),False,True,2026-10-08 20:49:46
Sekupang,Sekupang,Shomil Bansal,5,9 tahun lalu,Masuk dan keluar dengan cepat. Diterjemahkan oleh Google ・ Lihat versi asli (Inggris),False,True,2026-10-08 20:49:46
Sekupang,Sekupang,Sandhu Ds,1,8 tahun lalu,Telp. Diterjemahkan oleh Google ・ Lihat versi asli (Inggris),False,True,2026-10-08 20:49:46
Sekupang,Sekupang,Stefanus Johan,5,4 tahun lalu,Bagus Diterjemahkan oleh Google ・ Lihat versi asli (Inggris),False,True,2026-10-08 20:49:46
Sekupang,Sekupang,Rian joan Rori,5,9 tahun lalu,Bagus Diterjemahkan oleh Google ・ Lihat versi asli (Inggris),False,False,2026-10-08 20:49:46
Sekupang,Sekupang,Adi Wijayanto,5,9 tahun lalu,Pelabuhan yang bagus Diterjemahkan oleh Google ・ Lihat versi asli (Inggris),False,True,2026-10-08 20:49:46
Sekupang,Sekupang,Hendy Sugiarto,5,9 tahun lalu,feri ke Singapura Diterjemahkan oleh Google ・ Lihat versi asli (Inggris),False,True,2026-10-08 20:49:46
Sekupang,Sekupang,Edy Chandra,5,10 tahun lalu,Pelabuhan yang Nyaman Diterjemahkan oleh Google ・ Lihat versi asli (Inggris),False,True,2026-10-08 20:49:46
Sekupang,Sekupang,Sri Bintang,4,,,False,True,2026-10-08 20:49:46
Sekupang,Sekupang,Anita Firstiana Nemesis,4,4 minggu lalu,,False,True,2026-10-08 20:49:46
Sekupang,Sekupang,STEVE FERMON,3,sebulan lalu,,False,True,2026-10-08 20:49:46
Sekupang,Sekupang,David Hutauruk,5,sebulan lalu,,False,True,2026-10-08 20:49:46
Sekupang,Sekupang,Max Collins,3,sebulan lalu,"Ini adalah terminal feri, sangat efisien. Gerbang menuju lapangan golf Indah Puri dan lapangan golf di dekatnya. Diterjemahkan oleh Google ・ Lihat versi asli (Inggris)",False,True,2026-10-08 20:49:46
Sekupang,Sekupang,Lahagu Andy,5,sebulan lalu,,False,False,2026-10-08 20:49:46
Sekupang,Sekupang,Indra Taxi batam,5,sebulan lalu,,False,False,2026-10-08 20:49:46
Sekupang,Sekupang,Vicente,4,2 bulan lalu,,False,True,2026-10-08 20:49:46
Sekupang,Sekupang,Janur Yanti,5,2 bulan lalu,,False,True,2026-10-08 20:49:46
Sekupang,Sekupang,alexkoh joo keng,5,2 bulan lalu,"Saya menginap di Nagoya Hill Hotel yang berjarak sekitar 30 menit (tergantung arus lalu lintas) berkendara dari Terminal Feri Sekupang. Terminal ini bersih dan toilet umum meskipun terlihat tua, tidak mengeluarkan bau atau aroma yang tidak sedap (dua jempol untuk petugas kebersihan atas pekerjaan mereka yang luar biasa). Pemeriksaan keamanan dan proses imigrasi cepat. Meskipun terminal tidak memiliki banyak pilihan makanan, tempat ini cocok untuk menikmati AC, terutama di hari-hari yang panas. Ha. Ha. Diterjemahkan oleh Google ・ Lihat versi asli (Inggris)",False,True,2026-10-08 20:49:46
Sekupang,Sekupang,AMIR ALI BIN HUSSAIN,4,2 bulan lalu,,False,True,2026-10-08 20:49:46
Sekupang,Sekupang,M A,5,3 bulan lalu,,False,False,2026-10-08 20:49:46
Sekupang,Sekupang,Antony Chang,3,4 bulan lalu,,False,True,2026-10-08 20:49:46
Sekupang,Sekupang,Nur Hayati,4,5 bulan lalu,,False,True,2026-10-08 20:49:46
Sekupang,Sekupang,Ashish Narmen,5,2 tahun lalu,,False,True,2026-10-08 20:49:46
Sekupang,Sekupang,Jailani Mahmood,5,6 tahun lalu,,False,True,2026-10-08 20:49:46
Sekupang,Sekupang,Mateo Jr Tugab,5,6 tahun lalu,,False,False,2026-10-08 20:49:46
Sekupang,Sekupang,Hee Suk Lee,4,6 tahun lalu,,False,True,2026-10-08 20:49:46
Sekupang,Sekupang,Umi,4,7 tahun lalu,,False,True,2026-10-08 20:49:46
Sekupang,Sekupang,Adam Maulana,5,7 tahun lalu,,False,True,2026-10-08 20:49:46
Sekupang,Sekupang,Arshad Md Ariffin,4,7 tahun lalu,,False,True,2026-10-08 20:49:46
Sekupang,Sekupang,Muhammad Zulhilmi Zahari,4,8 tahun lalu,,False,False,2026-10-08 20:49:46
Sekupang,Sekupang,Jared Leong,1,9 tahun lalu,,False,False,2026-10-08 20:49:46
Sekupang,Sekupang,farida hasna,3,9 tahun lalu,,False,True,2026-10-08 20:49:46
Sekupang,Sekupang,rudy arif,5,9 tahun lalu,,False,True,2026-10-08 20:49:46
Sekupang,Sekupang,suteja “Jajamiraja” Kusuma,4,9 tahun lalu,,False,True,2026-10-08 20:49:46
Sekupang,Sekupang,Syafrizal Rizal,5,9 tahun lalu,,False,False,2026-10-08 20:49:46
Sekupang,Sekupang,Nofril Dai,5,9 tahun lalu,,False,False,2026-10-08 20:49:46
Sekupang,Sekupang,Zain Zairo,4,9 tahun lalu,,False,True,2026-10-08 20:49:46
Sekupang,Sekupang,Alexander amen ang,4,9 tahun lalu,,False,True,2026-10-08 20:49:46
Sekupang,Sekupang,Andrea Shevchenko,4,10 tahun lalu,,False,True,2026-10-08 20:49:46
Sekupang,Sekupang,Gojek Batam Driver,2,10 tahun lalu,,False,False,2026-10-08 20:49:46
Sekupang,Sekupang,Hidayat alfikri,5,10 tahun lalu,,False,True,2026-10-08 20:49:46
Sekupang,Sekupang,Mulyadi,1,10 tahun lalu,,False,True,2026-10-08 20:49:46
Sekupang,Sekupang,Pinto Kumar Barua,5,10 tahun lalu,,False,True,2026-10-08 20:49:46
Sekupang,Sekupang,adriyanto padang,1,10 tahun lalu,,False,False,2026-10-08 20:49:46
Sekupang,Sekupang,Irwan Creuzd,5,10 tahun lalu,,False,False,2026-10-08 20:49:46
Sekupang,Sekupang,mainul islam,4,10 tahun lalu,,False,False,2026-10-08 20:49:46
Sekupang,Sekupang,Panwei Du,4,10 tahun lalu,,False,True,2026-10-08 20:49:46
Sekupang,Sekupang,Hendrijhon84@gmail.com Jhon,3,10 tahun lalu,,False,False,2026-10-08 20:49:46
Sekupang,Sekupang,sunman leong,1,10 tahun lalu,,False,False,2026-10-08 20:49:46
Sekupang,Sekupang,INDRA,5,10 tahun lalu,,False,True,2026-10-08 20:49:46
Sekupang,Sekupang,Asnan Nan,2,10 tahun lalu,,False,False,2026-10-08 20:49:46
Sekupang,Sekupang,Akun Google,5,10 tahun lalu,,False,False,2026-10-08 20:49:46
Sekupang,Sekupang,Yohanes Heriyanto,3,10 tahun lalu,,False,True,2026-10-08 20:49:46
Sekupang,Sekupang,Chailong Sim,4,10 tahun lalu,,False,True,2026-10-08 20:49:46
Sekupang,Sekupang,muslimah eswandra,5,10 tahun lalu,,False,True,2026-10-08 20:49:46
Sekupang,Sekupang,Jumadil Awal,5,11 tahun lalu,,False,False,2026-10-08 20:49:46
Sekupang,Sekupang,Antonius Latuhayat,4,11 tahun lalu,,False,False,2026-10-08 20:49:46
Sekupang,Sekupang,Sarah Adam,5,11 tahun lalu,,False,False,2026-10-08 20:49:46
