nama_pelabuhan,nama_reviewer,rating,tanggal,review
Batam Centre,Jaka Ramadhona,4,3 bulan lalu,"Jujur, kalau lewat Terminal Ferry Batam Centre ini emang kerasa banget vibe-nya sibuk. Namanya juga gerbang utama internasional, jadi jangan kaget kalau suasananya selalu hectic, apalagi pas akhir pekan atau jam-jam keberangkatan feri. Buat saya pribadi, nilai plusnya di sini adalah lokasinya yang sudah terintegrasi langsung dengan mal. Jadi, kalau nunggu keberangkatan, nggak mati gaya—tinggal nyeberang dikit udah bisa cari makan atau sekadar ngadem. Itu ngebantu banget sih buat kill time. Tapi ya, konsekuensinya harus siap mental sama antrean imigrasi yang kadang bisa panjang banget. Saran saya, jangan mepet kalau mau berangkat, harus kasih jeda waktu yang cukup biar nggak keteteran. Secara fasilitas, tempat ini tergolong fungsional—nggak yang mewah-mewah banget, tapi sudah cukup oke untuk kebutuhan mobilitas rutin. Overall, buat ukuran terminal sibuk, tempat ini lumayan bisa diandalkan asal kita paham manajemen waktunya"
Batam Centre,Priyanto Akhmad Solihin,5,4 bulan lalu,"Mei 2026 Sejauh ini tidak ada kendala apa pun dalam proses penyebrangan ke Singapura. Dari mulai imigrasi, boarding ke kapal, semuanya lancar dan menyenangkan."
Batam Centre,Orang Baik,5,Diedit 6 bulan lalu,"Batam Centre Fast Ferry Terminal cukup ramai karena menjadi salah satu pintu utama keluar masuk Batam, terutama untuk rute internasional seperti ke Singapura dan Johor. Lokasinya strategis, dekat dengan pusat kota dan beberapa pusat perbelanjaan. Area terminal cukup luas dan fasilitas dasar seperti tempat duduk, loket tiket, serta pemeriksaan imigrasi tersedia dengan baik. Namun saat jam sibuk antrean bisa cukup panjang dan suasana terasa padat. Secara keseluruhan terminal ini cukup memadai untuk perjalanan laut, meskipun kenyamanan bisa lebih ditingkatkan saat ramai."
Batam Centre,Selvi Diana Meilinda,5,setahun lalu,"Pagi-Pagi ke sini untuk menyebrang ke spore. Pelabuhan Batam Center merupakan salah satu gerbang utama bagi wisatawan dan pebisnis yang ingin menyeberang ke Singapura dan Malaysia. Sebagai pelabuhan internasional yang sibuk, tempat ini dikenal dengan suasana yang tertib dan kondusif, memberikan kenyamanan bagi para penumpang yang akan berangkat maupun yang baru tiba. Salah satu hal yang paling mencolok di Pelabuhan Batam Center adalah sistem antrian dan pengelolaan penumpangnya yang teratur. Papan petunjuk arah tersedia dengan jelas, sehingga memudahkan pengunjung dalam mencari loket tiket, area imigrasi, dan ruang tunggu. Petugas di pelabuhan juga cukup sigap dalam membantu para penumpang, baik yang baru pertama kali datang maupun yang sudah sering bepergian. Kebersihan di area pelabuhan juga terjaga dengan baik. Fasilitas umum seperti toilet, ruang tunggu, dan area makan cukup bersih dan nyaman. Selain itu, suasana di dalam pelabuhan cenderung tertib, dengan kontrol keamanan yang ketat tetapi tetap efisien. Proses imigrasi berjalan cukup cepat, terutama jika penumpang sudah menyiapkan dokumen yang dibutuhkan. Dari segi aksesibilitas, Pelabuhan Batam Center terhubung langsung dengan pusat perbelanjaan, sehingga penumpang yang datang atau menunggu keberangkatan bisa berbelanja atau bersantap dengan nyaman. Tersedia pula berbagai moda transportasi, seperti taksi dan layanan transportasi online, yang memudahkan perjalanan ke berbagai wilayah di Batam. Secara keseluruhan, Pelabuhan Batam Center merupakan pelabuhan yang tertib, kondusif, dan memiliki fasilitas yang cukup baik. Bagi wisatawan maupun pelaku bisnis yang sering bepergian ke Singapura atau Malaysia, pelabuhan ini menjadi pilihan utama karena kepraktisan dan kenyamanan yang ditawarkannya."
Batam Centre,Andreas Sihono,3,3 bulan lalu,"Pelayanan tiket bagus, kemarin beli tiket ferry majestic. Sayang toiletnya kurang terawat"
Batam Centre,lontongstroong,3,Diedit 10 bulan lalu,"Waktu kunjungan: Desember 2024 Dibandingkan dengan pelabuhan Harbour Bay, pelabuhan ini lebih kecil, tetapi tidak kalah ramai karena melayani wilayah pusat pemerintahan Batam dan pemukiman di sekitarnya. Karena hal ini juga, ukuran terminal terasa terlalu kecil dan sumpek. Tidak terbayang seberapa kecil ruang tunggu pascapemeriksaan imigrasi - mungkin strategi menyempatkan waktu sesedikit mungkin hal yang baik jika berangkat dari pelabuhan ini. Proses pemeriksaan kedatangan imigrasi lancar dan efisien, tidak ada masalah - petugas bahkan mengajak bercanda sejenak, mungkin untuk melepaskan kejemuan pekerjaan yang repetitif. Di dalam terminal pelabuhan, cukup banyak kios makanan dan tentunya suvenir, serta bahkan supermarket kecil. Bangunan terhubung langsung dengan mall besar melalui jembatan pejalan kaki. Cukup cari pintu akses di lantai dua bangunan pelabuhan, yang ditandai jelas."
Batam Centre,Djer.Dolanan,4,setahun lalu,"Pelabuhan yg strategis di tengah kota, ada ke Singapura dan pelabuhan . Menjadi satu dengan mall, ada banyak toko duty free, foreign exchange, toko2 yg cukup hidup Tempat area tunggu diluar kurang besar, kebersihan bagus dan areal parkir luas"
Batam Centre,Reni perwira,2,2 tahun lalu,"Pelabuhan Di batam yang sudah Cukup bagus dan mudah untuk akses ke singapore dan malaysia !! Namun kondisi pelabuhan nya masih kurang ya! Fasilitas yoilet yang sangat bauu!! Fasilitas charging station yang yg kurang dan fasilitas tempat duduk untuk ruang tunggu kenaikan ke kapal setelah cek akhir atau setelah melewati imigrasi , Area nya masih sangat rasis. Dan ada nya pungutan2 liar di sekitar terutama di parkir, Dan juga untuk penjaga dan security2 tolong kalian memposisikan dia kalian itu security !!! Membuat pelayanan dan di public area serta harusnya membuat orang2 merasa aman dan nyaman bukan malah membuat pengunjung merasa tidak nyaman!! Aku sudah beberapa kali ke sg melalui pelabuhan batam , namun yg di sayangkan banyak sekali bad service, Susah mengungkap kan dg kata2 semua nya bisa alian liat di review2 di bawahh!! Mostly kasar dan banyak oknum2 kurang ajar juga spt cat calling!! Padahal ini katanya kota pariwisata yang mana ini sangat dekat dg singapore namun bad service!!"
Batam Centre,Odi Messakh,1,4 bulan lalu,Kenapa taksi online dan taksi bluebird masih ga bisa masuk dijaman sudah 2026. Dikota secanggih batam. Pemerintahnya kok bisa diam aja yaa. Menyusahkan penumpang.
Batam Centre,Shela Rizky,1,sebulan lalu,Gila petugas imigrasinya JAHAT banget. Menterinya tau gak sih ini. Transformasi budaya lah woyyyyy udah ga jaman imigrasi kasar begitu ya Allahhhh.
Batam Centre,nonom monon,1,6 bulan lalu,"Jadwal kapal jam 6 baru bisa masuk gate 5.45 dengan Alasan briefing, dah mepet mepet sampe dapet last call dilempar sana sini sama petugas imigrasi padahal gaada issue, lah kita buru-buru karena dia yang telat dia pula yang marah, tanya tanya jawabnya malah songong & ga informatif, 🤦‍♀️"
Batam Centre,An nieza dea Versary,1,3 bulan lalu,"Buat petugas imigrasinya, Kayaknya ga perlu judes ya, sensi banget sama pribumi emang kenapa sih, pak terlalu memandang remeh, menggerutu di depan pelanggan, coba di evaluasi ya karyawannya, dibayar pake duit pajak kan"
Batam Centre,Ahmad Kid,1,11 bulan lalu,"Sepertinya ada beberapa petugas yang memang tidak bisa bekerja di bidang pelayanan, kedatangan ferry terakhir sengaja lewat counter karena membawa anak, malah paspor di banting dilempar, bahasa nda ada sopan santunnya, harusnya tadi saya catat namanya, pengen silaturahmi 👏"
Batam Centre,Ali Afif,5,Diedit 2 tahun lalu,Pelabuhan yang selalu ramai di kunjungi sebagai akses penyeberangan dari batam ke Singapura atau Malaysia dan sebaliknya. Fasilitas bagus dan lengkap. Akses mudah dan aman.
Batam Centre,mister trump,1,9 bulan lalu,Sangat tidak rekomended. Pelabuhan internasional tapi ruang tunggunya panas kek neraka. tak ada AC hanya kipas angin. Lebih bagus lewat sekupang atau harbourbay
Batam Centre,Dwi melvin,1,7 bulan lalu,"Selasa 3, febuari 2026 jam 3 an saya turun dari kapal dan saya ketemu untuk membuat imei saya ketemu dua orang tua yg tidak memiliki sopan tidak jelas tiba tiba menuduh saya menggunakan sabu padahal mata saya merah karena baru bangun dan pergi siap kan diri untuk turun dari kapal"
Batam Centre,mellinda anastasya,1,7 bulan lalu,"Petugas parkir memaksa menggunakan cash padahal sudah di informasikan sebelum pembayaran parkir oleh saya bahwa saya akan menggunakan emoney dan kemudian kami didesak tetap menggunakan cash apapun terjadi dipaksa mencari cash saat itu juga, petugas pembayaran parkir tidak solutif 😊"
Batam Centre,Jordan Lionel,1,3 bulan lalu,"g ramah,mau nanya disuruh pergi,duduk gaada etika nya,malu jadi orang batam liat petugas spt itu,hadeh"
Batam Centre,재환나,4,3 tahun lalu,"Eh eh ? Mo kemane neng hahaha Kaga bangggg ,cuma numpang lewatan aje mo mampir ke coffee shop di atas noh ㅋㅋㅋ Yah ga terlalu banyak perubahan mungkin ditambah luas aja tuh area parkirnya dan Pak / Bu petugasnya boleh kasih senyum sikit jangan ditekuk terus mukanya ✌🏻 Thank you"
Batam Centre,Novri Yanti,1,8 bulan lalu,Pelabuhan BC jam keberangkatan ferry batam sg tetutama batam center -tanah merah sllu tidak sesuai dgn scehudule yg tertera di jam tiket atau google. Sllu mmbuat penumpang jadi bigung dgn time yg tak sesuai.
Batam Centre,ahdhan dhany Tour and Travel,3,2 tahun lalu,"Pelabuhan nya sudah bagus, sayang nya yg petugas imigrasi nya songong2 Kita masuk mau kluar k malaysia atau k singapore, d tanya melebihi petugas imigrasi di Singapore dan Malaysia Seolah d pikirnya semua orang yg masuk lewat sana pergi keluar negeri untuk bekerja Dan saya juga pernah melihat orang2 yg di bawa k dalam kantor imigrasi, dimintai duit sm mereka, ternyata masih banyak pemalakan oleh petugas2 tersebut. Apakah gaji mereka tidak cukup untuk hidup mereka, smpe orang2 yg mau lewat aja dicari2 kesalahan nya, ada aja salah orang dibuat nya. Orang yg udah lengkap dokument pun malah d tanya pasport lama lah. Herann dehh Saya pernah digituin jg, d pikirnya saya keluar2 untuk bekerja, hellooooowwww tuan tuan dan nyonya2 yg terhormat, gue k Singapore dan Malaysia beli barang Dan keluarga gue d malaysia jg ada. D Batam juga ada usaha, jadi jgn berpikir semua orang yg lewat buat bekerja dan cari uang keluar sana. Jangan biasakan makan uang Haram buat keluarga, gk berkah kena sumpah serapah orang"
Batam Centre,Agus Choirul Huda,5,3 tahun lalu,"pelabuhan internasional untuk penyebrangan tujuan singapura dan malaysia, cukup crowded karena lahan parkir yang kurang luas."
Batam Centre,Ferri Aguswan,4,7 tahun lalu,Ruang tunggu penumpangnya bagus dan bersih.. Tapi perlu ditingkatkan lagi kapasitas area parkir dengan makin bertambahnya volume kendaraan yang keluar masuk pelabuhan..
Batam Centre,Dian Prakoso,5,setahun lalu,"Senangnya bisa mengajak keluarga menyeberang dari Singapura ke Batam. Ferry nya nyaman, airnya di selat juga lagi tenang. Alhamdulillah."
Batam Centre,Firahma96,5,setahun lalu,"Bersih dan nyaman, pelayanan nya bagus, baik, dan ramah Berapa kali naik ferry sampai suka perjalanan laut karna view nya setenang laut :) 🌊 <:()))< Masyaallah"
Batam Centre,Angga Arshavin,5,6 tahun lalu,"Pelabuhan kapal ferry dari Batam untuk ke pulau2 sekitarnya. Termasuk ke Singapore. Ada beberapa pilihan kapal, jam, dan harga untuk ferry ke singapore. Lokasi tepat di seberang mall Batam center, ada jembatan penghubung juga yang langsung menuju mall. Parkiran cukup luas, dan suasana pelabuhan cukup bersih, nyaman dan sudah seperti airport."
Batam Centre,Andi Nuryadin,5,setahun lalu,"Pelabuhan Ferry Internasional yang baik di Batam. Dalam perjalanan ke Singapura, kami berangkat dari Pelabuhan ini. Terintegrasi ke Batam Mall & banyak Kedai Makanan & Kopi."
Batam Centre,Merry Susanti,5,6 bulan lalu,"Akses transportasi utama di Batam Center. Sangat memudahkan buat yang tinggal di perumahan sekitar sini kalau mau ke Singapore atau Malaysia."" 🚢"
Batam Centre,Muhammad Rizki,5,3 bulan lalu,Pelabuhan nya sederhana tetapi kota nya akan jauh lebih tidak sederhana dari apa yang kita lihat
Batam Centre,Yudith Cai,5,7 tahun lalu,"Pelabuhan Ferry ini terletak di kawasan Batam Centre. Pelabuhan ini juga terintegrasi dengan Mega Mall Batam. Setiap hari banyak turis domestik ataupun turis mancanegara yang lalu lalang di pelabuhan ini. Di pelabuhan ini juga terdapat cafe , ATM centre, serta mini market. Ada juga money changer. Jadi buat kalian yang ingin menukar mata uang asing bisa tukar disini. Overall sudah bagus. Hanya saja disini tidak boleh order taxi online. Banyak terjadi kasus pemukulan terhadap sopir taxi online yang ketahuan pick up penumpang di area pelabuhan. Saran saya apabila ingin memesan taxi online, penumpang bisa bertemu di satu titik penjemputan yang agak jauh dari pelabuhan."
Batam Centre,Martin Agustina Sari,5,setahun lalu,"pelabuhan internasional tujuan singapura dan malaysia, ada ATM dan money change."
Batam Centre,LUNAR TRAVPLAN,5,7 tahun lalu,"Kalau mau ke Singapura atau ke Malaysia, yang paling nyaman itu lewat pelabuhan ferry Batam centre. Kapalnya banyak dan ada setiap 30 menit. Posisi strategis. Terletak di tengah kota Batam. Bisa shopping shopping dulu di Megamal sebelum atau sesudah keberangkatan.. disini pokoknya asik. Mau tau lebih lanjut? Intip aja FB kami Lunar Travel Planner"
Batam Centre,Shafira Aini,5,setahun lalu,"Saya kira bisa pesan tiket dengan menggunakan mata uang dollar, ternyata wajib pake rupiah. Jadi harus nunggu money changer buka deh 2 jam kemudian. Tapi gapapa buat pengalaman, orang²nya ramah² juga kok. Hihii"
Batam Centre,Columbanus Teto,5,setahun lalu,"Fasilitas pelabuhan ferry yang menghubungkan Batam dengan Singapura dan Malaysia. Terdapat berbagai opsi operator ferry yang dapat digunakan. Proses imigrasi sangat cepat, sudah ada automated gate sehingga sangat memudahkan untuk pemiliki paspor elektronik. Fasilitas ruang tunggu dan berth juga terawat dengan baik."
Batam Centre,nefarryo,5,3 bulan lalu,Akses keluar untuk pejalan kaki agak susah terlebih kalo bawa koper
Batam Centre,Fire Any,5,9 tahun lalu,"Pelanyanan yang baik, bersih, ramah dan bersahabat. Ada mushalla di dalamnya. Sangat membatu bagi backpacker ataupun pelancong2 lokal maupun internasional."
Batam Centre,bunda sugi,5,7 tahun lalu,"Pelabuhan penyeberangan menuju singapore. Bagus, bersih, ada beberapa food court dengan banyak menu pilihan yang jendelanya persis menghadap laut. Bagus, nyaman makan di situ sambil lihat pemandangan laut."
Batam Centre,fajar sidik,5,7 tahun lalu,Jembatan penghubung antara pelabuhan dengan megamall batam. Naik 1 lantai dri kedatangan menuju mall.
Batam Centre,Farin Mala Fitri,1,10 bulan lalu,TERUNTUK IBU2 IMIGRASI YANG TERHORMAT DAN PUNYA JABATAN. SAYA TAU ANDA SEDANG ISTIRAHAT ATAU DALAM KONDISI TIDAK BERTUGAS. TAPI MOHON DENGAN HORMAT KALAU BERBICARA DENGAN ORANG GUNAKAN NADA YANG BAIK DAN CARA YANG SOPAN. mungkin ada bbrp org yang tidak mau complain tapi ini sudah lebih dari 5 kali kalian memperlakukan pendatang seperti ini.
Batam Centre,Nanda krisna,1,setahun lalu,"beacukainya sangat tidak profesional , tunggu saja tanggal NAASnya. sy beli hp mahal mahal di singapura , tidak mau di daftarkan , nota ada, kontak dan pemilik toko tempat jual beli masih merespons."
Batam Centre,Stefanus Yudha,5,setahun lalu,"Sangat baik untuk pagi hari ini, parkiran banyak tersedia. Harga tiket di counter lebih murah drpada onlinenya. Ada baiknya tanya dahulu ke counter sebelum beli tiket. Petugas sangat membantu."
Batam Centre,cute teety,5,2 tahun lalu,"Pelabuhan yang cantik penataannya, di tengah kota Batam. Dekat hotel dan mall terhubung langsung ke mall dengan jembatan penyeberangan...🩷"
Batam Centre,Irene Agustin,2,9 bulan lalu,"Eskalator ga jalan, security dan staff ga ada yang membantu memberikan solusi, seenaknya ajaa bilang ""naik tangga ajaa"" padahal posisi lagi bawa koper besar, ga ada staf yang menawarkan bantuan.. begitu keluar dari pelabuhan langsung disambut dibantu satpam mall di seberang pelabuhan, mega mall, top banget bapak satpam mega mall, shame on security and staff pelabuhan.."
Batam Centre,Rahma Winati,4,3 tahun lalu,Pelabuhan ditengah kota Batam.. ramai dan dekat dengan kota perlu perbaikan di kamar mandinya ( bau) semoga semakin bersihsemoga semakin bagus pelayanannya ya
Batam Centre,Alun Aqi,1,setahun lalu,"Apaan sih petugas yg berdiri dekat x-ray koper itu? Gak bisa kah ngomong baik2 aja? Harus pake ngegas2 gitu kasar parah kita tanya baik2, pelan2, dijawab pake nada tinggi gitu baru jadi petugas di kota kecil aja dah songongnya minta ampun, katanya kota wisata, klo kayak gini gimana turis mau datang lagi? Kapok yg ada contoh tu Singapura, Jepang, Korea klo mau maju"
Batam Centre,M Arifudin Johan,1,11 bulan lalu,"Sempit, Kuno, berantakan, penuh dengan Percaloan, pintu masuk Indonesia yang sangat memalukan, membuat Citra Indonesia semakin buruk di mata Warga Negara Singapura, dan Malaysia"
Batam Centre,Java Mivic,5,setahun lalu,"Kalo abis dari harbourfront lalu ke sini, rasanya beda banget"
Batam Centre,coffee king,1,setahun lalu,"Satpamnya ga ramah ditanya pura pura ga denger khususnya satpam disini, useless"
Batam Centre,Heri Scout,5,Diedit 8 tahun lalu,"pelabuhan fery internasional batam centre merupakan sebuah pelabuhan yang melayani rute internasional ke malaysia dan singapura, Pelabuhan ini menghubungkan kota Batam dengan pelabuhan HarbourFront, Singapore dan pelabuhan Stulang Laut serta Pasir Gudang di Johor Baru, Malaysia. pelabuhan ini berada di pantai utara pulau batam dan terintegrasi dengan mega mall batam centre, selain itu pelabuhan fery internasional batam centre berdekatan dengan kantor kantor pemerintahan kota batam , seperti kantor wali kota batam, kantor DPRD KOTA BATAM, kantor imigrasi kelas 1 KOTA BATAM ..dll"
Batam Centre,李Ris,1,setahun lalu,"Luar biasa,asal menahan saudara saya di imigrasi pelabuhan aja, Apa karena saya yang antar banyak tatto di badan,jadi dipikir yang bukan-bukan,lalu saudara saya yang ditahan,saya memang bertatto dan humoris tapi saya bukan bandarnarko maupun teroris. Jangan pernah menilai orang lain dari cashing,supaya tidak keseringan membuat kesalahan menahan orang. Ibu cantik dan manis yang saya ajak bercanda,sehat selalu,bapak sinis tolong senyum sikit biar wajahmu tak hitam.tak perlu ku ingat nama kalian,yang penting saya ingat rupa dan postur kalian."
Batam Centre,Diecy Franky Gandasuli,5,3 tahun lalu,Kalo mau ke singapore dan malaysia dari batam enak lwt sini gaiss
Batam Centre,Yadi Darman,5,2 bulan lalu,Saya pernah nyebrang ke Singapur lewat sini
Batam Centre,Zulfani Sinaga,1,9 bulan lalu,"Sangat tidak memuaskan atas semua pelayanan di pelabuhan batam centre, dari petugas majestic sampai ke palayanan imei, buruk sgt miris"
Batam Centre,Venie Ang,4,setahun lalu,Pelabuhannya cukup bersih. Dulu sangat ramai dan termasuk pelabuhan gerry tersibuk tetapi sekarang tidak terlalu besar dan tidak terlalu ramai. Petugas imigrasinya cukup ramah. Tenant2 nya juga cukup variatif menjual beberapa macam makanan dan minuman.
Batam Centre,DEDEN MS,2,2 tahun lalu,"Review untuk ketibaan: 1. Signage pembeda passpor tolong ditaruh dengan jelas, mana posisi pemegang passpor untuk indonesia dan warga asing. Jgn pas ujung tralis besi baru di ada di pasang lantai. Sudah kejauhan, mana ada yg liat, jir. 2. Petugasnya jgn lelet pas penumpang sudah tiba, diarahin yang bener, bukan di BENTAK. 3. Selepas imigrasi/kastem selesai, tolong beri signage agar penumpang tau bisa pakai jembatan penyebrangan kalau mau ke megamall batam. 4. Toilet, di lantai 2, aduhai, jorok banget, sampai gua tahan, mending di megamall. Pelabuhan internasional loh kamu, bukan cekai cekai. Tips: Di depan banyak tukang taksi, hati-hati, kalau mau aman, jangan keluar, naik ke lantai 2 ada akses jembatan penyebrangan ke megamall, pesan taksi online bisa di lobi A dekat atm."
Batam Centre,Citra Selera Indonesia,1,2 tahun lalu,"Kalau Bisa kasih 0 Bintang saya kasih 0 terutama Imigrasi nya. Ada acara tukar shift padahal antrian sudah mau sampai keluar. Autogate untuk yang Bisa pakai juga di suruh antri Sama sama dengan foreigner yang ga Bisa autogate. Malah marah marah pula ini Imigrasi teriak teriak antri antri. Kita harus Jalan lewati para foreigner. Kacau semua mental, pikiran dan akhlak. Tolong audit mungkin sengaja cari tambahan."
Batam Centre,Hamia Niank (Madam Mia),5,4 tahun lalu,Salah satu pelabuhan ferry di kota Batam dengan tujuan Singapore dan Johor Bahru (Malaysia).
Batam Centre,Revan,5,6 bulan lalu,"Rasa sedap Pelayanan sangat baik, ramah, Terimakasih Suli dan Febri atas pelayanan yg sangat baik"
Batam Centre,Sandriany Medah,1,2 tahun lalu,Sering bolak balik ke sg dan pengalaman terburuk selalu macet berjam2 di IMIGRASI COP PASPORT. kenapa setiap kali libur panjang itu PETUGAS YANG BEKERJA HANYA 2 ORANG YA.bikin kita harus terus2 ngantri kali ini paling worse sudah 3 jam suami saya di ngantri hanya untuk masuk kembali ke batam.kapal sandar dr sg dr jam ini sudh 3 jam lebih belum lewat juga dr imigrasi. Benar2 WORSE PENANGANAN IMIGRASI BATAM CENTRE
Batam Centre,Yani -,3,Diedit 2 tahun lalu,"- Mba petugas imigrasi di hr senin, 15.08.2022 sekira pukul 15.20 an wib pelayanannya kurang menyenangkan, bikin kesel, kita mau pergi jalan² ke malaysia, tp dpt pertanyaan yang di putar², dan terkesan tidak percaya dgn jawaban yg di berikan, sampe menunjukan bukti yg sudah cukup jelas (tiket PP, hotel, grup chat,) juga masi dpt pertanyaan yang mau diputar², sehingga cukup lama berdiri di depan meja cuma buat dapatin cap keberangkatan. Akhirnya si dapat juga cap keberangkatan di pasport. - tgl 17.02.2024 Setelah sekian lama, akhirnya lewat pelabuhannya batam centre lagi, sudah ada autogate (sepertinya masi terbatas untuk yg ke singapura saja), ada petugas yg membantu/mengarahkan. Kali ini dapat petugas yang cukup ramah."
Batam Centre,Muhammad Rasikh UMRA,4,Diedit 5 bulan lalu,"Pelabuhan batam centre rame juga, cukup bagus pelayanannya, para sopir taksi ramah tidak main paksa, atau kalau anda ingin lebih murah, bisa keluar dulu dari area pelabuhan dan pesan taxi dari aplikasi tapi tentunya lebih banyak tenaga, apalagi kl bawaan banyak"
Batam Centre,Irfan Satria,5,3 tahun lalu,"Sangat nyaman, bisa masuk dari pintu masuk dan dari Mega Mall yang ada diseberang melalui jembatan layang, jadwal kapal sangat banyak dan banyak pilihan kapal, ke Malaysia dan Singapura bisa dari sini. Datanglah minimal 1jam sebelum jadwal keberangkatan, karena antrian pada imigrasi cukup panjang."
Batam Centre,Putri,3,4 bulan lalu,"Musholla dan toilet berdekatan yg perempuan oke, tapi kenapa toilet nya bau Pesing, tisu tak ada, jadi tak nyaman saat sholat dan ambil wudhu bau Pesing toilet tercium, Saya juga pernah terpijak paku di mushola, sangat tidak diperhatikan bagian tempat solat di wanita, kebersihan dan rapi itu penting,"
Batam Centre,Ardy Muhammad Putra,5,2 bulan lalu,Pelabuhan batam Center bisa langsung ke Singapura dan malaysia
Batam Centre,Andy Hasten,4,setahun lalu,"Perlu banyak perbaikan dan renovasi dari segi infrastructure dan juga orang pelayan masyarakatnya. Bisa coba lebih baik lagi untuk mengarahkan orang orang yang datang, tidak perlu teriak teriak. Untuk yang baru pertama kali kemari juga akan bingung karena papan petunjuk harus kemana dan ngapain minim banget. Akses taxi online kudu jalan ke depan bawah jembatang penyebrangan. Taxi dalam ke harbour bay minta 80K, taxi online 35K. Yah mending jalan dikit 30 meter hemat 45K lumayan buat ngopi kopi o buat be5."
Batam Centre,Dorry Muhamad,4,Diedit setahun lalu,"Toilet perlu perawatan serta janitor harusnya stanby di toilet. Bersih, tertata, ruang tunggu luas. Ada kantin dekat parkiran recommended untuk makan low budget, sediakan dokumen sebelum cek-in biar g ribet pas di imigrasi dan bisa mengurangi antrian terlalu lama. Tks"
Batam Centre,Firahma96,5,setahun lalu,Batam Center Point international Ferry Lantai dasar jual tiket lantai 2 tempat makan lantai 3 toilet dan bersebelahan dengan musholla/surau🕌 paket lengkap dahh
Batam Centre,Darto Kasim,5,8 tahun lalu,"Ruangan nyaman, informasi lengkap dan jelas, penyeberangan murah ke singapura dengan cepat. Imigrasi ramah. Penukaran uang tersedia disini. Wisata pakai guide lebih aman. Mau belanja tinggal nyebrang dikit."
Batam Centre,Ricky Rahmat,5,9 tahun lalu,"Dermaga penyebrangan ke singapore, ramai'y spt airport, bs nyebrang dr & ke batam mall center, tiket yg d beli hrs d tukar tiket ferry, ada pemeriksaan pasport, ada fasilitas bagasi..lbh murah beli tiket d mall drpd beli tiket lnsg d dermaga..nyebrang dr batam ke singapore sekitar 1 jam.."
Batam Centre,a- song,1,6 bulan lalu,"Jembatan penyebrangan tutup satu jam lebih cepat, saya menyerang dari Mega Mall ke Pelabuhan, sudah sampai ujung jembatan pukul 21.03, dari satpam yg menjaga pintu jembatan di pelabuhan menyampaikan sudah mengunci dengan alasan sudah melaksanakan dokumentasi. Padahal tulisan di pintu, pintu penyebrangan jembatan tutup pukul 22.00. Sudah terjadi dua kali, tutup tidak sesuai aturan, apakah memang SOP nya demikian? Tutup satu jam sebelum tulisan yg disampaikan."
Batam Centre,Nabila Excellent Life,5,4 tahun lalu,"Suka3 banget deh pokoknya 😆😆😆 Tempatnya bagus, terus staff ramah2, abis itu bersih2, Dan bisa book untuk ferry ke sg ya... Aku saranin sih buat beli yg pp ya... Karena Lebih murah & open tiket baliknya😆"
Batam Centre,MUFTI SHADLI,1,5 bulan lalu,"ferry terminal ini apa tidak ada pengelolanya, kita bayar lho utk ada di terminal ferry ini, tp trolly aja gk bisa kita dapatkan, pelayanan cukup buruk, jika keluhan ini tidak ada yg tanggapi, kemana kita masyarakat mau sampaikan keluhannya"
Batam Centre,Edi Widianto,5,4 tahun lalu,Pelabuhan internasional yang melayani rute ke Singapura. Tempatnya cukup nyaman dan bersih. Selalu ramai setiap hari dengan berbagai penumpang yang ke Singapura dan sebaliknya.
Batam Centre,Eveline Soeyandani,5,Diedit 3 tahun lalu,Nyebrang ke singapore naik kapal. Harus dtg 1 jam sebelum. Kalau telat bs reschedule kena charge 30rb/org.
Batam Centre,Arir,5,7 tahun lalu,"Pelabuhan yang menyenangkan untuk melakukan perjalanan, Suasana yang sangat nyaman dan dingin, terdapat banyak food court walau sedikit mahal, pelayanan cepat dan ramah. Terdapat banyak pilihan kapal sehingga tidaj perlu mengantri lama."
Batam Centre,Nurman Riyadi Rahman,5,3 tahun lalu,"Klo mau menyebrang ke negara tetangga, berangkatnya dari sini. Pelabuhannya bisa dibilang bagus, bersih dan nyaman."
Batam Centre,isanthonio tendrawan,1,9 bulan lalu,Porternya judes main marahi customer aja langsung seakan akan troly nya itu milik mereka dan kalau mau di pakai customer customernya harus bayar dulu ke porternya. Tolong kepada pengelolah untuk bisa berikan teguran kepada Porter yg seperti itu karna tindakan Porter itu merusak citra pelabuhan thx.
Batam Centre,clara meirista,3,5 bulan lalu,Tempatnya agak berantakan dan toiletnya juga agak kotor tapi untuk ruang tuggu menuju kapal ferry lumayan nyaman dan bersih
Batam Centre,Hendra Grab,5,3 bulan lalu,"Tempat jual barang bekas. Tp jangan salah,,walaupun bekas ada jg yg mahal"
Batam Centre,Layla Omar,1,setahun lalu,"Jadi trolly disini bukan untuk fasilitas umum ya, tapi untuk porter, mean harus bayar?! Gak ngerti sih kenapa agak aneh?!"
Batam Centre,Yang Kek,5,Diedit 3 tahun lalu,Best batam center...👍👍👍👍🌟🌟🌟👍👍👍👍🌟👍👍👍👍👍👍🌟👍👍🌟pelayanan bnyak bgus msa. Titik. Semua ye ikut ye msa yg tetap.... Tkad pn sikit lambat... Best....
Batam Centre,The Mafiability,5,8 tahun lalu,Tempatnya nyaman dan enak. Ada mesin atm dan money changer. Ruang tunggu nyaman.
Batam Centre,Addina Ainur Rosyida,4,7 tahun lalu,Terminal kapal Ferry dari dan ke Batam. Yang mau ke Singapore atau Malaysia bisa naik Ferry dari sini. Ada banyak pilihan jadwal penyeberangan dan kapal yang bisa dipilih.
Batam Centre,witria cassiopeia,5,9 tahun lalu,"Cukup dengan menyebrang nelalu jembatan penyebrangan di dalam batam centre bisa terhubung dengan mall batam. Suasana ramai, tapi tetap nyaman dan bersih. Harga tiket lbh murah jika beli pp di money changer atau bandara. Klau single journey lbh murah di bandara dr pada outlet resmi di batam centre na. Kmren naik majestic hrg skli jalan 250, brngkt tpt waktu n free air minum."
Batam Centre,Taxi Service,4,2 tahun lalu,"Taxi online tidak di perbolehkan masuk untuk menjemput penumpang,,meskipun sedang membawa banyak barang bawaan."
Batam Centre,Ling Ling,5,5 bulan lalu,Baik buat santai menikmati perjalanan laut ...dgn suasana yg nyaman
Batam Centre,Rosmeini Sailan,5,8 tahun lalu,"Saya suka dengan petugas2 nya yang profesional Suasananya nyaman, bersih, ruang tunggu memadai Antrian panjang, tapi teratur, Bravo Batam"
Batam Centre,Domu Marbun,2,3 tahun lalu,"Susah untuk Parkir mobil, pengelola harus pikirkan untuk penyediaannya. Tempat menunggu juga untuk yang menjemput belum ada pengaturan."
Batam Centre,Ferri Aguswan,4,Diedit 6 tahun lalu,"Area parkir terbatas..susah mencari tempat parkir, khususnya mobil"
Batam Centre,Channel YouTube LAMBE MUNCIS,5,8 tahun lalu,Pelabuhan yang terhubung langsung dengan Mega Mall.
Batam Centre,RADIO TEMBORO,5,7 tahun lalu,Mantap..... Pelayanan cepat dan memuaskan........ Trmpat yang bersih.... Dan ada tempat beribadah nya...... Pelabuhan percontohan bagi pelabuhan pelabuhan yang lain.....
Batam Centre,Randi Septino,5,setahun lalu,Pelabuhan nya bagus dan dekat dalam kota
Batam Centre,House Rent Bukit Indah Sukajadi Batam,4,2 tahun lalu,"Terminal Ferry utk ke Singapore maupun Malaysia. Lokasi di Batam Center dimana Batam Center adalah tengahnya kota Batam yg mudah dicapai dari penjuru Batam. Dekat juga dgn Mall dan Hotel. Terminal ini sdh cukup tua, sdh perlu renovasi. Tempat parkir juga terbatas, karena banyak yang parkir inap kalau Penumpang menyeberang utk balik hari ataupun beberapa hari, terutama pd saat high season."
Batam Centre,j rolla,5,4 tahun lalu,"Yang pasti dari semua terminal ferry yang ada dibatam, terminal ferry batam center ini adalah yang paling strategis (dekat dengan jalan raya). Tidak butuh waktu lama atau harus berjalan kaki panjang untuk bisa dapat transportasi umum. Akses seperti angkutan umum(angkot), bus & taksi online sangat mudah. Yang membuatnya lebih menarik adalah adanya jembatan penghubung antara terminal ferry nya dengan mall (megamall batam center). Mall nya sendiri sudah rame dan bermacam-macam isinya. Jadi sangat menarik. Kalau masih sulit untuk menemukan taksi online untuk masuk ke area jemputan (didalam terminal ferry), kita bisa ke megamall lewat jembatan penyebrangannya, dan disana ada pintu khusus untuk pemesanan taksi online. 👍 Sekedar info saja untuk taksi online dibatam, ada ""gocar (by gojek)"", ""grab"", ""maxim"" & ""in-driver"". Terminal ferry nya sendiri tidak terlalu besar, tidak juga terlalu kecil. Tapi lengkap untuk keberangkatan ke singapore & johor bahru (stulang laut & pasir gudang)"
Batam Centre,Keramik Metriza,4,9 tahun lalu,Pintu keluar menuju singapura. Dari luar tidak ada kesan ada pelabuhan ferry di sini
Batam Centre,I Gusti Ngurah Putu Mantara,5,8 tahun lalu,Salah satu pelabuhan laut yang bersih dengan fasilitas lengkap yang ada di Indonesia. Pelabuhan laut ini melayani penyeberangan menuju Singapore sehingga pelabuhan laut ini dilengkapi dengan layanan imigrasi. Penyeberangan ke Singapore dilayani dengan boat yang memakan waktu kurang lebih 45 menit. Keberangkatan boat ada setiap jam sampai pukul 22.00 wib.
Batam Centre,Emma Larra,5,4 tahun lalu,Standard seperti pelabuhan lainya yang berada dibatam👍
Batam Centre,Jay Cole,3,Diedit 5 tahun lalu,"Pelabuhan Batam Center adalah pelabuhan paling sibuk di Batam. Parkiran disini sangat susah cari yang kosong. Taxi online tidak bisa menjemput disini, selain itu kualitas pelayanan imigrasinya masih harus ditingkatkan. Jangan membedakan pelayanan terhadap warga asing dan warga sendiri."
Batam Centre,Margaretha Julia,4,6 tahun lalu,"Pengalaman ke2 dsni, nukar uang di MC lt dasar ga dikasih struk, katany mesin lg rusak, garecommend deh beli dsni, mending tukar uang di Jkt ayumas/VIP. Beli tiket ferry majestic di lt.dasar seharga 250ribu 1x jalan, antri di gate C jam 13.00, berangkat 13.30."
Batam Centre,Timotius Aswin Wijaya,3,Diedit 7 tahun lalu,Cukup nyaman. Tapi petugas imigrasi kurang ramah. Padahal kami-kami WNI ini juga yang gaji mereka melalui pajak kami. Mohon lebih manusiawi lagi dalam melayani warga negara yang akan menyebrang ke negara lain. Follow my IG: @mottzhy
Batam Centre,IMAM BUDI SANTOSO,1,4 tahun lalu,"Bulan 1 lalu aku balik dari Malaysia lewat sini,duit kayak nggak ada nilainya,biaya angkat koper 100 rb,daftar imei 80 rb tapi nggak berhasil hp nggak bisa digunakan selain pakai kartu smartfren dan masih banyak lagi biaya ini itu,jujur ya kami para TKI lebih dihargai di Malaysia daripada di negeri sendiri (Indonesia)"
Batam Centre,Surya Ardana,5,8 tahun lalu,"Tempat bagus orang orang nya juga ramah dan kita bisa langsung pesan taxi di depan dengan mudah dan rute nya cukup banyak dan jam nya padat , saya kemarin mencoba menaiki ferry dari singapore ke batam , perjalanan nya kira kira 1 jam an dengan view yang bagus dan air yang biru"
Batam Centre,Nong -,4,7 tahun lalu,"Bagi Yang mau ke Singapore/Malaysia bisa lewat pelabuhan ini, fasilitas cukup bagus, ada money changer, ATM, dan juga tempat makan dan jualan oleh² bagi yg ingin membeli oleh² khas Batam"
Batam Centre,Ima Nizz,1,8 tahun lalu,Sayang ya harga taxsi ya mahal ke Bengkong Kolam dekat aja harga y 80rb.. mau ya taxsi online boleh masuk .. saya mendukung taksi online krna memudahkan masyarakat biasa..harus y diizinkan masuk karena rezeki tu sudah ada yg ngatur.......😎😎😎
Batam Centre,ANDRIA OFFICIAL,4,7 tahun lalu,Pelabuhan yang sllu ramai setiap hari
Batam Centre,Andrean Andrean,5,9 tahun lalu,Di sini pelabuhannya paling bagus kapal ferry ke singapore malaysia di sini ada pemeriksaan passport ramainya di sini apa lagi liburan paling ramai pelabuhan batam centre lokasinya startegis
Batam Centre,Prast Putra,5,sebulan lalu,👍
Batam Centre,Dedi Sofyan,5,9 tahun lalu,"Pelabuhan yang dekat dengan mall, kantor pemerintah, alun2, Terkoneksi dengan bus trans Batam. Dan salah satu pelabuhan untuk menuju ke Singapura"
Batam Centre,Batam Transport 82 Batam Transport 82,5,7 bulan lalu,Sudah dapat tempat parkir
Batam Centre,Nova Saputra,5,8 tahun lalu,tempatnya Nyaman
Batam Centre,Susanto -,1,2 tahun lalu,"Ke lantai 2 di persulit dan harus wajib boarding pass, padahal bisa ke mega mall"
Batam Centre,Ardya Ardya,5,9 tahun lalu,Bagus. Modern
Batam Centre,MOHAMAD YEO MUHAMMAD YEO (MYYK),5,setahun lalu,DARI: 🇮🇩{REPUBLIK INDONESIA PROPINSI KEPULAUAN RIAU{🇮🇩} DAN MOHAMAD YEO{🤵}. PELABUHAN BATAM INTERNASIONAL VERI ISTIMEWA.
Batam Centre,Ibrahim Muhammad,4,7 tahun lalu,"Ramai antrian panjang imigrasi, siapkan Waktu sekitar satu jam sebelum boarding"
Batam Centre,Hartono,5,4 tahun lalu,"Keren sih, tempat bersih, staffnya ramah, ke singapore cuma 30-45menitan pake kapal cepat."
Batam Centre,Little RF Family,4,Diedit 6 tahun lalu,"Salah satu pelabuhan internasional paling ramai dan padat di batam, dari pelabuhan ini tujuan utamannya yaitu ke singapura dan malaysia.."
Batam Centre,Sujanto Tedja V-Channel,5,8 tahun lalu,Pilihan kapalnya lebih banyak untuk rute ke Johor bahru. Satu tiket bisa dipakai untuk semua kapal.
Batam Centre,isman hadi,5,4 tahun lalu,Pelabuhan penyeberangan Dari Batam ke Singapura. Pelabuhan yang bersih Dan tertata dengan baik. Keberangkatan sesuai dengan jadwal.
Batam Centre,Willson Pontoh,3,2 tahun lalu,"Imigrasi nya friendly2cuma security pelabuhan nya, nggak sopan samsek 🤣"
Batam Centre,Joe Phang,5,9 tahun lalu,"Tempat yang cukup aman dari para maling, tapi harus diperketat penjagaannya. Tempat yang bersih untuk sebuah Terminal Ferry Internasional."
Batam Centre,Batam Komunika Konsultan,4,6 tahun lalu,Bagus dan strategis. Perlu diperbagus dan direhab tempat parkir bertingkat biar bisa menampung lebih banyak... #salamjepretmaspurbatam
Batam Centre,MingArt Space,4,10 tahun lalu,Anda dapat melalui pelabuhan ini ketika ingin berakhir pekan ke Malaysia dan Singapore begitu juga sebaliknya .
Batam Centre,Thalia Laura Ivanka,5,8 tahun lalu,"Pelabuhan ferry dari batam ke singapore/malaysia. Ada money changer,restauran,minimarket,dekat dengan megamall"
Batam Centre,Pakcik Dolly,5,4 tahun lalu,Sudah mulai ramai lagi jadwal kapal yg berangkat baik SG maupun Jb
Batam Centre,Faisal Sir,5,9 tahun lalu,Terminal ferry ini didesain dengan kualitas internasional sebab menjadi meeting point 3 negara.
Batam Centre,Febri Haryanto,5,3 tahun lalu,Tempat pertama kali lawatan ke Malaysia
Batam Centre,Ho Suwandy,4,4 tahun lalu,"Come againnn 😍, agak kotor aja sekarang"
Batam Centre,ihsan btm,5,8 tahun lalu,"Terminal ferry dari dan ke Singapore dan Malaysia, tempat transite dan pintu masuk ke Indonesia..."
Batam Centre,felicia aqila,5,6 tahun lalu,Mau tanya'kalau mau masuk malaysia lewat pelabuhan batam ke stulang sudah bisa..?
Batam Centre,Siti Mariani,5,Diedit 10 tahun lalu,Ini adalah terminal ferry yang terkenal sikit lah di Batam dan juga banyak yang kunjung ke sana.di situ juga banyak pusat perbelanjaan dan terkenal deh di batam
Batam Centre,Alisya Murti Prasetyo,5,4 tahun lalu,"Harga tiket sekali jalan Rp. 400.000, kalau pulang pergi Rp. 700.000"
Batam Centre,Bio GLOBAL,4,7 tahun lalu,👍👍👌
Batam Centre,shoohibun najiib,5,4 tahun lalu,"Bagus, bersih. Tempat parkir mobilnya perlu ditambah lagi"
Batam Centre,F F Kanz,2,3 tahun lalu,"Pelabuhannya biasa aja, bea cukai nya rampok."
Batam Centre,M. Afdal,5,8 tahun lalu,cukup representative sebagai pelabuhan internasional. ke Singapur dan Johor Baru Malaysia
Batam Centre,Imam Bukhori08,5,7 tahun lalu,Pelabuhan internasional ferry batam center.foto 2 dalam dan luar ruangan pelabuhan.
Batam Centre,Moh Ali Badrudin,5,3 bulan lalu,Lancar nyaman
Batam Centre,rutksk slamet rabuman. (Rutk),5,3 tahun lalu,"Bersih,nyaman... Nb:jangan persulit pejuang rupiah..."
Batam Centre,ZAENAL ABIDIN,5,8 tahun lalu,Mudah mau ke singapur atau ke Malaysia
Batam Centre,Mata Pribadi,5,7 tahun lalu,Terasa kayak diluar negri
Batam Centre,ROMIATI,1,6 tahun lalu,"Trminal nya bgus,,,tapi ptugas nya songong songong,,udah macam paling kuat di indonesia,,tata bicara petugas kasar,,tlong di perhatikan"
Batam Centre,Jeffry Iskandar,4,10 tahun lalu,"Lumayan lah, dibandingkan pelabuhan Indonesia yg"
Batam Centre,dd 22,3,Diedit 6 tahun lalu,Terkadang ada beberapa abk fery kurang ramah terhadap penumpang
Batam Centre,"N ruli Ruliyana,Se",5,3 tahun lalu,"Terminal Ferry Internasional Batam center, melayani perjalanan pulang pergi Batam Singapura Batam dan Batam Johor Malaysia Batam"
Batam Centre,Muhammad fajri,5,setahun lalu,Pelabuhan Internasional Batam Center Kota Batam
Batam Centre,Atuak Lintau,4,3 tahun lalu,"Parkiran kurang, imigrasi kerja nya pelan"
Batam Centre,Victor Mayestika Girsang,4,7 tahun lalu,Pelabuhan ferry internasinal....dari batam ke Singapore...ato dari batam ke Malaysia...dll
Batam Centre,kaka lucky21,5,9 tahun lalu,TErminal Feery ke singapore
Batam Centre,Viedy Fachruddin,4,8 tahun lalu,Tidak enak naik pesawat terbang takut jatuh ke bwah
Batam Centre,Diecy Franky Gandasuli,5,3 tahun lalu,Mau ke singapore kewat sini dari batam
Batam Centre,blok II Korner,5,7 tahun lalu,shuttle bus tanah merah ke changi terminal 1dan
Batam Centre,Satya Dharma Nugraha,5,3 tahun lalu,Mantaaapppp benar tempat ini.....
Batam Centre,mastriyah triyah,5,5 bulan lalu,Bagus
Batam Centre,Winson Taw,5,3 tahun lalu,Pelabuhan internasional melayani negara Singapura dan Malaysia
Batam Centre,yosefin Tobing,5,4 tahun lalu,Terjaga
Batam Centre,Den Ko Ha,5,8 tahun lalu,Strategis pusat kota dekat dng pusat perbelanjaan mega mall
Batam Centre,Alfin Susila Budi Nugraha,4,8 tahun lalu,Pelabuhan internasional..
Batam Centre,Kris Hartanto,5,8 tahun lalu,"Sop tulang batam centre, warung Millenia komp Citra batam blok c no"
Batam Centre,David03,5,5 bulan lalu,Bersih
Batam Centre,Filanti Laura,5,6 tahun lalu,Ramai .. banyak orang jualan sovenir ..
Harbour Bay,Agung Juliansyah,5,6 tahun lalu,"Salah satu pelabuhan ferry internasional terbaik saat ini di Batam, Port ini sudah menerapkan Auto Gate seperti di Singapura. Tempatnya dekat dengan banyak hotel di area Harbour bay. Didalamnya juga ada tempat nongkrong Starbucks dan Morning bakery"
Harbour Bay,Zayn Al Basil,5,3 tahun lalu,"Pelabuhan yang mantap sih, gak bosan juga, karna ada Starbuck, Indomaret,circle K, KFC box, ala Kampoeng"
Harbour Bay,imawan dedy,5,4 tahun lalu,"Harbour bay ferry merupakan terminal penyeberangan transportasi ferry yang berada di pusat kota Batam. Didaerah ini juga banyak pusat perbelanjaan kota Batam maupun banyak tempat kuliner dan tempat nongkrong. Tempat cukup nyaman dan bersih, pelayanan baik."
Harbour Bay,Siti Zulyanti,1,6 bulan lalu,"Pelayanannya kurang. Tgl 9 Maret 2025, pukul 12.30 tujuan tanjung balai Karimun. Saya ada minta tolong kepada petugas penjaga X-ray untuk angkut koper saya, karena keadaan saya lagi hamil dan koper saya berat. Tapi responnya malah menyuruh saya tarok hp. Maksudnya gimana? Kan tas kecil pun udah masuk ke X-Ray, baju atau celana saya ga ada koceknya. Misal saya tarok hp pun, apakah saya bisa angkut koper saya yg lumayan berat itu untuk di X-RAY?. Padahal petugasnya laki2. Apa karena saya hamil muda dan perut saya ga keliatan besar? Atau karena petugas, bukan tukang angkut? Karena masnya, saya lemes dan mau jatuh saat masuk kapal. Untuk crew kapalnya baik mau bantuin saya. Buat masnya semoga nanti istrimu diperlakukan hal yang serupa di transportasi umum yaa 😊"
Harbour Bay,Mohd Andy,5,Diedit 11 bulan lalu,Punya pemandangan yg indah dan warung makanan yg banyak. Pelabuhan yg diminati ramai.
Harbour Bay,cynthia wulandari,5,3 tahun lalu,"Pertama kalinya saya ke pelabuhan ini, saat akan berpergian ke kabupaten Karimun Kepri, pelabuhan nya bagus bersih"
Harbour Bay,Nando Lim,3,3 bulan lalu,"Toilet nya bau, semoga di mengerti lagi"
Harbour Bay,Selvino Rumanti,5,3 tahun lalu,Pelabuhan sekaligus tempat belanja oleh2 Ngga perlu keliling mall u cari souvenir Pelayanan di harbour bay ferry juga ramah
Harbour Bay,Andi M. Fadjr,5,setahun lalu,Tempatnya bagus. sayang sampah masih banyak dilaut
Harbour Bay,marthameliasb,5,2 bulan lalu,Pelabuhan fave se-Batam.
Harbour Bay,hidayatullah muhammad,5,5 tahun lalu,Kawasan Bisnis dan Pelabuhan yg terlengkap di Batam. + Bersih + Arsitektur Modern + Fasilitas Lengkap + Aman dan Nyaman + Pemandangan laut yg bagus + Setiap sudut bisa menjadi spot foto yg menarik dan indah.
Harbour Bay,Dedy Irawan,1,setahun lalu,"T Peraturan imigrasi ribet, padahal sudah beli tiket pulang pergi melalui pelabuhan harborbay. Karena ktp medan.tidak dizin kan masuk, dan anehnya lagi , karena baru pertama kali lewat harbourbay,"
Harbour Bay,Agus Widjiantoro,5,8 tahun lalu,"pelabuhan internasional di batam,tepatnya dekat pelabuhan batu ampar."
Harbour Bay,Heri Purwanto,2,7 tahun lalu,"Di dalam lumayan rapi dan adem di luar ga lebih baik dari terminal bis, semrawut, penunjuk arah kurang. 🙈"
Harbour Bay,hengki prastiyo,5,6 tahun lalu,"Kebetulan pas nyari pelabuhan paling dekat dari bandara ,langsung mampir di Harbourbay.."
Harbour Bay,evn aja,3,2 tahun lalu,"Terminal & pelayanan ok. Sayangnya penjaga box parkir songong² gaya nya, tak ada ramah² nya walau disapa dan saya bilang terima kasih malah buang muka. Itu perlu diperbaiki karena ini pelabuhan internasional, walau mungkin turis² tidak berinteraksi langsung dgn penjaga box parkir."
Harbour Bay,SUNARTO PEK,3,setahun lalu,Tempat tunggu penumpang sebelum masuk ke ruang keberangkatan terlalu sedikit. Kasihan yg bw org tua dan anak2 gak dpt duduk.
Harbour Bay,Ayah Kareem EL ULIMY,5,4 tahun lalu,"Ada beberapa ferry di tempat ini, sebelum covid digunakan untuk menyeberang ke SG."
Harbour Bay,giovanni basanta,3,9 tahun lalu,Tempat pelabuhan ferry ke tanjung balai dan singapore serta malaysis.byk makanan di sini
Harbour Bay,Suryanti Agustina,5,4 tahun lalu,"Ramai lagi harbour bay ferry setelah covid reda, alhamdulillah"
Harbour Bay,Redho Ferdian Akmal,5,6 tahun lalu,Bisa lihat sunset di sini
Harbour Bay,samsuniar arifin,5,2 tahun lalu,Pelabuhan yg mewah
Harbour Bay,Sir'an efendi Efendi,5,3 tahun lalu,"Senang berada di tempat ini, tempatnya sangat bagus"
Harbour Bay,dedi sumardi,5,9 tahun lalu,"PELABUHAN HARBOUR BAYJika berkunjung ke Pulau Batam, tidak afdol rasanya jika tidak berkunjung ke Pelabuhan Harbour Bay. Pelabuhan Harbour Bay tidaklah seperti pelabuhanbiasanya terlebih pemandangannya di malam hari. Dari sini, kita bisa melihat lampu – lampu negara Singapura yang begitu indah. Wajar saja, banyak restoran bertarif mahal berjejer di wilayah pelabuhan Harbour Bay. Kini Pelabuhan Harbour Bay telah menjadi salah satu destinasi wisata di pulau Batam."
Harbour Bay,Syafril Midiyato,3,2 tahun lalu,Jadwal kapal yang teratur sedikit saran mungkin kursi di ruang tunggu harus selalu di periksa kebersihannya.
Harbour Bay,Pehankayyah Abdul,1,7 tahun lalu,"- Tempat check in sharus nya pas masuk area terminal area keberangkatan , bukan di lantai 2 supaya penumpang tidak bolak balik - Sebaiknya VIP lounges bisa digunakan at least 1 jam 30 menit sebelum keberangkatan , bukan 30 menit sebelum nya baru d perbolehkan masuk ke VIP room nya - Pengalaman saya sejauh ini di berbagai tempat yg pernah saya kunjungi, selalu di sedia in tempat buat Tas Tangan biar tidak kotor ato rusak saat melewati x-ray checking, sayang nya di sini tidak tersedia - luggage buat VIP class, seharus nya priority , jd gk harus nggu sampe smua penumpang lain habis baru laguge VIP class muncul, dan ini selalu terjadi di sini - Ini smua pendapat saya saja, kurang lebih mohon maaf"
Harbour Bay,Hanif Kharisma Trashasri Amiseno (HAKHATA),5,5 tahun lalu,Salam satu pelabuhan ferry yg nyaman dan bersih. Sudah serasa berada diluar negeri karena lingkungan nyan tertata dan bersih juga nyaman sekali. Di sore hari tempat ini bisa dijadikan tempat bersantai dan juga berolahraga untuk masyarakat sekitar. Bisa jadi tempat pilihan juga menghabiskanian waktu. Dan dapat melihat pemandangan Singapura dari sini. Tempat yg indah dan nyaman sekali
Harbour Bay,Master Clear,4,5 tahun lalu,tertata rapi.. tetapi sangat sepi
Harbour Bay,Sagi Gurl,4,3 tahun lalu,"Tongkrongan baru favorite nya anak Batam. Saya lebih suka kesini saat malam, Karna Kalau sore masih panas cuacanya"
Harbour Bay,Noval Reza,3,5 tahun lalu,"Salah satu pelabuhan penyeberangan utama di Batam selain pelabuhan Sekupang. Sebelum pandemi, pelabuhan ini sangat ramai baik oleh penumpang maupu oleh aktivitas bisnis dan wisata. Namun setelah pandemi, layanan pelabuhan ini sepeti kolaps, servis tetap berjalan namun sangat minim. Penerangan kurang, eskalator mati (mgkin utk penghematan) and the worse is toilet, jorok, rusak & tidak ada petugas yg membersihkan (yes, the 3 star is for the toilet). Oh ya..selama pandemi jadwal penyeberangan ke TBK menjadi 3 kali sehari yaitu jam 09.00, 15.00 dan 17.00."
Harbour Bay,Awan Cerah,5,5 tahun lalu,Ongkos ramah dikantong 😁
Harbour Bay,Budi Setiawan,5,7 tahun lalu,Pelabuhan dgn aktifitas lumayan sibuk dengan melayani rute ke domestik dan international. Saya sendiri melakukan perjalanan dari Tanjungbalai Karimun ke Batam lanjut menggunakan pesawat ke Jakarta dan Semarang.
Harbour Bay,Fitrah Ariadi,3,setahun lalu,Tolong beri Sign diluar atau dibawah marriot biar mudah cari tempatnya!
Harbour Bay,ikan hiu,5,6 tahun lalu,"Salah satu pelabuhan internasional terbaik yang dimiliki oleh Batam ini. tempat sangat bersih, parkiran juga sangat luas, serta terdapat banyak sekali tempat kuliner,oleh oleh ataupun tempat bersantai minum kopi sejenak sebelum berangkat atau pergi dan tempat pelabuhan ini tidaklah padat pengunjung keluar masuk, boleh dibilang terkadang sepi. untuk kekurangannya saya berharap lebih baik dan baik lagi, baik segi pelayanan ataupun yang , leboh ditingkatkan. hehehe"
Harbour Bay,INSPIRASI ALAM,3,6 tahun lalu,"Tempatnya santai, ditepi laut"
Harbour Bay,Aang Gunawan,4,7 tahun lalu,Pelabuhan penumpang yang maau ke singapura
Harbour Bay,Kivlan Zein,1,8 tahun lalu,Tempat ini ojek pangkalannya tdk ramah dgn penumpang aplagi dgn penumpang yg memakai jasa angkutan online...kalau kasi harga seenaknya...mahalnya selangit tlong di tertibkan opangnya
Harbour Bay,Hey its MA,1,5 tahun lalu,"Bagus tapi petugas covid nya nyolot nauzubillah saat saya menanyakan surat edaran yang menyatakan anak di bawah umur 10 tahun wajib melampirkan surat kesehatan. Petugas menjawab; menanyakan surat edaran biar apa? Biar pintar ?. Disuruh ke agen tiket minta surat kesehatan untuk ponakan umur 9 tahun. Sudah ke agen tiket berkali kali tapi agen tiket nya menginformasi bahwa itu tidak benar, anak di atas 10 tahun baru wajib surat kesehatan. Sebelumnya keluar masuk batam dalam waktu dekat tidak ada masalah kecuali hari ini. Lucu nya petugas covid tidak bisa menjawab dan semakin nyolot kalo tidak ada surat tidak boleh keluar Batam naik ferry sampe manggil security untuk handle kita padahal saya cuma menanyakan surat edaran & menyampaikan informasi dari agen tiket. Security menyarankan ikutin saja perintah petugas covid. Agen tiket terpaksa menuliskan data ponakan saya tanpa cek tensi untuk mengeluarkan surat kesehatan demi mempercepat keadaan karena takut di tinggal kapal. Saya lupa nama petugas nya siapa. Tapi 2 perempuan yang satu pake kacamata yang paling nyolot yang bertugas hari ini tanggal 26/04/21 pukul siang. Buat yang berpergian dengan anak di bawah 10 tahun, saya sarankan untuk mengumpulkan bukti edaran yang menyatakan anak di bawah 10 tahun wajib surat kesehatan saat hendak keluar area pulau batam. Jika suatu saat terjadi atau bertemu dengan petugas covid yang sama, bisa sebagai bukti."
Harbour Bay,Bibin Manalu,5,Diedit 5 tahun lalu,"Keren tempat nya bagus, cuman mall nya dah mati dan juga jauh kalau mau ambil grab atau gojek dari pelabuhan"
Harbour Bay,Andhika Utama,5,5 tahun lalu,Melayani kapal dengan rute batam - tg balai karimun. Akses ke kota yang dekat dan berada di komplek yg super lengkap
Harbour Bay,Everdineone Kambey,4,9 tahun lalu,"Beda banget dengan keteraturan di Spore,.. disiplin, teratur, kebersihan,.. blom bgt bagus Pelayanan wheelchair baik orang nya"
Harbour Bay,Fyntia Warouw,4,8 tahun lalu,"Lumayan bersih dan besar. Bagian depannya jg mulai ditata bagus. Cari taxi gampang, hotel bisa lsg jalan kaki."
Harbour Bay,Muhammad Frederiyk,5,5 tahun lalu,Suka view seberang nya
Harbour Bay,Yaakesanakesini.,5,2 tahun lalu,Beli tiketnya mudah. Tempat nunggunya juga nyaman. Masuk ke kapalnya juga ga rebutan.
Harbour Bay,The Baking Republic,4,8 tahun lalu,"Paling enak nyebrang ke SG lewat Harbour Bay, parkiran luas dan gak rebutan. Lebih nyaman dan gak pake antrian mengular yang sangat lama."
Harbour Bay,Irmantoni Piliang,5,3 tahun lalu,Pelabuhan ferry habourbay melayani tujuan : Singapore Tanjung balai karimun Tembilahan
Harbour Bay,Azis Aemo,5,3 tahun lalu,Salah satu pelabuhan ferry terbaik dikota batam yang bersih & tertata rapi.
Harbour Bay,Syarif Hidayat,1,6 tahun lalu,"TOLOL,,,, pelabuhan tapi gak ada kapal laut buat nyebrang. Mending ke Sekupang"
Harbour Bay,Roy M G,4,5 tahun lalu,Karena covid dan penyebrangan ke Malaysia dan Singapura ditutup jadi sepi
Harbour Bay,Agus Sapitra,1,4 tahun lalu,Pelabuhannya elegan
Harbour Bay,Yosi Charly,3,8 tahun lalu,Penumpang ga diizinin masuk keruang tunggu sampe kapalnya udah nyandar di pelabuhan
Harbour Bay,ros daeli,5,8 tahun lalu,"Lumayan bagus, bersih, dan banyak jajanan oleh2 gitu. Kesini bisa pake taksi atau transBatam"
Harbour Bay,Bettan Kiyai Padang,5,3 tahun lalu,Pelabuhan utk menyeberang ke Singapore dan Malaysia sert ke Karimun
Harbour Bay,ᄅ ᄐ ᄂ ᄆ,5,5 tahun lalu,Sayang taksi online tak bisa jemput penumpang didalam lokasi
Harbour Bay,Kristi Yono,5,5 tahun lalu,Mau ke Tanjung Balai Jarimun..masih teringat ama harbour bay
Harbour Bay,Dilla fadilla,4,Diedit 8 tahun lalu,Ruang tunggu di dalam lebih bagus. Petunjuk arah kurang jd adikiy agak bingung bagivyg prtma kali
Harbour Bay,yudhi wiratama,4,5 tahun lalu,Representatif dan menu makanan seafoodnya cukup lengkap
Harbour Bay,Shiro Gaming,4,6 tahun lalu,Tempat bgus.. Cma belum sempurna.. Ad sebagian bangunan blm selesai
Harbour Bay,Team 168 body conversion solo,5,5 tahun lalu,Tempatnya bagus dan ramah tamah penduduknya
Harbour Bay,muhamad athar,5,3 tahun lalu,Pelabuhannya bagus sekali kayk di singapur
Harbour Bay,puput handayani,1,setahun lalu,Lantai 2 nya panas
Harbour Bay,Listy Wijono,4,8 tahun lalu,Sangat menyenangkan kalau mau menyeberang ke pulau pulau di sekitar Pulau Batam
Harbour Bay,MAS TRIMBLE Channel,5,7 tahun lalu,Pelabuhan domestik dibatam yang banyak digunakan oleh turis lokal dan luar negeri
Harbour Bay,Fardhan Aqib,5,2 tahun lalu,Cepat dan nyaman
Harbour Bay,Kamila Gemstone,5,7 tahun lalu,Sore hari suasanya lebih adem.. dengan pemandangan lampu2 restoran juga hotel..
Harbour Bay,thoms studio,5,5 tahun lalu,Pelabuhan yang bagus. Rapih. Nyaman
Harbour Bay,Hendro Sairin,5,5 tahun lalu,"View bagus, makanan enak"
Harbour Bay,MAS SUY,5,2 tahun lalu,Kereen bersih mewah tertib
Harbour Bay,Jusak Hartono,3,9 tahun lalu,ok lah....cuma bingungin untuk yg pertama tentang pake ferry.
Harbour Bay,Yanto Overseas,4,7 tahun lalu,Pelabuhan laut yg nyaman dan mudah dijangkau
Harbour Bay,Fitria Apriyani,5,setahun lalu,Bagus. Akses dekat
Harbour Bay,arsip garden,4,Diedit 8 tahun lalu,Pelabuhan ferry yang cukup besar tetapi sepi.
Harbour Bay,Dafit Yansen,5,setahun lalu,Tempat asri dan bersih
Harbour Bay,Ferri Aguswan,4,8 tahun lalu,Pelabuhannya sudah tertata dengan baik.
Harbour Bay,I Made Kasa Astawa,5,3 tahun lalu,Banyak restaurant dan hotel di area ini
Harbour Bay,Afidzman,5,5 tahun lalu,Sudah sangat baik dari sebelumnya
Harbour Bay,kenzy ferdano,5,setahun lalu,Mall nya megah
Harbour Bay,Andi Yusuf Patrix,5,7 tahun lalu,"Bersih, banyak pilihan untuk kulinernya."
Harbour Bay,Aulia Achmad,4,3 tahun lalu,Siip
Harbour Bay,Sony Rusli,5,5 tahun lalu,Keren banget deket ama Singapur
Harbour Bay,Al Fajri,5,4 tahun lalu,pelabuah international dekat dengan hotel
Harbour Bay,Ira Sutanti,5,setahun lalu,Suasananya nyaman
Harbour Bay,faris fadia,4,8 tahun lalu,"Pintu gerbang Indonesia,cukup baik dan indonesia bangeett.."
Harbour Bay,Arif Petualang,4,7 tahun lalu,Pintu masuk keluar pulau Batam ke Singapura
Harbour Bay,Sumarno 23,5,4 tahun lalu,👍
Harbour Bay,Wiwid Widodo,5,4 tahun lalu,Mak nyuss
Harbour Bay,Devi Tinambunan,5,4 tahun lalu,"Keren, elite, bersih"
Harbour Bay,Didan Wahid,5,setahun lalu,Bagus
Harbour Bay,Sunni May,5,4 tahun lalu,Tempatnya cantik
Harbour Bay,Yaser Aser,5,3 tahun lalu,👍👍👍
Harbour Bay,EKO ADI SAPUTRO,3,4 tahun lalu,Sepi sejak pandemi
Harbour Bay,maulani yulian,5,5 tahun lalu,"nyaman, bersih"
Harbour Bay,Guntur,5,5 tahun lalu,Cukup nyaman
Harbour Bay,Rudi Malinta,4,3 tahun lalu,Pelabuhan internasional
Harbour Bay,Alifa Safira,4,4 tahun lalu,Tugas pam lebaran
Harbour Bay,Zulin Muflihah,3,5 tahun lalu,Nyaman
Harbour Bay,uthemo grey,1,8 tahun lalu,Pelayanan kurang ramah
Harbour Bay,Gerys Adhanisal,4,9 tahun lalu,Bersih dan Nyaman
Harbour Bay,Nurpin Purba,4,7 tahun lalu,"Bagus, dekat dengan mall"
Harbour Bay,Hendra Tamara,1,7 tahun lalu,Banyak maling di parkiran
Harbour Bay,Burhan,5,8 tahun lalu,Pelayaran
Harbour Bay,Rully Setyawan,5,8 tahun lalu,Tempat bersih
Harbour Bay,Andri Walles Cius,5,8 tahun lalu,rapi dan bersih
Harbour Bay,adril syah,1,7 tahun lalu,Transportasinya tidak bebas
Harbour Bay,Suaidil Aidil (Aidil),5,3 tahun lalu,Padat
Harbour Bay,Suhaibi,5,3 tahun lalu,Joging
Harbour Bay,SCNS Family,5,8 tahun lalu,mantap
Harbour Bay,PARSAULIAN,4,8 tahun lalu,Keren
Harbour Bay,Denny Wingstond,5,8 tahun lalu,Keren dahh
Harbour Bay,Edy Susanto,5,Diedit 7 tahun lalu,Batam
Harbour Bay,Aries Susanto,5,sebulan lalu,Saya ingin ke pulau nirup. Lewat dari sini. Pelabuhannya lumayan ramai. Bisa juga kesingapore dan malaysia.
Harbour Bay,The Wanderer Guy,5,7 bulan lalu,"Salah satu terminal feri yang bagus di Pulau Batam, berpenampilan modern dan terawat dengan baik, terhubung dengan banyak toko dan food court. Diterjemahkan oleh Google ・ Lihat versi asli (Inggris)"
Harbour Bay,K L CHUA,5,8 tahun lalu,"Tidak terlalu ramai. Saya sangat menyukai Roti'O di sana. Setelah keluar dari feri, ada banyak warung makan yang menjual berbagai macam makanan. Banyak hotel di dekatnya, banyak pilihan yang bisa dijangkau dengan berjalan kaki. Diterjemahkan oleh Google ・ Lihat versi asli (Inggris)"
Harbour Bay,Alona Kaunang,5,Diedit 3 tahun lalu,"Tempatnya bagus, bersih, dan rapi. Saya datang ke sini pagi-pagi sekitar jam 06.45, jadi tidak terlalu ramai. Diterjemahkan oleh Google ・ Lihat versi asli (Inggris)"
Harbour Bay,Azizah,5,3 tahun lalu,"Terminal Feri Harbour Bay adalah salah satu pelabuhan Batam di seluruh pulau. Terletak di dalam mal dan di samping Hotel JW Marriot. Dari sini kita bisa pergi ke Singapura dan Malaysia, Puteri Harbour. Loket tiket terletak di lantai 2 di dalam mal, pastikan untuk mengikuti petunjuk dan rambu, Anda tidak akan tersesat. Untuk keberangkatan pertama di pagi hari, perlu menuju gerbang dekat Starbucks, karena gerbang utama mungkin belum dibuka. Diterjemahkan oleh Google ・ Lihat versi asli (Inggris)"
Harbour Bay,Roy SADO,5,5 tahun lalu,"Tempat yang bagus untuk singgah dari feri Jeety, karena di dalamnya ada kedai kopi untuk bersantai dan juga dekat dengan hotel.. dan jika Anda datang terlambat ke sini, Anda juga bisa makan di sebelahnya, ada nasi padang dan lain-lain... Diterjemahkan oleh Google ・ Lihat versi asli (Inggris)"
Harbour Bay,Janice Teo,5,8 tahun lalu,Terminal yang bersih dan dekat dengan pusat kota. Saya suka karena tidak terlalu ramai dan ber-AC dengan nyaman. Kartu SIM dapat ditemukan di terminal. Diterjemahkan oleh Google ・ Lihat versi asli (Inggris)
Harbour Bay,Noor HezAin,3,7 tahun lalu,"Ada Starbucks untuk menikmati kopi atau sepotong kue sambil menunggu feri Anda. Ada juga pilihan makanan . Di gedung yang sama, Hotel Marriott akan segera beroperasi. Diterjemahkan oleh Google ・ Lihat versi asli (Inggris)"
Harbour Bay,Willy W,1,8 bulan lalu,"Layanan taksi ini sangat buruk dan tidak dapat diterima. Saya diberi mobil dengan AC yang rusak, yang membuat perjalanan sangat tidak nyaman. Selain itu, pengemudi sama sekali tidak bisa berkomunikasi, sehingga tidak ada cara untuk menjelaskan atau menyelesaikan masalah dengan benar. Jaraknya hanya sedikit lebih jauh, namun pengemudi menaikkan tarif tanpa alasan yang jelas. Tidak ada penjelasan, tidak ada diskusi, tidak ada profesionalisme. Saya merasa dimanfaatkan dan sepenuhnya diabaikan sebagai pelanggan. Ini adalah pengalaman yang membuat frustrasi dan mengecewakan. Saya tidak akan menggunakan layanan ini lagi dan tidak merekomendasikannya kepada siapa pun yang mengharapkan standar layanan dasar dan harga yang jujur. Diterjemahkan oleh Google ・ Lihat versi asli (Inggris)"
Harbour Bay,Nurawr Oh,2,11 bulan lalu,"Penumpang yang tidak memiliki tiket kelas bisnis dapat masuk dan naik feri bersama kami. Tidak ada sistem untuk memeriksa tiket dengan benar - buang-buang uang jika Anda membeli tiket Kelas Bisnis untuk memprioritaskan naik feri. Stafnya berantakan dan tidak teratur. Salah satu staf memberi tahu kami (keluarga dengan bayi dan anak kecil) bahwa kami harus duduk di area umum terlebih dahulu, tidak perlu mengantre untuk masuk dulu dan mereka akan memanggil kami untuk memberi tahu kami bahwa kami dapat masuk. Tetapi pada akhirnya tidak ada yang melakukannya dan kami harus bergegas bergabung dengan antrean yang sudah terbentuk. Toko-toko di sana cukup memadai untuk mengisi waktu kami sambil menunggu proses naik feri dimulai. Diterjemahkan oleh Google ・ Lihat versi asli (Inggris)"
Telaga Punggur,Niki Suryo Seto,5,2 bulan lalu,"pertama kesini dan baru tau proses di pelabuhan sudah sebaik ini, harga juga oke dengan mangkas waktu yang jauh banget kalau ferry 1 jam lebih speed boat cuma 10 menit"
Telaga Punggur,Dewi Sulistyowati,5,4 bulan lalu,"Pelabuhan yang melayani tujuan rute Bintan (Tanjung Uban) naik speedboat harga tidak sampai 60 ribu lama perjalanan 20 menit dan tujuan Tanjungpinang (Sri Bintan Pura) naik Ferry dengan harga tiket 80.500, lama perjalanan 1,5 jam."
Telaga Punggur,kurniasih Bantul3,5,6 bulan lalu,Tempat penyeberangan dari Batam ke Pulau Singkep lumayan rame jika hari raya. Hanya fasilitas kurang luas ruang tunggunya. Tapi pemandangan sekitar sangat bagus lautnya tenang pokoke ok lah
Telaga Punggur,Imam Kurniawan,5,8 bulan lalu,"Tempat pulang pergi nya penumpang kapal atau pun roro terbaik di batam.... Terkadang juga sering dijadikan tmpt transaksi kirim barang luar pulau, sudah jarang terjadinya keributan antar pangkalan ojek didaerah tersebut..."
Telaga Punggur,Febrie Purwoandhika,4,setahun lalu,"Kebersihan Pelayanan Dan keramahtamahan cukup. Fasilitas sarana Dan prasarana baik. Sewaktu disini menyeberang dengan Ferry cepat seharga Rp 80.000,- an. Berangkat satu jam sekali ke Tanjung Pinang, durasi sekitar satu jam kurang."
Telaga Punggur,SUPRIYADI,4,5 bulan lalu,"Bagus kok tempatnya, hanya saya belum tahu apakah bisa beli tiket kapal Ferry pakai online seperti tiket kapal Roro sebelah, setidaknya menghindari antrian dan mempermudah konsumen dalam bepergian.salam"
Telaga Punggur,Imam Kurniawan,5,6 bulan lalu,Terminal super sibuk di Batam... Yang melayani penyebrangan antar pulau... Padat lalu lalang
Telaga Punggur,Reza Giovani,1,6 bulan lalu,"Selalu overload saat musim liburan, dg kursi ruang tunggu terbatas dan ruangan yg panas..seharusnya dg PAD yg ada bisa utk diprioritaskan kenyamanan penumpang mengingat pelabuhan utama dr batam ke tanjungpinang"
Telaga Punggur,dewi ida,3,setahun lalu,"Tiba di Terminal Feri Telaga Punggur di Batam setelah melalui perjalanan 1 jam dari Terminal Feri Sri Bintan Pura, Tanjung Pinang dengan Kapal Oceanna 7. Terminal tidak terlalu besar & untuk ke daerah Nagoya Batam memerlukan waktu 30 menit dengan taksi offline seharga 130.000 yang mudah ditemui di luar pintu kedatangan."
Telaga Punggur,PAPASEMreview,4,5 bulan lalu,Cemana lah ya.. Perlu adanya petugas yg bersifat komunikatif.. Buat apa klian rame2 tegak dstu klo apda cuek
Telaga Punggur,Djer.Dolanan,4,setahun lalu,"Terminal Fery khusus penumpang ke Tanjung pinang, sebelumnya sempat kesasar ke terminal Fery khusus kendaraan 😄😁 Terminal Fery bersih dan lapangan parkir yg luas, hanya pas ke toilet kotor mungkin masih pagi petugas mengerjakan hal yg lain, overall informasi dan signage sangat membantu Kalo pagi masih bisa lihat sunrise yg bagus disini"
Telaga Punggur,Inayatun,5,Diedit setahun lalu,"hmmm pelayanan cukup, not good but not bad. yg paling mengganggu di sini, mungkin di setiap pelabuhan juga sama, adalah harus menemui sopir taksi yg terus saja nanya2 kau mau ke mana di setiap langkah. iya, di setiap langkah, oleh orang yang berbeda2. kalau baru tiba di pelabuhan dan ingin ke pusat kota, aku bisa sarankan naik trans batam saja. keluar dari pintu masuk pelabuhan tinggal belok kiri lalu jalan sedikit sampai ketemu halte bus. tarifnya cuma 5 ribu, setahuku kalau naik taksi harus bayar setidaknya 100 ribu. tapi kalau naik trans batam, harus tau mau berhenti di halte mana, kalau perlu blg dr awal ke sopir busnya, krn jalannya laju sekali."
Telaga Punggur,Novi Yansyah,4,5 bulan lalu,"Lumayan bagus, arus mudik tidak ribet, tidak ngantri, minus ruang kurang pelabuhan pendinginan, terasa sedikit panas"
Telaga Punggur,Alvin,5,3 minggu lalu,Terminal Ferry Telaga Punggur bisa karena televisi Jumat membatasi spasi Telaga Punggur gimana? Karena diakuisisi jelaskan kompatibilitas berkualitas kualitas.
Telaga Punggur,FERDIAN DWI FITRA,5,setahun lalu,"Pelabuhan Yang sangat besar Ada beberapa Kapal yang bisa kita naiki seperti Kapal Ferry, Kapal Roro, Dan Kapal Speed boat untuk fasilitas pelabuhan sangat baik pelabihan Juga sangat bersih dan mempunyai lahan parkir yang sangat luas bintang 5 buat Pelabuhan ini"
Telaga Punggur,House Rent Bukit Indah Sukajadi Batam,3,setahun lalu,"Nyeberang kali ini dari Batam ke Tanjung Uban dapat Ferry Roro yang ada Ruang VIPnya, bayar sih Rp. 25.000/orang. Konpensasi dari bayar ini Kita dapat Snack box ( berisi wafer, crakers, snack snack product Malay ), dan ada tersedia air panas termasuk disediakan kopi sachet, teh, gula. Dispensernya tersedia air normal dan air panas. Tidak semua Roro ferry Penyeberangan dari Batam ke Tanjung Uban maupun sebaliknya ada ruangan VIP ini."
Telaga Punggur,"Ir. Rahmat ST, MT, IPM, APEC Eng",5,2 tahun lalu,"Secara keseluruhan bagus, hanya posisi turun penumpang dengan pintu masuk jaraknya cukup jauh. Apabila keadaan ramai, maka para penumpang harus menaiki anak tangga dan cukup menguras tenaga. Ada gerai Indomaret dekat area parkiran kendaraan roda 4. Pelabuhannya sangat ramai meski tidak di saat jam sibuk. Airnya biru dan sangat jernih, sehingga sangat memanjakan mata..."
Telaga Punggur,Seneng Dolan,5,4 tahun lalu,"Pelabuhan penyeberangan dari Batam Ke tanjung pinang, Tanjung Uban, dan pulau² . Yang disayangkan, tempat turun dan naiknya hanya di 1 pintu, jadi kalau musim liburan penuh sesak berdesak²an. Harusnya pihak tiketing dan pihak kapal komunikasi dg baik, sehingga tidak ada penumpukan penumpang. Pengalaman libur seblum idul fitri kmren, sampe tergencet² karna terjadi penumpukan baik di ruang tunggu maupun antri sebelum masuk kapal. Penuh sesak. Semoga sistemnya lebih dibenahi lagi kedepannya. Selebihnya oke aja sih, kalau dihari² biasa ya ga penuh dan ga berdesakan."
Telaga Punggur,Hhadiyat,4,3 tahun lalu,"Terminalnya bersih dan rapi. Proses drop off penumpang, pembelian tiket dan masuk ke kapal sangat mudah. Harga tiket nyeberang ke Tanjung Pinang Rp. 79rb per org (2023). Tersedia eskalator dan lift utk penyandang disabilitas. Utk urusan perut juga banyak sekali makanan pilihan (bahkan ada resto nasi padang 😁). Kalau dinding interiornya bisa dipasang seni instalasi dan warna catnya tidak cream akan lebih terlihat cozy tapi dan modern lagi dermaganya."
Telaga Punggur,Ruziana Fathruzi,5,4 bulan lalu,"ternyata untuk angkutan online sudah berpindah ke dekat gapura kampung tua, lumayan jalan nanjak. Tapi bisa naik trans batam yang parkirnya lebih dekat, harga murah 5 ribu/orang"
Telaga Punggur,SM MM 88,5,2 tahun lalu,"Tahun 2016 terakhir saya ke batam, tahun 2024, saya kesini lagi, saya sampai lupa dengan banyaknya perubahan pada terminalnya... semua sudah berubah, dan modren, sudah lebih baik....semoga pelayanannya juga lebih profesional...👍👍👍👍"
Telaga Punggur,Rhylsi,5,Diedit 3 tahun lalu,"Bersihh selaluu, no comment hehe untuk harga tiket rasanya setahun udah naik 😂 .. lumayan juga kalo batam pp tanjungpinang tiketnya 69k + 10k"
Telaga Punggur,Mas Piang,5,Diedit 7 tahun lalu,"Tempatnya rame....hilir mudik penumpang Tujuan Tanjung Pinang (PP), Tanjung Pandan, Jagoh Dabo Singkep & Daek Lingga Tiket PP lebih murah daripada one way, selisih 15ribu (sudah termasuk boarding -10rb) Akses dari batam gampang, bs order driver online dari hotel Akses keluarnya yg susah, harus ada jemputan ato akan berurusan dengan driver taksi yang berisik. Kayak diterminal-terminal Besar dijawa tahun 2000-an (secara sekarang hampir semua terminal Besar dijawa sudah cukup nyaman) Hehe pastikan punya kenalan yang jemput ato punya nomer driver online biar bisa kontak offline (pst....rahasia y 😅)"
Telaga Punggur,Al Bana,5,setahun lalu,Fasilitas cukup baik.. Pelayanan Lumayanlah.. Berbagai Tujuan Kepulau-pulau di Kepri..
Telaga Punggur,Mohammad Rivan,3,8 tahun lalu,"Kondisi pelabuhan masih dalam tahap pengembangan pembangunan, tapi terlihat mangkrak karena proyek belum dilanjutkan. Beberapa bagian seperti eskalator juga sudah tidak berfungsi. AC kurang memenuhi untuk mendinginkan ruangan. Terlihat seperti perencanaan yang kurang matang. Semoga bisa menjadi masukan yang baik untuk pengembangan dermaga punggur."
Telaga Punggur,zafran arka,5,7 tahun lalu,"Terminal punggur sekarang sudah tambah bagus rapi dan bersih...semoga kedepannya tambah bagus..saran saya untuk ke tanjung pinang gunakan kapal oceana selain tiketnya murah, kapal on time didalam kapal ada yang jual aqua, teh botol dan mie gelas..perjalanan nyaman dan waktu tempuh antara 45 menit sampai 1 jam perjalanan."
Telaga Punggur,andreas deny christanto,4,4 tahun lalu,"Pelabuhan penumpang yang ada di pulau batam, tujuan utama adalah ke pulau Tanjungpinang. Untuk tujuan Tanjungpinang tersedia kapal setiap 1 jam sekali. Tempatnya luas dan nyaman, parkiran luas sehingga mudah untuk mencari parkiran mobil. Tersedia konter tiket kapal untuk keberangkatan ke berbagai tujuan"
Telaga Punggur,petra sarasati,1,setahun lalu,"Sakit hati banget, mau nyusuin anak di ruang menyusui gak dibolehin petugasnya alasanya dilarang petugas karantinaa. Malah di arahin ke bilik itu tanpa kursi atau apapun. Oknum ibu2 pegawai asdp batam ini gak punya hati nurani banget, dalam di dalem pas saya tanya baik2 cuma main hape dan sangat siniss"
Telaga Punggur,D.A Risma,5,Diedit 8 tahun lalu,"Ruang tunggunya nyaman, fasilitas toilet juga bersih, lebih tertib dan rapi dari sebelumnya. Dengan sistem pelayanan yang baru bagi yg ingin berpergian harus sudah stand by 30 menit sebeljm jadwal keberangkatan karena jarak tempuh dari tempat pembelian tiket ke ponton kapal lumayan jauh, sekitar 15-20 menit berjalan kaki."
Telaga Punggur,Aria Bagiasa C,4,setahun lalu,"Pelabuhan Punggur di Batam adalah salah satu pelabuhan penting yang melayani transportasi penumpang dan barang, khususnya untuk rute Batam–Tanjung Pinang dan Batam–Pulau-pulau di sekitar Kepulauan Riau. Terletak di bagian timur Pulau Batam, pelabuhan ini menjadi pusat konektivitas bagi masyarakat yang bepergian antar-pulau menggunakan kapal feri dan speedboat"
Telaga Punggur,acua acua,3,5 bulan lalu,"kurang profesional dalam masalah antrian penumpang saat mau boarding dan masuk ke kapal, diharapkan kepada operator kapal ferry dapat menerapkan kembali no kursi penumpang sesuai yg tertera pada tiket penumpang saat pembelian tiket"
Telaga Punggur,Adimas Bagus Nuripto,5,3 tahun lalu,"Ya namanya juga pelabuhan , tempat singgah banyak oranh, dan dr 2012 sampe sekarang Punggur selalu berkembembang jadi ga bisa berkata apa2 untuk yg sekarang karena masih ada renovasi"
Telaga Punggur,Pindi Tjhin,3,setahun lalu,"Naik Ferry dari Telaga Punggur ke Tg Uban Cukup 15 Menit Harga Tiket hanya 64.500 / Orang , Antrian Cepat , cuma kapal nya agak delay kemudian Penumpang melebihi kapasitas dan tidak dapat tempat duduk, kemudian berbahaya karena tidak di batasi sesuai tempat duduk yang ada , diharapkan operator kapal bisa sesuaikan penumpang sesuai dengan tempat duduk, karena kami yg blm terbiasa ikut kuatir overload dan berbahaya terhadap keselamatan"
Telaga Punggur,La Nuruhaka,5,2 bulan lalu,"Pelayanan yang Ramah dari Penjual Tiket,Scan pas Masuk Antrian/Ruang Tunggu,dan Scan Tiket Masuk Menuju Kapal."
Telaga Punggur,Astri Oktafiandri,5,2 tahun lalu,"bersih, dan kapal berangkat sangat on time. kapal pertama lumayan sepi jam 07.30 kapal berangkat 07.31. kapal dari pinang lebih cepat dari tiket harusnya jam 15.00 tapi jam 14.45 sudah berangkat tapi lumayan full"
Telaga Punggur,Ade Jaya S,5,2 tahun lalu,"Pelabuhan Punggur salah satu pelabuhan domestik yang ada di Kota Batam. Letaknya kurang lebih 40 menit dari pusat kota Batam di Nagoya. Untuk pergi ke pelabuhan anda bisa menggunakan taksi atau ojek online. Estimasi harga 150-200 ribu jika menggunakan ojek online dari nagoya, tergantung lokasi masing - masing. Fasilitas yang ada disana berupa tempat parkir mobil dan motor, jajanan juga banyak di dalamnya, ada minimarket, bakery dan kue untuk oleh2. Kalo yang belum sempat sarapan juga tersedia warung nasi di dalamnya di dekat tempat penjualan tiket dan morning bakery. Pemberangkatan skitar tiap 30 menit sekali ya, mohon dapat di koreksi jika ada yang salah. Harga tiket ke Tj pinang 80ribuan bgitu sebaliknya dari Tj pinang ke punggur Batam. Smoga layanan yg ada di pelabuhan semakin bagus sehingga pengunjung merasa nyaman dan aman."
Telaga Punggur,Syam Andi,3,setahun lalu,"Aturan kurang ketat dalam pembelian tiket,, masih banyak calo yg dpt membuat kapal over kapasitas.. semoga kedepannya lebih baik dan teratur.."
Telaga Punggur,midnight owl,4,4 tahun lalu,"tempat yg bikin haru setelah bandara! fasum seperti toilet nya bersih, jadi nyaman bgt!"
Telaga Punggur,Muhammad Fadl Insani,5,8 tahun lalu,"Pelabuhan kapal Ferry untuk angkutan penumpang saja, yang menghubungkan kota Batam dengan kota-kota lain di wilayah provinsi kepulauan Riau. Baru direnovasi jadi lebih megah, namun proyeknya belum 100% selesai, malah terhenti."
Telaga Punggur,Rosa Lisda,4,3 tahun lalu,"Turun dari bandara kami langsung ke sini. Karna mau menyeberang ke Tanjung Pinang. Karna kami tibanya tengah hari, jadi lapar, makan dulu. Baru berangkat."
Telaga Punggur,Anindita Maharani,5,5 tahun lalu,"Tempat parkir luas, tiket bisa dibeli kapan saja & bisa menunggu keberangkatan sambil ngopi cantik di morning bakery-nya"
Telaga Punggur,Suryani Lataka (Are),5,2 tahun lalu,Dermaga yang selalu bikin happy kalau sudah otw ke kampung Dabo Singkep dengan misi ketemu Nyokap kesayangan🥰
Telaga Punggur,Yana Puspita,2,7 bulan lalu,"Pertama ke sini karena pindah tugas, bawa barang pindahan, jelas banyak. Dari depan sampe kapal sejauh itu gak ada troli sebiji biji. Padahal itu hal utama dalam sebuah layanan transportasi publik seperti pelabuhan kapal penumpang. Toilet cukup bersih tapi gak ada tissue. Pas mau masuk ruang tunggu diburu buru udah kayak ngantri sembako. Jeda antara masuk ruang tunggu dan ke kapal serta kapal berangkat terlalu mepet. Entah karena ini long weekend mungkin. Padahal ini sumber income daerah yg besar tapi kurang maksimal dikelola. Mudah2n bisa lebih baik."
Telaga Punggur,uli manalu,5,3 tahun lalu,Pelabuhannya bersih. Luas. Nyaman. Aman. Banyak stand penjual makanan dan minuman. Ada kopi O dan Morning Bakery juga.
Telaga Punggur,Hermes Brahmana,5,sebulan lalu,Nyaman tempatnya ... Mudah dan lengkap petunjuknya.. petugasnya ramah
Telaga Punggur,Ricye Vy,4,Diedit 3 tahun lalu,"Aku pas kesini kebetulan pagi-pagi banget, waktu itu mau nyebrang naik kapal pertama ke Pulau Bintan, dan beruntungnya aku bisa melihat sunrise."
Telaga Punggur,Lisa Vivianti,4,setahun lalu,Biasa aja tapi kurang petunjuk arah untuk kapal kedatangan kemana kemana. Harus bertanya ke petugas
Telaga Punggur,Indiana Namaul Husnah,2,setahun lalu,akses taksi/taksi online sulit kurang palang petunjuk jalan untuk akses masuk bagi motor
Telaga Punggur,Ummi Intani Hasibuan (Little Ifaf),5,3 tahun lalu,"Bagus tempatnya, bersih, luas.. Pelayanannya juga bagus banget.. Kapal kapalnya juga bagus, modern. Sepanjang perjalanan di kasi tontonan film gtu jd gak bosen.. Kmren perjalanan batam-karimun ombaknya tenang bgt"
Telaga Punggur,Maman Doni,5,5 tahun lalu,Nyebrang menyenangkan nih pelabuhan.. pelayananya ramah tetap menjaga protokoler kesehatan.. asyik bener lautnya.. 😎😎
Nongsapura,Biston Nasution,5,setahun lalu,"Nongsa Terminal adalah pelabuhan yg nyaman dan asri, lingkungannya tenang dan terdapat fasilitas yg baik seperti : cafe, money chager, gallery, shop, counter oleh-oleh, clinic, musolla dll. Tanggapan dari pemilik setahun lalu Terima kasih atas review positifnya. Semoga nyaman menggunakan fasilitas kami."
Nongsapura,Tommy,5,5 tahun lalu,"Salah satu pelabuhan Internasional di Pulau Batam yang melayani perjalanan dari dan ke pelabuhan Tanah Merah di Singapura dengan waktu tempuh ±30 menit, pelabuhan Nongsapura adalah pelabuhan yang cukup asri dengan suasana alamnya, kebersihan juga sangat terjaga di pelabuhan ini. Untuk transportasi umum tersedia Taxi tapi untuk transportasi masal agak terbatas karena memang agak jauh dari pusat keramaian. Pelabuhan ini cukup dekat dari Bandara Internasional Hang Nadim dengan waktu tempuh ±10 menit"
Nongsapura,Tari,5,5 bulan lalu,10 miniutes from Batam Hang Nadim AirPort. 30 minutes ferry from Batam to Tanah Merah Singapore. Than from there only 10-15 minutes to Changi AirPort. Best Ferry Terminal in Batam - Indonesia👍👍👍
Nongsapura,Reza Maha,5,8 bulan lalu,"Nongsapura.. Rencana rute baru Nongsapura ke Pasir Gudang, Johor (sedang trial). Semoga terealisasi"
Nongsapura,tammy,5,7 tahun lalu,Pertama kali nyobain nyebrang dr batam ke singapura lewat nongsa.. dan ternyata lebih cepet dan lebih nyaman krn sepi.. sekapal cuma ber 5 penumpangnya 😀😀😀
Nongsapura,Norma faulina,5,Diedit 8 tahun lalu,Pelabuhan ferry rute Batam-Tanah Merah Singapore. Pelabuhan masih asri. Pelayanan staff pelabuhan ramah. Hanya tersedia ferry Batam fast.
Nongsapura,Wibi Dotdot,5,setahun lalu,"Tempatnya tenang , nyaman & sejuk..."
Nongsapura,Nur Afifah,5,Diedit 8 bulan lalu,"Pelabuhan yg dekat dari rumah. Tempatnya bersih, tidak terlalu ramai"
Nongsapura,Pojok Creepy,5,6 tahun lalu,"Keren, untuk akses dan tempat mudah dijangkau walaupun butuh waktu lebih untuk kelokasi"
Nongsapura,Dilla Afrida,5,Diedit 4 tahun lalu,Pelabuhan didalam resort dan golf..sangat asri.
Nongsapura,Tiaalestarii,5,2 tahun lalu,"Tempat nyaman untuk bersantai sejenak saat lelah diperjalanan. Airnya cantik warna hijau tosca, jembatannya juga cantik , jalanan relatif sepi. Pastikan parkir kendaraan di tepi jalan sebelum jembatan agar tidak mengganggu pengguna jalan yaaa. Jangan lupa untuk membuang sampah pada tempatnya. Jangan fibuang ke laut/jalan. Kalo gada tempat sampah, sampahnya bawa pulang!🙏👍"
Nongsapura,BUDI PUTRA,5,5 bulan lalu,Tempatnya bersih dan nyaman
Nongsapura,Noraini Rj,5,setahun lalu,"Lingkungan Asri, staff yang ramah, ada kantin, money changer, shop, counter oleh-oleh, dekat dengan resort dan lapangan golf. Tanggapan dari pemilik setahun lalu Terima kasih atas review positifnya"
Nongsapura,Santi Uniba,5,setahun lalu,"Pelabuhan yg aman,nyaman ,asri jauh dari kebisingan kota,cocok untuk berpergian ke Singapore karena tidak terlalu ramai.😁😁 Tanggapan dari pemilik setahun lalu Terima kasih atas review positifnya"
Nongsapura,Hermawan Lubis,4,9 tahun lalu,"Terminal yg dapat ditempuh dalam waktu 10 menit dari Bandara Hang Nadim AirPort di Batam dan satu-satunya terminal ferry di kawasan wisata eksklusif di Nongsa Batam yang dekat dengan Resort Turi Beach, Nongsa Point Marina, Nongsa Village, Montigo Resort, Batam View Beach Resort dan Tamarin Santana Golf courses, Palm Springs dan Tering Bay."
Nongsapura,Azwir Azwir,3,6 tahun lalu,Karena disini layanan imigrasinya cepat karena penumpangnya tak begitu ramai dan kalau kita mau ke airport cangi pasilitas b us nya ada untuk kecangi dari tanah merah Singapore
Nongsapura,rafli naldi,5,4 tahun lalu,Sore hari ini disini enak jg buat nenangin pikiran
Nongsapura,Bambang Murjito,5,setahun lalu,Pelabuhan yg natural dan konsep yg alami
Nongsapura,Te Anunto,5,3 tahun lalu,"Penyebrangan yang memiliki fasilitas cukup lengkap seperti ada kantin, Mosholah dan toko oleh-oleh"
Nongsapura,mambo 5,5,10 tahun lalu,Dulu disIni tmpat saya bermain dan menikmati tempat peNinggalan para leluhur saya... Sembari berenang di sungai ini... Yg mempunyai nama mau tau kisah nya hub saya asskum trima kasih
Nongsapura,Egis Surya Septi,5,setahun lalu,"Sangat terhiburrr, serta seruuu mantep polll"
Nongsapura,Kiky Rompiz,5,Diedit 7 tahun lalu,Tempatnya udah lumayan standar internasional lah...Pelabuhan Tanah Merah adalah satu pelabuhan yg bisa di lalui melalui Ferry yg ada di pelabuhan Nongsa ini
Nongsapura,Gatot Surahman,4,9 tahun lalu,Ferry terminal yg jauh dari pusat keramaian. Biasanya banyak dipakai para ekspatriat jadi relatif lebih sepi dibanding fery terminal .
Nongsapura,Gatri Pamuji,5,3 tahun lalu,luarbiasa
Nongsapura,alicamakaroni Channel,5,2 tahun lalu,"Asri, bersih,"
Nongsapura,Paska Rio Siregar,5,7 tahun lalu,"Sangat bersih, udara jauh dari polusi dan punya pemandangan alam yang bagus."
Nongsapura,Gozly Sukry,5,3 tahun lalu,Vew nya bagus banget
Nongsapura,edward Firmanhasyim,5,4 tahun lalu,Sangat mengagumkan perjalanannya
Nongsapura,Cahyani Gita,5,8 bulan lalu,Pelabuhannya bersih dan nyaman
Nongsapura,Winta Nostavia,4,8 tahun lalu,"Nyaman dan tidak begitu rame, ada wifi gratis lagi saya suka"
Nongsapura,Yuven Rinto,5,8 bulan lalu,"Pelabuhan nyaman,bagus,berzih"
Nongsapura,Afri Yosman,4,5 tahun lalu,Terminal Ferry ini adalah salah satu pintu masuk ke kota Batam yang berada di daerah Nongsa Batam Kepulauan Riau
Nongsapura,Heru Setiawan,5,8 tahun lalu,"Terminal ferry ke singapura, keuntungannya dekat dengan resort-resort terkenal di batam tapi jauh dari keramaian batam"
Nongsapura,Rere Chan,4,5 tahun lalu,Bisa kirim barang dari Spore ke batam.. Tapi Jauhnya minta ampun..🤪
Nongsapura,Nara Dewa,5,5 tahun lalu,"good ferry port connecting Nongsa in Batam to Tanah Merah in Changi, Singapore"
Nongsapura,husriadi adi,5,setahun lalu,GM(pak Gazali) Nongsapura mantap
Nongsapura,Soraya Perucha,3,7 tahun lalu,Terlalu jauh dan jalan kedalamanya menyeramkan...gelap dan sepi
Nongsapura,M D,4,Diedit setahun lalu,"Cocok bagi yg ingin transit via changi Airport Tanggapan dari pemilik setahun lalu Terima kasih atas review positifnya, semoga Anda selalu nyaman menggunakan fasilitas dan pelayanan kami."
Nongsapura,Dodi Rahman,5,6 tahun lalu,Asri dan Nyaman
Nongsapura,Abdhakim03,4,3 tahun lalu,Areal nya sangat sejuk karena banyak pepohonan
Nongsapura,San,5,7 bulan lalu,Bagus
Nongsapura,Hendry Thandriano,5,8 tahun lalu,Suasana Terminal Ferry yg melayani keberangkatan keluar negeri .
Nongsapura,Meva Tri Kumala Dewi,4,8 tahun lalu,Tempatnya manis untuk viewnya banyak hijauan adem....
Nongsapura,Fatma vhey,3,Diedit 6 tahun lalu,Ferry terminal yang dekat kalo mau ke resort di daerah nongsa
Nongsapura,Ruben Rompis,5,6 tahun lalu,Tempatnya terpencil dan gak ada angkutan umum
Nongsapura,Mas Wahono,5,5 tahun lalu,"Semoga Corona lekas Bubar, dan Pelabuhan ini lekas lancar"
Nongsapura,Hita Prasasya,5,2 tahun lalu,"Bagus sepi,, pelayanan lancar"
Nongsapura,Wahidin Ocil,5,2 tahun lalu,Bersih rapih ada mushola juga
Nongsapura,Citra Larasati YaFi,5,6 tahun lalu,"Bersih, dan nyaman. Banyak turis dari korea."
Nongsapura,Rick,5,6 tahun lalu,Hassle free immigration. 35 min from Tanah Merah
Nongsapura,Rinaldi Sinaga,3,4 tahun lalu,Terminal Ferry Nongsa menuju ke Singapura
Nongsapura,Kristian Rambe,3,7 tahun lalu,habis main golf langsung ke Singapore
Nongsapura,hasan sitaurus,5,8 tahun lalu,Pelayanan ramah tempat bersih dan nyaman..
Nongsapura,Aulia Farabi,4,8 tahun lalu,Sepi. Lokasi tidak sibuk. Fasilitas baik
Nongsapura,Roni Pandani,4,3 tahun lalu,Terminal bersih
Nongsapura,Ahmad Fauzi,5,8 tahun lalu,Shuttle Bus jemput dan atar tamu
Nongsapura,Adam Putu Jose,5,8 tahun lalu,Pelabuhan Terkeren. Batam To Singapore or Singapore To Batam
Nongsapura,Hok Eng Tjan,5,4 tahun lalu,Layanan sangat Ok
Nongsapura,Taufik Taufik,5,setahun lalu,Bebas parkir
Nongsapura,Hilda Mi,5,9 tahun lalu,Alami...Nyaman n tenang
Nongsapura,Mas Udri,4,7 tahun lalu,salah satu pelabuhan ferry di batam
Nongsapura,Twin H,4,9 tahun lalu,Tanah merah to batam [ nongsa pura ]
Nongsapura,Bunda Jihan,4,8 tahun lalu,Pernah ikut bazar di tempat ini
Nongsapura,Juny Agnes,5,3 tahun lalu,Bersih dan asri...adem...
Nongsapura,Sabar Purwanto,5,5 tahun lalu,Bukan main..mantaaap
Nongsapura,Yogi Second,5,8 tahun lalu,Bagus tempatnya
Nongsapura,antok aremania,4,3 tahun lalu,Untuk santai oke punya
Nongsapura,Zulfikar BatamIsland,5,8 tahun lalu,Nyaman damai tenteram..
Nongsapura,Nawri Irwan,5,4 tahun lalu,Terbaik
Nongsapura,Darno Laksono,4,13 tahun lalu,Disini
Nongsapura,RATNA ATHZ,5,6 tahun lalu,Pelabuhan ferry batam singapur...
Nongsapura,Tjondro Sutanto,4,9 tahun lalu,Titik transit ke Singapore
Nongsapura,Kapten. Amerika,5,8 tahun lalu,Jalur penyebrangan singapore
Nongsapura,Jax Xeno,3,6 tahun lalu,Dekat dengan nongsa resort
Nongsapura,TAY WAE,5,6 tahun lalu,Bagus tempatnya
Nongsapura,mega motovlog,5,4 tahun lalu,Cakep bngtttttttt
Nongsapura,Trifaz Chanel,5,7 tahun lalu,pelabuhan nongsapura
Nongsapura,Irwan S,5,4 tahun lalu,Indah
Nongsapura,XI ANI_23 M FAJAR SANDI,5,3 tahun lalu,Keren
Nongsapura,Yusuf Arifin,5,6 tahun lalu,Mantap
Nongsapura,Muhammad Arian Fauzie,4,Diedit 8 tahun lalu,Pelabuhan yang bagus.
Nongsapura,Ulil Aritonang,5,10 tahun lalu,"klasik,menarik,energik"
Nongsapura,Agus Rianto,5,8 tahun lalu,Nyaman
Nongsapura,dean dean,5,8 tahun lalu,Sibuk
Nongsapura,Arep editz,4,9 tahun lalu,kren
Nongsapura,Bg dik chanel,5,5 tahun lalu,Mantab👍👍👍
Nongsapura,RossyIkhwandS7Naga IkhwanD.S7Naga,5,8 tahun lalu,Menyenangkan
Nongsapura,Abin meang,5,6 tahun lalu,Keindahannya
Nongsapura,poppy purnama,5,7 tahun lalu,Keren
Nongsapura,Yanti tri Shandi,5,4 minggu lalu,"🚢 Pelabuhan feri langsung ke Singapura (Tanah Merah), hanya 45 menit — paling dekat untuk wisatawan dari SG 🏖️ Pantai Nongsa yang tenang & alami — dijuluki ""Little Bali"", pemandangan laut lepas & sunset cantik 🏨 Kawasan resort mewah & villa eksklusif — Montigo, Turi Beach, Batam View, semuanya dekat pelabuhan ⛳ Golf kelas dunia — 3 lapangan besar di sekitar: Palm Springs, Tering Bay, Tamarin Santana 🌅 Suasana damai & tidak ramai — jauh dari hiruk-pikuk kota, cocok buat healing & liburan keluarga 📍 Lokasi strategis — 15 menit dari Bandara Hang Nadim, akses mudah ke semua resor di Nongsa"
Nongsapura,putra Al qarni muharam,5,sebulan lalu,"Bagus banget, recommended pokoknya"
Nongsapura,Muhammad Akbar,5,8 tahun lalu,Keren
Nongsapura,JLC J,5,4 bulan lalu,"Saya ingin menyampaikan apresiasi tulus saya kepada Eddie dan seluruh tim keamanan atas kejujuran, tanggung jawab, dan kebaikan mereka dalam membantu menemukan kartu saya yang hilang. Alih-alih salah menaruhnya, menggunakannya, atau membuangnya, tim dengan hati-hati menyimpannya di pos penjagaan sampai saya berhasil mengambilnya. Integritas dan kepercayaan seperti itu sungguh langka dan sangat dihargai. Saya merasa sangat bersyukur dan diberkati mengenal orang-orang yang begitu bijaksana, bertanggung jawab, dan dapat diandalkan. Terima kasih khusus kepada Eddie, yang telah saya kenal paling lama selama bertahun-tahun, karena selalu tulus, membantu, dan dapat diandalkan. Sekali lagi terima kasih kepada Eddie dan seluruh tim keamanan atas profesionalisme dan kejujuran Anda. Tindakan Anda benar-benar mencerminkan karakter dan dedikasi yang hebat. Tuhan memberkati! ✨️🤍✨️ Diterjemahkan oleh Google ・ Lihat versi asli (Inggris)"
Nongsapura,Alvin Lim,4,setahun lalu,"Terminal Feri Nongsapura di Batam, Indonesia, adalah gerbang yang terorganisir dengan baik dan efisien bagi para pelancong yang menuju Singapura atau pulau-pulau terdekat . Terminal ini relatif bersih, dengan fasilitas dasar seperti area tunggu, kios makanan ringan, dan toilet, meskipun akan lebih baik jika tersedia lebih banyak tempat duduk dan perawatan yang lebih baik. Proses imigrasi dan boarding umumnya lancar, tetapi pada jam sibuk antrean bisa lebih panjang. Lokasi terminal menawarkan pemandangan tepi laut yang indah, menambah sentuhan menyenangkan pada pengalaman menunggu. Meskipun tidak semodern beberapa pusat feri internasional, Nongsapura berfungsi secara efektif untuk perjalanan jarak pendek. Perbaikan pada papan petunjuk dan layanan pelanggan dapat meningkatkan pengalaman secara keseluruhan. Diterjemahkan oleh Google ・ Lihat versi asli (Inggris)"
Nongsapura,Eileen Teo (ET Speaks From Home),3,setahun lalu,"Sangat panas di sana karena tidak semua kipas angin menyala. Ada banyak toko yang menjual oleh-oleh sebelum pergi. Tidak dapat terhubung ke WiFi mereka. Stafnya ramah. Diterjemahkan oleh Google ・ Lihat versi asli (Inggris) Tanggapan dari pemilik setahun lalu Terima kasih atas masukan Anda! Kami dengan tulus meminta maaf atas ketidaknyamanan yang disebabkan oleh masalah suhu dan Wi-Fi selama kunjungan Anda. Yakinlah, kami sedang berupaya memastikan semua kipas angin berfungsi untuk lingkungan Diterjemahkan oleh Google ・ Lihat versi asli (Inggris)"
Nongsapura,Hiroshi Muhhammad Hiroshi Omar Malik,5,5 bulan lalu,"Terminal Feri Internasional Terbaik di Batam. Cara terbaik untuk pergi ke Batam dari Singapura. Pelayanan cepat dan prima. Stafnya juga sangat sopan dan membantu. Di sekitarnya terdapat banyak resor, hotel, dan lapangan golf. Diterjemahkan oleh Google ・ Lihat versi asli (Inggris)"
Nongsapura,L S,5,4 tahun lalu,"Pelayanannya sangat baik dan para petugas serta pengemudi yang ditugaskan di feri sangat sopan dan membuat Anda merasa sangat aman bahkan bagi seorang wanita yang bepergian sendirian. Terdapat gerai diskon Polo Ralph dan kafe 7 hari seminggu (sampai jam 6 sore) dengan berbagai macam makanan, kopi, dan minuman favorit Indonesia. Feri favorit saya di Batam. Diterjemahkan oleh Google ・ Lihat versi asli (Inggris)"
Nongsapura,SC Oei,5,2 tahun lalu,Terminal feri yang santai melayani daerah tersebut. Terminal terletak di sungai yang tenang. Tidak ramai. Staf ramah. Sebaiknya datang lebih awal untuk bersantai sejenak di kafe sebelum keberangkatan. Diterjemahkan oleh Google ・ Lihat versi asli (Inggris)
Nongsapura,shruthi kishore,3,8 tahun lalu,"Terminalnya tidak bersih dan sangat kecil. Jika feri berangkat larut malam, banyak nyamuk. Tapi mereka punya area tunggu. Petugas imigrasi ramah. Mereka bisa meningkatkan perawatan. Terminalnya terlihat sangat tua. Tapi semua resor memiliki layanan antar-jemput dari terminal Nongsapura. Mereka mengenakan biaya 10.000 IDR untuk setiap bagasi yang dititipkan. Mereka tidak menyediakan layanan check-in gratis untuk penumpang. Diterjemahkan oleh Google ・ Lihat versi asli (Inggris)"
Nongsapura,eVa,3,4 tahun lalu,Batamfast adalah satu-satunya penyedia feri di sini. Anda hanya bisa meninggalkan terminal melalui layanan antar-jemput yang disediakan oleh resor. Tidak ada Grab atau mobil lain di sini. Ini adalah tempat terpencil. Diterjemahkan oleh Google ・ Lihat versi asli (Inggris)
Sekupang,Edy wijaya,1,3 bulan lalu,"Kejadian kemarin saat saya hendak pulang dari Batam ke Selat Panjang melalui Pelabuhan Sekupang. Saat tiba di pelabuhan, saya menuju konter yang jelas-jelas bertuliskan “Dumai Line” untuk membeli tiket. Setelah membayar dan menerima tiket, saya heran karena tiket yang diberikan ternyata bertuliskan “Batam Jet”. Saya kemudian bertanya kepada petugas, “Kok Batam Jet? Saya mau naik Dumai Line.” Namun petugas tidak menjawab pertanyaan saya dan hanya mengatakan, “Kapal besar.” Saya kembali menegaskan bahwa saya ingin tiket Dumai Line, tetapi petugas hanya diam. Lalu petugas lain mengatakan bahwa uang tidak bisa ditransfer kembali karena pembayaran sudah dilakukan. Untungnya akhirnya uang saya dikembalikan secara tunai. Setelah itu saya membeli tiket di konter Dumai Line yang sebenarnya, yang berada tepat di sampingnya, dan mendapatkan tiket yang sesuai. Yang membuat saya semakin kesal, ternyata orang tua saya pernah mengalami kejadian serupa. Karena tidak terlalu mengenal tulisan, mereka baru mengetahui tiket yang dibeli bukan Dumai Line saat sudah hendak naik kapal dan diberitahu oleh petugas. Saya sebenarnya tidak berniat memposting hal ini. Namun karena kejadian yang sama juga dialami oleh orang tua saya, saya merasa perlu menyampaikan keluhan ini. Mohon kepada pihak Pelabuhan Sekupang untuk menindaklanjuti dan mengawasi praktik seperti ini agar tidak ada lagi penumpang yang mengalami kebingungan atau dirugikan, terutama orang tua dan penumpang yang kurang memahami perbedaan loket maupun nama operator kapal. Terima kasih."
Sekupang,ilham akbar,5,setahun lalu,"Terminal yg cukup luas, nyaman, ruang tunggu nya luas. Makanan dan minuman tersedia diruang tunggu. Ada port charger jg. Sistem penjualan tiketnya juga teratur dan tertib. Ada taksi jg. Ojol gaboleh masuk ya, nganter boleh. Jujurly lebih murah naik ojol sih kmrn dari nagoya, cuma sesekali berbagi rezeki dgn bapak kang taxi."
Sekupang,Rndr,1,5 bulan lalu,Terminal kedatangan tercium bau asap rokok Sepertinya petugasnya tidak tertib dalam menjalankan KTR (Kawasan Tanpa Rokok) untuk wilayah publik/umum seperti pelabuhan Kasihan sekali penumpang seperti saya jadi korban keegoisan orang2 tidak bertanggung jawab
Sekupang,Andi Muh Rasyad Alfarizqi,5,10 bulan lalu,"pelayanannya tiket ramah, bersih ruang tunggu nya bersih dan adem"
Sekupang,Aditiya Variza,5,Diedit setahun lalu,"Terminal Feri Sekupang merupakan salah satu pelabuhan utama di Kota Batam yang melayani transportasi laut domestik dan internasional. Terletak di kawasan Sekupang, pelabuhan ini terbagi menjadi dua bagian, yaitu terminal domestik dan terminal internasional. Terminal domestik melayani rute antarpulau seperti ke Karimun, Tanjung Balai, Dumai, dan pulau-pulau di wilayah Riau , sementara terminal internasional melayani rute cepat ke Singapura dan Malaysia dengan waktu tempuh sekitar 45 menit. Fasilitas di Terminal Feri Sekupang tergolong lengkap dan modern. Di dalamnya tersedia ruang tunggu berpendingin udara, loket tiket yang tertata rapi, area makan dan kafe, layanan money changer, ATM, serta musholla. Tersedia juga layanan transportasi darat seperti taksi resmi dan parkir kendaraan yang luas. Terminal internasionalnya bahkan dilengkapi dengan business lounge, Wi-Fi gratis, serta sistem imigrasi yang cepat dan efisien, menjadikannya alternatif favorit bagi penumpang yang ingin menghindari keramaian di pelabuhan Batam Centre. Selain fungsi utamanya sebagai pelabuhan penumpang, Terminal Feri Sekupang juga menjadi wajah kota Batam bagi wisatawan mancanegara. Dengan tampilan bangunan yang modern dan bersih, serta layanan yang semakin profesional, terminal ini memainkan peran penting dalam mendukung sektor pariwisata dan mobilitas masyarakat. Letaknya yang strategis di dekat kawasan pemukiman seperti Tiban, Batu Aji, dan Tanjung Riau juga menjadikannya pelabuhan pilihan bagi warga lokal maupun pelancong."
Sekupang,Andriawan,5,8 tahun lalu,"Sekarang pelabuhan ini sudah dirapikan. Cukup bersih walau masih terlihat beberapa tempat masih dalam tahap perbaikan dan pembangunan. Pelabuhan ini sudah tidak seperti saat dua tahun lalu kesini yang masih terlihat banyak sekali penjual tiket yang sangat semrawut. Semoga ke depan semakin baik lagi dalam segi pelayanan, keamanan untuk para pengunjung dan juga fasilitas publik yang bersih dan nyaman."
Sekupang,Dedi Anwar,5,3 bulan lalu,Sangat nyaman perinya tujuan saya tanjung balai karimun
Sekupang,Ko Ing & Ci Win,4,3 tahun lalu,"Pelabuhan Ferry penghubung P Batam dgn Dumai, P Tj Balai Karimun dll. Ruang tunggu cukup nyaman dan dermaga yg kokoh."
Sekupang,IRVAN AZIZI,4,4 tahun lalu,"Salah satu pelabuhan terbesar di Batam. Rute menuju Pulau-pulau kecil di sekitar Provinsi Kepulauan Riau maupun Provinsi Riau. Tempanya bersih nyaman. Fasilitas lengkap ada Mushola, Kamar Mandi, Lift, Eskalator, Ruang Tunggunya juga luas. Ada juga tempat jual oleh oleh. Pokoknya mantap. Semoga semakin baik 👍"
Sekupang,welly anggoro,5,3 tahun lalu,Pelabuhan kapal menuju beberapa pulau terdekat dengan pulau batam. Ramai saat jam kerja.
Sekupang,Rudy Samosir,5,5 bulan lalu,"Salah satu pelabuhan untuk menuju tanjung balai karimun, dengan tempat yg bersih dan suasana nyaman"
Sekupang,Ririn Raesah,5,10 bulan lalu,"Tempatnya bersih, petugas imigrasinya ramah2, aku sering naik majestic fast ferry. Atm nya rusak ya gaes di sini, tpi taxi dari sini drivernya mau ko kalo suruh berhenti di atm. Ramah2 jg drivernya. Aman jg kalo taxi dari terminalnya. ❤️"
Sekupang,v'jazzy tri,5,7 tahun lalu,Pelabuhannya sangat bersih..fasilitas lengkap ada mushola & toiletnya sangat bersih...
Sekupang,Ichbal Pangestu Wibowo,4,2 tahun lalu,Sepi. Semoga kedepannya semakin ramai
Sekupang,Kodrat Suandageni,4,9 tahun lalu,Pelabuhan baru sudah beroperasi. Luas nyaman sejuk. Ruang tunggu lebih luas langsung menghadap laut.
Sekupang,Rekso pang,5,4 bulan lalu,Sudah ada grab point
Sekupang,Elia Wardani,3,5 tahun lalu,"Pemandangan cantik, tapi toilet dan penataan pedagang masih jauh dari kata rapi dam bersih"
Sekupang,Gerhana Ml,4,6 tahun lalu,Udah mulai bagus.. fasilitas yg dibuat untuk umum udah ok
Sekupang,Haris Hamdani,4,8 tahun lalu,Sedang tahap pembangunan. Jadi berasa makin keren.
Sekupang,Wahyu Ridarto,5,3 tahun lalu,"Pelabuhan Sekupang berangkat ke Guntung ada beberapa kapal : Rahmat Jaya, Mega Fajar, Marina dan Carorina."
Sekupang,Rio Ekas,5,4 tahun lalu,Tempat bersih dan nyaman.. Kekurangan halte damri terlalu jauh di luar area pelabuhan
Sekupang,Ph j,5,7 tahun lalu,"Terminal ferynya ga semrawut ,bersih dan relatif sunyi dibanding terminal fery d batam ."
Sekupang,Muhammad Sanie,4,setahun lalu,"Udah mulai nyaman, tidak ada lagi yg teriak-teriak nawarin tiket. Tapi pas boarding masih teriak-teriak, bukan petugas resmi yg manggil via speaker."
Sekupang,Muhammad Jihan Akbar,5,3 tahun lalu,"Pelabuhan bagus, kapalnya banyak, bersih."
Sekupang,Hendri Kurniawan,4,setahun lalu,"Pelabuhan yg melayani domestik dan internasional.asional.(spore),pada waktu ya pelabuhan domestik Sekupang sangat Rai penumpang yg melayani rute Kuala Tungkal,bahkan Palembang tapi mungkin saat ini sudah terhenti dikarenakan ada alternatif perjalanan melalui udara atau pun dgn Roro,tapi Fery antar pulau Mash berlangsung ,baik ke Tj balai,selat panjang,Bengkalis Dumai dan bebepa pulau .."
Sekupang,SRC AMALINA,4,7 tahun lalu,"Hampir sampai di Pelabuhan ferry Sekupang Batam, penumpang sudah tak sabar mau turun dan ingin segera sampai rumah."
Sekupang,amir h P,1,2 tahun lalu,"Tiket ferry yg mahal dan pemesanan yg masih manual, sepertinya blm bisa mengikuti jaman online sekarang ini. Sangat terlena dgn zona nyaman. Mudah2an kedepan bisa melakukan terobosan baru utk mempermudah pemesanan tiket secara online. Utk transportasi dari tempat ini masih harus memesan taxi konpensional, utk taxi online blm bisa jemput penumpang dikarenakan status taxi pangkalan yg utk tarif masih terbilang MAHAL. Lagi2 hanya bilang, mudah2an taxinya berubah menjadi lebih baik mengikuti zaman."
Sekupang,Daniel kok san,5,setahun lalu,"Pelabuhan Ferry Domestik dan International. Tertip, rapi, bersih. Mohon diperhatikan tempat parkir mobil masih kurang pohon pelindung, semoga kedepannya ada penanaman pohon pelindung sehingga ada penghijauan dan ada teduh dari panas."
Sekupang,Ferri Aguswan,4,8 tahun lalu,Pelabuhan domestik makin bagus dan tertata
Sekupang,Indra Pemana,4,setahun lalu,Lumayan tertata dan bersig
Sekupang,Husnul Khotimah Setiacahyandari,1,3 tahun lalu,"Pertama kali dari Singapore ke Batam melalui pelabuhan ini dan ngga mau lagi kesini. Pelayanan sangattt jelek, koper-koper yang di bagasi kapal ketika sudah sampai pelabuhan langsung di ambil sama porter tanpa sepengetahuan penumpang & langsung ditaro di luar pintu kedatangan. Ketika kami ambil koper-kopernya dimintain uang Rp.10,000 per koper dan lagi itu TANPA PERSETUJUAN KAMI untuk menggunakan jasa porter. Yang kedua adalah sulit untuk mencari transportasi taksi online dan harus keluar pelabuhan dulu untuk pesan taksi online. Yang terakhir petugas pelabuhan sama sekali tidak memberikan arahan dan kurang membantu. Sangat disayangkan karena ini salah satu pelabuhan yang banyak menerima warga asing tapi pelayanannya seperti ini."
Sekupang,Muhammad Hafidz Suyuti,1,3 tahun lalu,"Mengecewakan oknum taksi disitu, saya hanya diam berjalan menuju transbatam dikata katain ""sombong"", ""masa naik bis"" menggambarkan fasilitas dan sikapnya tidak sebanding dengan harga yang ditawarkan seolah taksi lebih baik dibanding transportasi umum. konsumen punya hak memilih transportasi yang hemat dan nyaman. kalau bisa ditertibkan lagi mengenai cara taksi menawarkan fasilitasnya kepada pengguna jalan, jangan sampai membuat tidak nyaman."
Sekupang,Joni Syafrizal,3,setahun lalu,"Terlalu banyak pemeriksaan tiket, melebihi bandara, porter juga tidak ada tabel harga yg pantas"
Sekupang,aeriakd,5,3 tahun lalu,"Fasilitasnya bagus, pengorganisasian penumpang saat hendak naik kapal juga teratur dan baik. Tempatnya luas dan nyaman. Parkir tersedia, dan view nya juga bagus."
Sekupang,auu gallery31,1,setahun lalu,"Fasilitas yg skrg ga bagus, toilet kotor , panas, ventilator nya juga ga keurus, tisu gada seperti pelabuhan mati, ga nyaman"
Sekupang,maria ingrid,5,3 tahun lalu,Jika di bandingkan imigrasi di batam dan di Singapore.. Aku bangga jadi orang Indonesia.. Imigrasi di sana kaya kita gak dianggap sederajat kali ya.. Sedih aku.. Cuma imigrasi nya aja yang buat aku trauma sama Singapore. Apalagi ini perjalanan pertama kan.. Keinget terus... Terimakasih petugas imigrasi sekupang
Sekupang,Yan Kurnia Hadi,4,8 tahun lalu,Terminalnya sudah bagus. Pelayanannya pun cepat. Ada lift untuk bawa koper ke lantai 2. Kapal cepatnya banyak yg ga sesuai jadwal. Suka telat. Tapi kenapa taxi di batam itu dibatesin yah. Semacem bluebird ga boleh masuk. Dan taxi yg tersedia disana banyak yg kurang memadai
Sekupang,reklamedia pku,5,3 bulan lalu,Lumayan nyaman
Sekupang,IRMA,4,8 tahun lalu,"Pelabuhan dengan tampilan modern dengan fasilitas yang lengkap. Memiliki taman yang asri tersedia tempat duduk di area taman bisa berlama lama duduk disitu karna selain melihat taman yang indah dan juga menikmati pemandangan laut yang menakjubkan dengan kesibukan lalu lintas lautnya. Pelabuhan ini melayani rute ke Singapore dan Malasya juga beberapa pulau di sekitar batam, cuma memang kalau dari Batam Center agak jauh. Tersedia tempat makan juga cafe. Ada Mushollah juga."
Sekupang,ros daeli,5,8 tahun lalu,"Lumayan bagus. Bisa juga makan siang disini, dan di depannya ada bus TransBatam (harga umum 4000, pelajar 2500rb) jadi ga perlu naik taksi. Biasanya sekupang ini tujuan kapalnya ke tj pinang, karimun, dan ke malaysia."
Sekupang,Randy Tirtasandi,1,8 tahun lalu,"Pelabuhan sangat bagus, staff pelayanan pelabuhan juga bagus, tapi pelayanan porter yang kurang bagus, apa lagi ketua porter depan pelabuhan, kerjanya ngentam harga. Harap petugas bisa melaporkan ke pemda agar bisa dikontrol dan disesuaikan dengan harga yang wajar. Saran dari saya, sebaiknya dibuat kebijakan menimbang barang yang akan dibawakan, lalu per KG nya diberi harga yang sesuai dan tentunga terjangkau, dan harga harus transparan guna membentuk kepercayaan kedua belah pihak. Sekian terimakasih. Tahun besok 2019 saya review lagi. RENDY"
Sekupang,Naganteng,4,6 tahun lalu,Pelabuhan yang bagus. Memiliki alat pendeteksi barang bawaan dan ruang tunggu yang luas. Tersedia tiket berbagai armada kapal. Tapi kebersihan dan taman perlu diperhatikan.
Sekupang,Hermawan Setiabudi,4,3 tahun lalu,"Lumayan bersih dan rapi... Bagi yg baru pertama datang, agar selalu memperhatikan jam keberangkatan boat. Jgn jauh-jauh dr ruang tunggu"
Sekupang,Suhe Aja,5,7 tahun lalu,"Fasilitas pelabuhan yang nyaman dan menjamin keamanan pengunjung, cuma sistem parkir kendaraan bermotor diterminal domestik harap ditingkatkan lagi, apalagi banyak mobil parkir sembarang diarea sekitar drop penumpang..kalo perlu dicopot salah satu bannya jika terus bandel.."
Sekupang,Sabillah Atika,5,3 tahun lalu,Pelabuhan domestik dibatam.
Sekupang,The “Lazyers” Mardian,3,8 tahun lalu,Pelabuhan yang bersih dan nyaman. Pintu keluar masuknya orang yang hendak masuk ke kota batam dan yang hendak keluar dari kota batam menuju pulau pulau disekitarnya atau jarak panjang seperti ke provinsi provinsi di Indonesia. Termasuk yang hendak ke singapura dan malaysia. Tersedia tempat parkir untuk mobil dan motor. Angkutan umum seperti taksi dan ojek juga ada dalam lingkungan pelabuhan. Untuk alternatif transportasi murah juga ada moda sarana trans batam.
Sekupang,Yomi Octiva Saputra,5,5 tahun lalu,Keren
Sekupang,Ima Rahima,4,Diedit 5 tahun lalu,"Terminal ferry domestik dan internasional. Lokasi lumayan jauh dari pusat kota. Suasana sangat ramai. Selama pandemi sudah tersedia antigen ditempat dan hasil lumayan cepat. Loket pembelian tiket ada di lantai dua. Tersedia kios makanan juga seperti kfc, rotio, dan . Kalau untuk terminal internasional sangat tertata dengan baik, mulai dari loket parkir, lokasi parkiraupun terminalnya."
Sekupang,Ali Ahmad (Al),5,2 tahun lalu,"Jika jelek pun tetap di gunakan juga, karna cm pelabuhan ini satu satunya pelabuhan yg ada rute k dumai/bengkalis"
Sekupang,faber pangondian,3,7 tahun lalu,"Sdh bagus fasilitas nya, tapi untuk masuk ke kapal perlu di evaluasi karena harus turun tangga dan cukup jauh ke dermaga, terutama untuk org tua dan anak 2x."
Sekupang,Fredianto Nugroho,4,8 tahun lalu,"Skeupnag ferry terminal, penyeberangan naik ferry ke singapore bisa dilakukan dari sini. Namun jaraknya jauh dari pusat kota Batam. Alat transportasi kesini atau dari sini sekarang ada trans batam, ada beberapa jurusan tapi yang pernah saya pakai jurusan ke arah Batam Center. Jeleknya disini, kita dari singapore negara yang rapi tanpa ada calo untuk transportasi, jadi kita bebas mau pilih transportasi apa saja. Nyampe kesini banyak kali yang nawarin taksi ojek dengan harga diluar nalar. Tapi untungnya sudah ada trans batam, hanya 4000 saja 🚎"
Sekupang,Fantasi Gelap,5,setahun lalu,"Pelabuhan Ferry cepat Sekupang Batam, Kepri."
Sekupang,dian nugraha,1,4 tahun lalu,Cukup bagus sekelas pelabuhan tapi rata-rata penjualan tiket msh manual ketinggalan zaman dengan pelabuhan lain yg sudah digital & kayak pasar counter tiket teriak² manggil pembeli.
Sekupang,Affan Andhana,4,3 tahun lalu,"Terminal penumpang Ferry Domestik Sekupang Batam pelayaran dari Dumai, Tg. Balai Karimun, Tg. Pinang dll. Sudah mulai tertata dan tertib serta kebersihan lingkungan terjaga"
Sekupang,Azra Kamilah,3,setahun lalu,"pelabuhannya tdk nyamannnn, fasilitasnya perlu diperbarui"
Sekupang,Kamila Gemstone,5,7 tahun lalu,Dari pelabuhan sangat mudah mendapatkan trasportasi.. Sy sendiri melanjutkan ke tujuan kawasan Jodoh centre mengunakan Bis Kota dengan ongkos tiket 4.500 rupiah.. murah dan layananya bagus cepat sampainya juga..
Sekupang,Alex Chung,5,2 tahun lalu,Terima kasih kepada pengelola. Sekarang beli tiket jadi lebih mudah via Livin' Mandiri.
Sekupang,Jemmy Maradonna Ferdinand Haurissa,5,4 tahun lalu,"Sudah bagus, seperti bandara, hanya untuk pengambilan bagasi msh blm disempurnakan."
Sekupang,Ann Solo,4,7 tahun lalu,"Pelabuhan yg bagus banget, sudah seperti bandara. Rapid, bersih, ber-AC, lahan parkir teratur. Ada beberapa tempat makan juga."
Sekupang,Siti Qomariah Syafarudin,5,2 tahun lalu,Berkembang sangat pesat banyak perubahan yang terjadi. Terus meningkatkan pelayanan dan fasilitas. Terminal fery yang sangat Bagus.
Sekupang,Batam Private Tours,1,7 tahun lalu,Kenapa ada laki2 di toilet wanita? Kenapa tidak pekerjakan cleaning service wanita saja supaya kami perempuan asli pengguna toilet wanita merasa nyawan dengan cleaning service wanita?
Sekupang,abahnya ifa,5,6 tahun lalu,"Lebih rapih, bersih dan nyaman"
Sekupang,giy. joe,5,2 tahun lalu,bersih.. luas
Sekupang,Margareth Martasya,5,2 tahun lalu,"Bersih, nyaman, gak rame jd smua proses cepat."
Sekupang,Tengku Khairil Ahsyar,5,8 bulan lalu,Tempatnya bersih...
Sekupang,Andhika Utama,5,5 tahun lalu,Melayani kapal ke berbagai rute dengan harga lebih terjangkau karena banyak pilihan kapalnya
Sekupang,Nur Azam,5,4 tahun lalu,Kepada yth. kepala pelabuhan ferry sekupang batam mohon tidak memberi kepada penjual obat² atau pemutih wajah kami sangat terganggu dengan pemaksaan untuk membeli..terima kasih
Sekupang,Hari Sulistio,5,7 tahun lalu,"Pelabuhan sekupang menurut saya memiliki standar pelayanan yang baik, pelabuhannya bersih dan nyaman, petugas kounter tiketnya juga ramah ramah dan kita dilayani dengan baik."
Sekupang,hidayatullah muhammad,4,6 tahun lalu,Pelabuhan Domestik Penghubung Batam-Kepri-Riau Fasilitas yg disediakan sangat memadai dan lengkap + Bersih + Transparan + Nyaman + Aman
Sekupang,Bibin Manalu,5,5 tahun lalu,Bagus domestik dan internasional nya tapi kalau cari gojek atau grab susah harus nunggu busway
Sekupang,Sulfan Efendi,5,setahun lalu,Mobil online bisa masuk jemput penumoang
Sekupang,binsar marbun,5,Diedit 6 tahun lalu,"Kalo mau ke dumai atau ke buton harus lewat sini, harga tiket batam - dumai Rp. 390.000 per tgl 01 nov 2019"
Sekupang,Achilla Azzahra,5,setahun lalu,"Pelabuhan pelayaran di Batam, untuk yang mau melintas ke pulau Sumatera"
Sekupang,Jentiwandes Manalu,4,8 tahun lalu,"Bersih , Rapi dan aman..."
Sekupang,Sukadi Adi,5,2 tahun lalu,Tempat berangkat dan turun penumpang pelabuhan domestik dan internasional
Sekupang,Syam Um Gadhani,4,5 tahun lalu,Datangnya jangan mepet2 jam mau berangkat biar ga ketinggalan
Sekupang,Bintang Utara Putra Medan,4,7 tahun lalu,Kiranya Pelayanan pada saat Penurunan Barang-barang Penumpang lebih Sportif dalam menurunkan dari Ferry.
Sekupang,Lindon Simbolon,5,9 tahun lalu,"Track untuk melaut, gampang untuk belayar.. Siap membelah maut, tetap harus bayar.."
Sekupang,Sayid Khaidir Usman,5,4 tahun lalu,"Pelabuhan bersih, pemandangannya cukup memanjakan,"
Sekupang,aykhen ruri,4,4 tahun lalu,"Bersih, nyaman.."
Sekupang,Yuli 05,5,5 tahun lalu,"Hallo, apakah pelabuhan Sekupang internasional masih buka? Gimana cara saya mau booking tiket ferry?"
Sekupang,Winson Taw,5,4 tahun lalu,"Banyak kapal menuju Riau dan pulau"" terpencil di KepRi"
Sekupang,Aulia Rizky,4,2 tahun lalu,"Besar, bersih, tapi agak kurang teratur."
Sekupang,Bobo Bobo,1,2 tahun lalu,"Ayok lah kek harbour bay welcome sama ojek online ,,,internasional loh"
Sekupang,Muammar Lab,5,7 tahun lalu,Bagus
Sekupang,sundy aditya,4,9 tahun lalu,pelabuhan dalam proses pengembangan yang akan lebih sistematis dari segi perparkiran dan registrasi penumpang domestik
Sekupang,Alvino Syahran,4,3 tahun lalu,maaf min mau tanya klo keberangktn kapal ke tanjung priuk dari sekupang ada ga.?
Sekupang,reza siswanto,5,setahun lalu,Bagus sih
Sekupang,Top martis98,5,5 tahun lalu,Untuk keberangkatan dari Batam ke selat panjang tanggal 03 September ada ga ya?
Sekupang,Ronnie Sinaga (Rfss),1,setahun lalu,Pelabuhan banyak calo. Agen tak jelas

